Off Eff,Def Eff,Bart,Eff Ofg,Eff Dfg,TurnO,TurnD,RebO,RebD,FT%O,FT%D,2%O,2%D,3%O,3%D,3PRO,3PRD,AdjT,WAB,Team_ID,Year
129.3,91.5,0.9816,57.6,44.0,14.1,18.1,35.8,26.3,31.7,25.9,57.6,42.7,38.5,30.7,45.5,37.7,66.3,7.3,150,2025
125.8,89.3,0.981,52.7,45.3,14.6,22.1,36.9,28.7,26.8,35.6,49.3,43.7,39.6,31.6,33.8,43.4,61.6,8.8,248,2025
131.0,94.6,0.9768,56.1,45.6,13.3,17.4,35.1,30.5,33.9,39.1,56.4,46.3,37.2,29.6,40.8,34.4,68.6,12.3,2,2025
125.7,94.7,0.963,54.4,45.1,15.0,17.6,38.0,28.5,31.6,31.6,55.6,45.7,35.2,29.5,43.3,37.0,69.8,8.3,57,2025
128.5,98.0,0.9576,56.5,47.4,16.9,13.6,35.6,29.7,40.9,33.3,59.8,48.5,35.1,30.1,46.7,35.0,75.1,8.3,333,2025
117.6,90.3,0.9542,52.6,44.1,16.3,18.4,35.7,29.4,32.9,27.9,53.1,45.9,34.7,27.9,43.2,45.3,64.3,7.7,2633,2025
125.3,97.0,0.9497,55.8,47.9,15.4,18.1,34.2,28.4,29.2,33.2,55.0,48.0,37.9,31.9,44.0,34.8,66.2,4.7,2641,2025
122.7,96.5,0.9407,52.6,48.1,16.4,17.2,36.9,27.9,37.1,29.4,55.5,47.1,31.6,32.9,35.3,42.1,70.5,4.1,12,2025
124.0,97.6,0.9402,54.7,48.1,14.4,14.6,28.3,26.5,33.9,26.9,56.6,47.4,35.1,32.9,47.5,38.8,67.9,5.2,275,2025
124.6,98.2,0.9392,56.4,47.6,13.5,17.9,33.2,26.3,30.9,28.8,58.2,49.0,35.3,30.4,34.0,40.9,70.5,1.7,2250,2025
125.7,99.1,0.9391,57.6,50.3,17.7,17.2,33.5,24.6,30.0,29.9,59.2,49.3,37.3,34.4,48.0,44.0,67.5,3.7,252,2025
128.1,101.2,0.9376,56.7,50.2,15.2,20.5,33.4,32.2,47.5,34.1,57.3,50.5,37.3,33.2,42.1,37.8,68.4,3.0,142,2025
125.5,99.2,0.9372,57.1,51.7,16.0,18.4,30.9,29.7,34.9,30.6,56.2,56.0,38.9,30.5,38.5,42.4,65.6,4.3,2509,2025
117.7,93.2,0.9357,53.9,48.3,16.8,22.1,32.4,28.4,40.0,28.6,54.6,47.4,35.1,33.2,36.4,39.6,69.1,4.3,66,2025
117.7,93.5,0.9343,54.2,47.3,14.7,19.9,31.0,26.2,32.1,25.7,53.6,47.6,36.8,31.1,35.8,36.0,70.2,3.9,120,2025
116.5,92.6,0.9336,51.0,45.7,16.9,16.4,36.2,24.9,36.7,32.1,54.0,48.1,29.7,28.2,32.2,41.2,68.2,6.6,127,2025
122.5,97.8,0.9307,52.1,46.4,15.8,13.2,36.1,26.6,34.1,27.2,57.4,45.4,30.8,32.4,47.1,30.2,71.7,2.6,356,2025
125.3,100.1,0.9297,56.3,49.9,15.0,14.1,29.2,26.1,34.3,31.1,56.5,53.5,37.3,30.1,42.2,43.8,71.1,4.4,96,2025
112.3,90.3,0.9251,49.5,46.5,15.8,22.0,37.8,29.0,31.3,30.5,51.4,45.0,30.2,32.6,30.8,40.0,70.4,5.6,2599,2025
117.1,94.1,0.9248,51.2,46.4,14.8,17.1,40.2,25.1,31.2,25.5,51.4,45.6,33.9,32.1,33.8,31.6,62.3,4.4,2608,2025
115.1,92.6,0.9244,53.1,45.2,16.9,15.8,29.8,27.7,24.3,27.2,54.0,45.4,34.1,30.0,33.8,41.0,68.9,3.1,2305,2025
119.0,95.7,0.9242,53.8,49.5,16.4,19.0,32.0,27.0,35.4,26.6,57.3,48.9,33.5,33.6,49.2,39.5,69.5,4.3,97,2025
120.8,97.4,0.9229,54.6,49.1,15.5,19.6,33.7,30.0,28.0,27.5,52.6,49.0,38.5,32.9,39.0,38.2,64.5,4.6,228,2025
116.6,94.3,0.9204,47.7,48.4,18.2,20.3,42.2,28.4,40.9,34.8,48.6,47.0,30.8,33.4,37.6,47.5,66.6,5.1,245,2025
117.8,95.6,0.9174,52.9,49.9,16.1,22.8,32.7,29.1,33.3,35.0,53.1,51.5,35.1,32.0,35.7,44.6,65.3,3.1,26,2025
116.8,96.2,0.9031,53.0,44.8,16.9,21.1,36.5,28.8,31.3,37.1,53.9,44.2,34.7,30.6,47.2,35.1,66.8,1.1,2670,2025
116.0,96.0,0.8984,55.4,46.9,20.1,16.5,33.4,30.0,35.3,27.6,58.3,46.5,34.3,31.8,42.4,38.4,70.0,4.2,130,2025
116.5,96.5,0.8969,52.1,49.7,13.3,22.3,30.7,31.1,26.0,29.9,55.1,51.2,32.4,31.7,46.3,40.7,67.9,3.7,269,2025
118.2,98.0,0.8962,51.7,50.0,12.6,20.5,25.3,30.3,35.8,39.5,51.5,50.8,34.7,32.6,40.5,43.6,68.4,4.5,145,2025
116.2,96.5,0.894,52.5,46.9,18.9,18.0,36.1,31.9,39.3,29.8,54.2,47.8,33.1,30.3,36.5,40.2,66.8,2.1,61,2025
120.1,100.4,0.8873,52.0,51.6,16.6,19.3,35.5,31.0,31.7,34.1,51.6,50.3,35.1,35.7,40.6,40.3,65.4,1.7,239,2025
116.7,98.0,0.8819,55.9,46.2,18.4,11.8,26.0,27.0,29.3,17.6,60.7,45.5,34.0,31.6,49.4,35.6,68.2,2.3,156,2025
117.7,99.0,0.8794,51.7,51.6,15.5,19.1,34.6,29.4,32.0,34.2,55.4,49.1,31.0,36.6,41.8,44.3,68.1,3.2,344,2025
110.9,93.5,0.8769,50.1,46.2,15.8,19.3,25.2,30.8,25.7,32.0,51.0,47.4,32.7,29.5,46.0,36.5,64.6,1.8,277,2025
116.1,98.0,0.8749,53.7,50.0,16.1,17.8,25.1,25.7,37.3,28.7,51.2,50.5,38.6,32.8,37.4,36.4,69.4,0.5,2752,2025
122.1,103.5,0.8702,55.4,48.5,17.0,15.7,35.5,27.8,31.3,39.9,57.1,46.1,35.4,35.4,42.7,33.9,64.4,1.9,41,2025
120.0,101.8,0.8685,52.1,53.0,14.6,20.3,32.3,29.8,33.4,37.2,53.8,51.5,33.1,37.0,40.2,37.7,70.0,2.3,238,2025
117.9,100.3,0.8661,54.0,48.4,15.6,16.8,28.8,30.4,36.2,40.0,52.7,50.2,37.5,30.2,37.4,37.4,67.7,0.07,194,2025
112.6,95.8,0.8656,51.2,49.4,15.9,20.3,31.3,25.4,38.0,35.6,51.1,47.9,34.2,34.5,33.0,37.9,73.9,2.9,167,2025
116.2,98.9,0.8649,52.1,49.5,15.9,18.0,31.1,29.5,33.1,27.0,52.4,50.7,34.4,31.7,38.7,38.4,68.2,4.7,2483,2025
119.7,102.1,0.8614,54.8,49.9,15.3,15.1,29.7,27.2,35.2,29.9,55.8,48.9,35.4,34.2,36.6,38.2,71.2,1.0,153,2025
116.2,99.2,0.8602,52.7,49.2,16.8,16.3,33.0,22.6,39.6,30.5,56.2,48.9,31.8,33.2,41.4,36.0,66.2,0.22,68,2025
112.0,95.7,0.8589,51.4,47.9,15.1,19.2,32.4,29.5,23.8,24.0,52.9,48.1,32.6,31.7,37.8,34.8,65.4,0.7,2132,2025
114.7,98.2,0.8558,55.8,48.9,13.4,23.5,25.7,27.3,33.4,29.7,56.4,47.2,36.8,34.0,49.1,43.5,66.5,0.5,28,2025
116.8,100.1,0.8548,55.7,49.2,16.9,17.0,32.6,27.0,29.0,32.4,54.9,51.4,37.8,30.7,46.5,39.7,69.4,2.4,2541,2025
119.0,102.4,0.8489,55.1,48.0,17.0,17.5,37.6,30.8,36.8,31.9,53.8,46.5,38.4,33.5,35.3,41.1,69.5,0.35,2567,2025
110.5,95.1,0.8488,52.5,48.0,16.5,18.2,27.1,28.3,34.7,29.3,54.1,48.5,33.1,31.5,36.5,39.4,69.6,0.8,8,2025
123.0,106.2,0.8444,56.2,52.2,15.9,20.1,33.8,29.9,38.1,33.8,57.6,53.0,36.1,34.1,41.3,44.2,68.4,2.5,328,2025
116.0,100.3,0.8424,55.3,49.0,17.5,17.0,26.9,24.4,29.5,33.1,56.8,47.1,35.5,34.9,43.1,36.1,66.6,1.0,36,2025
120.0,104.0,0.8382,55.3,50.8,15.5,15.7,30.3,27.6,27.2,30.5,51.8,49.8,39.8,34.6,43.8,46.4,63.5,2.6,222,2025
116.4,101.0,0.8366,53.0,48.6,14.6,17.2,29.8,29.2,35.4,37.1,52.3,47.4,36.3,33.8,35.9,35.8,67.7,0.33,251,2025
117.7,102.1,0.8358,55.1,50.9,17.8,18.3,27.3,31.5,39.5,36.0,55.1,55.3,36.7,30.0,41.8,42.1,68.8,1.1,201,2025
111.7,97.2,0.8318,51.1,48.9,17.6,18.5,29.8,32.3,27.5,28.5,51.5,49.8,33.6,31.5,40.3,35.4,67.6,2.3,2306,2025
114.3,99.8,0.8261,50.2,50.2,14.4,19.8,31.4,29.6,30.6,35.7,49.7,49.9,34.1,33.7,34.0,39.2,65.1,2.6,77,2025
113.8,99.4,0.8257,51.9,49.7,16.8,16.3,31.3,28.5,33.1,29.7,53.5,50.3,32.6,32.5,33.5,38.7,68.5,0.33,84,2025
108.9,95.5,0.8187,50.3,45.3,16.9,19.8,30.3,31.2,32.0,37.0,51.3,44.5,32.5,30.8,39.0,46.3,66.1,1.2,21,2025
112.3,98.6,0.8174,54.1,48.6,19.3,19.1,34.1,32.7,38.9,32.6,52.1,48.7,38.8,32.3,33.6,40.3,70.8,4.3,235,2025
117.4,103.3,0.814,54.7,51.9,17.2,18.0,27.4,30.3,36.4,35.7,54.4,53.6,37.0,32.9,34.3,38.5,68.7,3.7,30,2025
113.9,100.3,0.8124,54.4,52.2,19.0,21.9,36.2,25.5,42.5,36.9,54.9,54.3,35.6,32.5,36.6,38.2,59.3,1.9,2181,2025
111.1,98.0,0.8085,52.3,46.8,17.6,19.5,33.3,26.7,35.7,38.6,51.1,48.2,36.1,29.6,37.5,37.8,60.7,0.25,249,2025
112.7,99.5,0.8071,52.0,50.6,16.5,18.0,26.8,29.0,36.0,27.0,53.6,50.4,32.9,33.9,38.4,46.3,67.9,0.7,158,2025
109.5,97.1,0.8002,56.9,45.8,15.6,17.6,19.0,27.3,31.9,24.8,56.5,48.2,38.2,27.3,47.5,33.5,65.9,1.3,2335,2025
114.1,101.3,0.7967,52.1,50.2,17.8,16.3,25.4,30.7,35.8,31.5,50.0,51.2,36.5,32.4,43.2,40.1,68.9,2.4,9,2025
114.0,101.4,0.7936,53.2,48.0,16.5,21.8,35.7,30.9,34.9,32.1,53.2,47.5,35.4,32.4,36.7,47.1,65.7,0.9,2377,2025
111.6,99.4,0.7909,53.2,48.5,16.8,18.6,28.6,28.6,35.7,35.4,55.0,52.0,33.9,28.1,44.1,35.3,67.8,0.11,2539,2025
113.2,101.4,0.7796,52.4,48.1,18.0,15.7,34.0,28.5,37.5,32.6,54.5,46.4,33.2,33.7,43.7,39.6,69.1,2.3,254,2025
117.0,105.2,0.7738,50.9,52.9,15.5,17.0,30.8,32.2,36.6,29.6,51.1,52.9,33.7,35.4,36.5,38.1,69.0,3.3,164,2025
107.7,96.8,0.7733,47.3,50.8,17.3,19.4,33.0,29.5,33.4,27.5,48.4,53.9,30.2,31.2,34.8,42.6,66.7,0.7,2628,2025
113.4,102.1,0.7699,53.7,52.2,17.4,20.1,29.0,29.2,38.1,29.6,55.6,51.7,33.5,35.4,36.2,38.0,70.4,4.5,213,2025
105.3,95.1,0.7636,51.2,44.9,19.9,18.5,31.6,28.4,42.7,31.0,51.3,44.3,34.1,30.3,35.4,44.5,65.1,0.38,2244,2025
112.1,101.3,0.7626,53.2,46.6,16.7,16.1,29.5,27.4,31.4,25.9,54.3,46.1,34.6,31.7,46.1,33.6,68.5,3.7,2603,2025
115.9,104.8,0.7618,48.8,51.4,16.9,18.1,32.8,33.9,36.2,31.3,48.3,52.3,33.0,33.3,40.9,36.4,72.1,1.9,2116,2025
112.4,101.7,0.7594,50.4,50.2,15.8,17.4,31.4,27.2,30.3,37.0,50.4,49.9,33.6,34.0,41.2,33.8,66.8,2.4,24,2025
114.9,104.3,0.7538,54.9,48.6,14.8,15.9,34.1,25.7,31.5,29.6,53.9,46.6,38.0,33.8,31.8,47.2,68.2,2.9,43,2025
116.5,105.8,0.752,53.4,49.1,16.9,11.0,27.0,27.7,39.5,22.0,52.0,50.6,37.0,31.0,40.8,36.1,67.9,5.8,2086,2025
117.6,107.0,0.7477,56.3,54.8,14.0,18.7,25.3,32.1,26.5,26.5,56.3,56.3,37.6,34.9,41.2,38.5,70.4,2.8,2294,2025
109.5,99.8,0.7449,49.2,51.2,18.6,15.6,30.2,27.4,43.9,30.2,50.0,50.4,32.0,35.1,38.2,34.3,65.8,5.1,2579,2025
114.2,104.1,0.7435,52.4,51.4,14.8,18.1,28.6,29.6,34.4,32.8,52.4,49.9,34.9,35.6,41.2,41.3,66.8,3.2,221,2025
108.9,99.3,0.743,50.0,47.9,16.8,19.6,26.8,31.8,36.8,31.1,53.5,49.0,28.9,31.0,34.7,46.1,67.7,0.9,154,2025
110.2,100.6,0.7401,51.7,47.8,18.6,16.4,30.0,34.2,31.8,29.5,55.7,47.9,31.0,31.8,43.2,35.5,68.5,3.3,99,2025
118.6,108.5,0.734,56.6,48.8,15.4,16.4,33.3,30.1,38.6,37.2,57.4,48.2,36.9,33.3,39.5,35.7,67.1,1.9,2272,2025
106.8,97.8,0.7332,50.4,46.4,18.9,20.5,32.3,27.6,42.7,31.5,51.7,46.8,32.0,30.5,34.5,34.4,72.1,2.0,2253,2025
104.2,95.7,0.7257,50.7,45.0,18.5,17.8,28.2,26.3,36.3,21.7,50.0,42.8,34.6,32.5,35.1,36.6,69.1,0.29,300,2025
115.0,105.7,0.7255,53.0,51.1,15.7,18.2,29.9,28.2,39.3,29.4,52.7,52.2,35.6,33.0,40.5,42.0,66.2,1.5,2168,2025
111.6,102.7,0.7223,50.3,50.1,16.4,16.4,30.0,30.6,31.0,32.8,51.0,48.9,32.7,35.1,36.2,34.6,62.8,3.5,135,2025
112.7,104.1,0.7144,54.5,51.0,15.7,19.2,27.4,26.8,37.3,37.5,55.1,49.0,35.6,35.6,36.9,45.1,64.1,5.6,2440,2025
108.2,100.0,0.712,50.5,49.1,16.0,18.1,27.1,30.0,34.6,32.1,50.0,49.9,34.2,32.1,34.3,43.4,66.2,4.4,2439,2025
117.0,108.2,0.7109,54.7,50.8,16.7,16.8,32.1,27.9,38.7,31.8,54.5,50.2,36.7,34.5,35.7,41.0,64.2,3.4,204,2025
109.8,101.6,0.7084,49.5,45.6,15.2,17.4,33.9,29.9,33.5,36.2,51.0,45.8,31.7,30.3,44.6,35.8,69.9,4.1,2032,2025
108.5,100.7,0.7025,50.9,49.7,16.2,18.7,28.1,26.7,31.3,25.0,52.3,50.2,32.1,32.8,34.7,47.4,64.5,3.9,179,2025
107.2,99.7,0.6968,50.7,48.6,17.6,19.9,32.0,29.7,25.6,28.9,52.4,47.7,31.9,33.3,37.5,39.7,68.6,3.3,46,2025
112.4,104.6,0.6965,52.9,50.5,16.5,15.3,22.8,29.1,26.4,28.0,49.8,50.1,38.0,34.1,43.3,39.8,61.1,4.3,258,2025
108.6,101.1,0.6944,50.9,49.0,17.2,15.9,30.7,28.8,31.5,29.0,50.3,46.7,34.6,35.0,36.3,39.9,69.1,4.8,59,2025
112.8,105.0,0.6938,52.3,51.5,16.6,15.2,30.2,26.4,32.0,30.1,51.3,54.0,35.9,31.9,38.0,40.6,65.1,7.1,87,2025
108.0,100.7,0.6922,48.0,53.9,18.7,20.7,30.8,29.0,42.4,37.6,48.5,54.5,31.4,35.4,35.9,44.2,71.4,3.5,197,2025
111.8,104.4,0.6882,57.2,48.2,17.7,15.7,27.0,27.5,31.1,35.3,54.0,48.0,40.9,32.3,42.4,43.3,66.4,1.6,71,2025
108.7,101.7,0.6838,50.9,48.6,17.4,19.2,30.1,31.9,38.9,37.5,52.5,48.7,31.9,32.4,34.1,42.7,70.1,4.8,52,2025
111.3,104.5,0.6749,55.9,49.2,14.3,16.2,24.1,25.6,29.7,22.0,57.1,50.7,36.5,31.1,47.1,37.8,66.7,4.2,288,2025
118.2,110.9,0.6745,51.0,51.3,14.1,15.4,38.8,30.1,31.8,30.3,50.7,50.7,34.7,35.1,29.0,34.5,69.6,5.2,5,2025
107.6,101.0,0.6741,50.7,50.1,21.2,16.1,28.7,27.6,35.8,33.9,52.5,49.3,31.8,34.2,37.5,39.7,67.7,5.7,38,2025
112.9,106.1,0.6713,55.0,49.3,17.4,17.0,32.9,28.7,26.0,34.1,55.7,50.5,36.1,31.6,45.6,37.8,72.1,1.9,2006,2025
112.3,106.1,0.6562,52.3,49.3,18.8,13.9,32.5,28.9,31.0,33.3,51.2,48.7,35.7,33.5,45.5,36.9,66.6,7.6,2507,2025
108.8,102.8,0.6555,55.6,48.0,18.5,14.4,23.7,28.0,29.7,25.0,59.0,47.1,34.8,33.0,50.3,39.3,67.4,5.9,139,2025
104.0,98.3,0.6546,46.1,46.4,16.1,15.3,31.9,27.7,33.5,39.0,46.3,48.8,30.5,28.7,37.5,41.8,65.5,7.2,166,2025
113.2,107.3,0.6484,52.2,50.5,12.6,16.9,33.3,29.2,30.7,26.7,52.0,52.0,35.1,32.2,35.1,43.0,66.9,5.0,2453,2025
106.9,101.6,0.6429,50.3,47.8,18.4,19.6,32.2,32.3,40.5,26.2,53.1,48.6,30.9,31.0,41.5,39.0,67.4,5.9,45,2025
112.8,107.4,0.6389,56.5,51.5,20.7,17.2,31.8,33.2,31.9,32.3,57.8,51.8,36.4,34.0,41.4,38.6,70.7,4.3,265,2025
113.2,107.8,0.6356,52.6,51.5,16.2,17.9,35.6,27.8,36.9,30.3,53.8,51.4,33.7,34.3,36.1,42.4,65.7,3.4,350,2025
109.4,104.2,0.6355,55.5,51.6,15.9,17.6,25.6,25.4,35.0,28.8,55.6,50.5,36.9,35.5,36.3,41.1,65.5,5.6,2460,2025
108.6,103.7,0.6283,48.4,51.0,14.5,18.7,28.9,32.8,32.0,32.6,48.5,50.8,32.2,34.1,35.7,32.8,65.4,8.1,152,2025
115.4,110.2,0.6279,58.0,52.4,13.8,18.0,21.5,31.3,33.3,35.6,58.4,51.6,38.3,35.6,46.5,41.8,68.1,4.5,2900,2025
108.4,103.5,0.6278,53.3,49.7,17.8,18.1,29.0,27.6,32.5,33.2,53.6,48.3,35.2,34.6,41.9,40.2,67.7,4.5,2350,2025
108.9,104.2,0.6253,52.1,49.8,19.0,20.9,35.6,23.5,35.3,45.6,52.3,46.3,34.4,35.4,31.1,50.8,72.4,3.3,2463,2025
113.0,108.0,0.625,53.4,50.4,16.6,16.8,30.0,31.7,32.6,32.2,53.6,46.7,35.4,37.9,40.6,36.1,69.8,6.4,2226,2025
106.2,101.6,0.6236,49.9,48.0,20.6,20.3,39.0,31.5,36.2,28.9,53.7,46.9,30.3,33.3,45.7,37.5,66.3,4.8,2653,2025
109.7,105.1,0.6219,50.8,53.0,17.8,16.7,27.8,28.2,34.3,35.6,50.2,53.0,34.6,35.3,35.8,35.3,68.2,5.0,264,2025
116.6,111.7,0.6203,58.3,51.5,15.4,11.2,26.0,28.8,32.4,26.5,57.0,51.5,39.6,34.4,54.1,39.5,65.4,5.4,2449,2025
107.0,102.7,0.6163,50.8,48.3,16.5,17.2,30.4,26.7,39.2,31.1,51.0,46.5,33.6,34.4,31.2,33.8,68.2,2.7,3084,2025
106.8,102.7,0.6116,48.6,48.1,17.3,18.9,36.3,28.7,30.0,40.2,50.8,48.9,29.9,31.3,37.5,41.1,66.0,5.1,2309,2025
111.3,107.1,0.6103,51.1,52.9,17.6,13.5,31.1,26.3,33.0,32.1,51.8,53.5,33.2,34.7,32.9,39.2,68.6,7.7,183,2025
114.0,109.8,0.6064,56.6,54.0,15.8,16.8,24.7,25.0,31.3,31.4,56.7,53.5,37.6,36.3,47.2,43.7,65.8,7.3,2287,2025
110.9,106.9,0.6037,54.4,50.7,18.0,12.7,33.7,21.5,30.5,29.5,54.8,52.3,35.9,32.6,39.8,47.6,69.4,5.4,2571,2025
109.1,105.2,0.6035,50.6,48.5,16.4,16.2,30.4,29.5,32.2,30.3,52.3,48.6,32.1,32.3,38.5,36.0,68.7,2.9,2393,2025
106.7,103.3,0.594,49.7,49.6,18.1,20.1,33.0,31.0,31.1,41.1,48.5,47.5,34.1,35.6,43.1,35.6,65.3,11.4,2184,2025
109.8,106.3,0.5934,47.7,52.9,16.8,16.3,35.0,29.4,38.1,32.0,47.6,50.9,32.0,38.0,38.1,32.4,68.1,7.0,25,2025
111.2,107.7,0.591,54.7,52.5,18.3,21.8,34.7,33.5,29.4,41.3,53.9,53.7,37.0,34.0,46.9,43.3,71.1,4.0,2535,2025
108.6,105.3,0.5884,52.1,51.8,18.0,15.8,27.9,28.6,27.4,29.1,53.0,51.4,34.0,35.0,47.0,35.0,67.6,7.6,305,2025
112.1,108.8,0.5842,57.1,53.0,15.5,15.5,24.8,22.6,33.4,34.1,58.5,52.6,36.6,35.8,38.5,34.3,69.4,3.5,2458,2025
115.4,112.1,0.5826,56.7,51.2,15.3,15.8,25.6,29.8,32.1,34.1,58.1,50.1,36.6,35.2,45.8,40.7,67.1,3.1,236,2025
114.4,111.2,0.5803,58.0,52.2,17.3,15.9,26.6,29.9,28.7,31.3,59.9,52.2,37.2,34.8,48.5,39.0,71.2,6.6,172,2025
109.9,106.9,0.5786,53.2,48.5,19.2,14.7,29.1,28.4,34.3,30.2,54.4,48.9,34.3,31.9,42.1,39.2,64.8,4.8,2348,2025
108.3,105.5,0.5762,49.7,48.5,15.9,12.9,30.8,26.8,31.6,27.9,49.2,47.7,33.7,33.1,36.7,42.2,65.4,4.2,55,2025
106.6,103.8,0.5756,51.1,48.4,14.5,20.7,27.8,32.2,33.2,23.8,53.8,47.0,31.9,33.0,46.6,59.4,63.4,5.7,6,2025
106.9,104.3,0.5722,49.7,51.4,16.6,22.3,24.3,32.6,37.8,39.8,48.3,53.9,34.7,31.9,36.0,41.6,68.6,6.5,2638,2025
105.6,103.1,0.5679,48.8,48.0,20.2,15.5,32.8,27.2,38.3,43.5,52.4,48.0,29.6,31.9,45.4,37.8,70.7,7.1,338,2025
108.7,106.3,0.5631,51.5,53.0,19.5,16.3,31.3,28.4,30.6,31.1,49.9,54.9,36.0,33.6,40.0,41.6,65.5,8.2,259,2025
110.8,108.4,0.5616,52.4,52.0,14.5,15.2,25.3,27.6,29.8,28.1,52.9,51.4,34.4,35.3,41.5,39.3,65.8,7.6,2166,2025
112.5,110.3,0.5579,52.9,53.7,15.8,15.1,29.4,25.9,35.9,37.4,51.7,53.9,36.6,35.6,38.6,43.9,67.9,6.8,2437,2025
107.3,105.3,0.5543,49.3,50.6,16.3,15.9,32.0,28.3,35.0,27.3,51.0,50.0,29.9,34.3,28.1,39.7,68.9,5.9,2724,2025
105.6,103.7,0.5496,47.3,52.7,17.1,20.4,29.7,26.7,41.5,36.9,46.5,53.9,32.4,33.8,37.5,39.2,66.2,11.5,2547,2025
113.6,111.6,0.5492,55.2,54.4,15.7,17.7,27.2,29.9,26.3,26.7,52.9,54.7,38.7,36.1,44.8,43.0,70.9,5.0,2057,2025
104.1,102.8,0.5375,48.4,47.1,15.9,17.1,23.2,27.9,32.6,40.8,48.4,48.6,32.3,30.1,39.6,44.0,72.6,6.6,98,2025
107.2,105.9,0.5366,52.8,50.2,17.5,18.4,31.8,31.6,36.8,40.9,53.3,49.3,34.5,34.4,28.9,36.3,68.0,7.5,357,2025
112.0,110.6,0.5364,55.8,52.7,16.4,15.6,23.0,29.9,35.1,31.6,56.8,53.3,36.0,34.4,36.7,34.6,67.4,3.4,149,2025
104.0,102.8,0.5335,49.5,48.0,15.1,15.5,22.7,30.8,28.3,28.2,50.0,48.7,32.5,31.1,40.1,35.7,67.2,6.2,2351,2025
110.6,109.4,0.5321,49.4,51.8,16.1,15.9,32.7,28.5,27.8,32.9,48.3,52.9,33.9,33.3,41.8,38.4,67.5,3.9,27,2025
108.3,107.1,0.5312,52.5,48.4,16.8,16.5,30.1,31.0,34.7,28.5,52.8,49.0,34.8,31.6,50.9,38.0,66.2,3.8,231,2025
107.6,106.4,0.5302,51.5,48.7,16.3,17.8,27.2,31.3,35.3,32.1,52.7,48.6,33.2,32.6,39.4,43.2,67.3,8.3,2655,2025
111.0,110.0,0.5258,51.1,50.7,16.0,15.5,32.0,30.3,30.4,33.1,50.5,49.4,34.6,35.5,45.3,34.5,65.2,6.5,256,2025
110.3,109.4,0.5248,52.6,51.6,17.4,14.9,35.7,26.6,29.0,35.6,54.6,51.5,33.5,34.5,47.2,45.4,64.4,9.7,2747,2025
101.6,100.8,0.5231,49.9,46.0,17.0,14.7,27.5,29.3,35.2,22.3,49.1,47.0,34.1,29.8,41.0,40.0,63.8,8.3,2026,2025
108.9,108.2,0.5183,55.5,48.5,18.4,17.2,27.4,28.8,29.1,31.5,52.8,49.7,39.2,30.9,46.2,37.4,65.4,6.8,2540,2025
107.2,106.6,0.5161,51.1,47.9,15.2,16.6,31.1,30.2,29.2,33.9,48.1,48.4,36.6,31.4,42.9,43.4,64.1,6.5,2430,2025
107.3,106.7,0.5143,51.3,51.3,19.4,18.3,40.6,26.7,38.5,32.9,52.8,52.0,32.0,33.5,31.4,38.8,69.0,6.0,270,2025
106.4,105.9,0.5134,52.5,50.3,16.1,16.7,26.2,28.2,33.8,27.0,52.3,51.8,35.3,32.0,39.8,39.5,71.0,3.7,232,2025
102.6,102.2,0.5124,50.7,48.8,15.9,13.9,23.0,25.3,30.4,23.0,49.5,51.7,34.6,29.4,46.8,38.3,71.2,8.8,159,2025
108.7,108.3,0.5116,53.2,49.5,18.0,15.9,28.0,28.5,40.9,29.9,53.9,50.8,34.6,31.6,37.7,39.6,70.7,6.8,227,2025
108.5,108.3,0.5065,55.5,52.1,17.7,19.7,27.6,28.8,28.5,34.6,54.7,52.7,37.7,34.1,42.9,40.0,69.3,3.9,193,2025
109.9,109.7,0.5053,51.0,50.8,18.0,16.8,34.1,29.8,41.5,37.8,49.2,49.2,36.0,35.3,36.4,41.0,63.5,6.6,2515,2025
105.5,105.3,0.5047,51.0,50.1,18.8,19.0,34.9,28.6,38.2,30.3,50.8,49.3,34.2,34.4,36.3,34.9,68.5,4.5,2523,2025
110.0,110.0,0.4998,50.4,53.3,18.6,17.4,30.7,32.1,35.3,33.5,45.9,53.0,38.6,35.7,38.2,41.6,68.1,11.2,2534,2025
106.5,106.6,0.4982,50.7,47.8,16.2,16.5,33.7,29.6,30.8,29.8,51.0,47.8,33.4,31.8,35.6,36.7,72.6,7.1,2803,2025
106.0,106.0,0.4979,50.3,50.1,16.3,18.9,36.3,29.6,32.9,33.4,48.9,49.5,34.8,34.0,41.7,40.6,65.5,8.2,2193,2025
106.0,106.0,0.4977,48.4,50.7,17.5,18.0,33.4,29.2,29.9,33.8,49.6,50.3,30.8,34.5,34.4,31.3,66.6,9.0,2856,2025
108.2,108.5,0.4935,53.9,50.5,16.2,14.3,30.0,26.5,23.1,29.5,54.1,48.9,35.7,35.1,38.4,44.0,65.6,9.1,526,2025
105.6,105.9,0.4915,48.9,51.6,17.2,15.6,28.7,29.5,30.9,36.8,47.1,51.1,35.1,35.0,32.5,35.4,67.0,9.3,103,2025
108.1,108.5,0.4906,50.4,52.8,16.8,16.6,26.7,32.4,31.7,28.5,48.7,54.5,35.3,33.3,40.9,35.8,66.5,9.9,23,2025
106.1,106.5,0.4894,47.7,50.1,14.7,17.5,34.9,28.3,28.4,30.5,46.5,50.3,33.1,33.2,37.5,38.7,63.8,5.0,119,2025
108.3,108.8,0.4885,49.1,51.8,15.9,17.9,34.6,30.6,35.9,31.9,50.1,48.5,31.5,38.5,35.4,35.3,66.9,7.5,151,2025
111.2,111.7,0.4879,50.0,50.9,15.8,15.4,32.3,31.9,44.1,35.9,48.3,51.0,35.9,33.8,31.0,37.1,69.1,8.7,218,2025
105.2,105.7,0.4869,49.7,51.1,16.9,17.5,28.8,26.4,41.1,35.0,48.8,52.3,34.0,32.4,40.0,32.3,65.0,10.1,93,2025
107.4,107.9,0.4867,48.6,48.6,14.7,16.5,30.4,31.3,32.5,36.0,46.2,50.1,35.1,30.7,36.8,37.7,68.5,6.7,2447,2025
106.3,107.0,0.4808,50.5,49.5,16.8,17.3,32.3,29.4,34.6,40.6,52.0,49.9,32.3,32.5,40.0,32.8,69.1,7.9,276,2025
107.4,108.1,0.4808,53.4,52.1,15.1,18.2,23.9,29.0,33.8,35.9,54.0,49.8,35.0,37.8,40.9,33.3,70.8,9.8,195,2025
103.8,104.5,0.4804,49.4,51.2,18.1,22.3,34.4,33.4,30.8,38.7,50.0,50.9,32.2,34.5,33.4,40.0,66.2,6.8,325,2025
107.7,108.5,0.4791,51.7,51.7,17.6,15.9,30.4,27.9,35.2,32.5,51.8,51.3,34.3,34.9,39.5,35.3,69.6,7.4,82,2025
101.9,102.6,0.4789,50.7,49.7,18.6,19.6,33.8,30.6,35.2,34.2,51.6,51.2,32.5,31.6,30.5,38.5,68.4,8.4,2502,2025
108.5,109.5,0.4728,49.1,48.2,18.0,14.0,34.0,29.4,43.6,34.8,47.7,47.6,34.2,32.8,39.4,37.3,65.8,12.1,242,2025
109.2,110.2,0.4717,55.1,53.7,13.7,20.1,22.2,32.7,29.0,29.2,54.4,56.3,37.4,33.2,45.7,39.8,69.8,7.7,2870,2025
106.8,108.0,0.4684,51.7,52.6,18.1,15.4,30.2,27.6,34.2,33.5,51.0,51.4,35.3,36.3,33.5,39.8,68.3,12.1,79,2025
102.9,104.3,0.462,48.0,48.0,18.9,17.7,35.2,32.6,28.5,34.5,44.6,48.4,36.8,31.5,32.6,39.1,65.6,6.9,2320,2025
107.5,109.0,0.4591,49.5,53.5,15.8,20.8,26.6,35.5,28.8,44.3,46.2,53.4,35.6,35.8,44.9,37.3,70.3,11.8,2636,2025
109.9,111.6,0.4574,49.7,52.6,13.8,17.8,32.4,33.2,26.0,31.8,47.7,52.1,34.9,35.5,42.2,37.3,68.0,8.6,2198,2025
104.4,106.1,0.4529,50.6,51.0,19.9,15.5,29.8,27.4,30.6,41.0,49.1,51.6,35.1,33.3,41.0,36.9,64.7,10.0,2751,2025
101.5,103.2,0.4499,52.7,48.3,16.7,18.2,26.9,25.2,26.4,18.9,54.3,49.0,33.0,31.5,34.5,41.9,66.0,3.5,2115,2025
106.0,108.0,0.4462,53.0,49.0,15.1,15.2,21.1,28.9,32.5,32.3,53.8,50.8,34.6,30.1,42.9,32.0,66.4,11.3,147,2025
108.9,111.0,0.4452,52.9,50.3,18.1,18.5,32.6,34.1,38.4,36.4,54.6,50.1,32.3,33.7,28.4,43.1,66.8,5.5,2450,2025
102.0,104.1,0.4431,50.1,50.7,19.3,18.7,35.3,30.5,28.2,34.5,47.3,50.0,37.0,34.6,33.9,38.2,67.7,6.8,294,2025
107.9,110.3,0.4379,52.9,52.1,17.7,19.1,31.6,31.4,48.5,36.6,55.0,50.9,33.0,36.0,37.4,37.9,73.1,5.5,2737,2025
101.9,104.2,0.4352,51.6,47.3,19.0,14.6,32.6,29.4,23.8,28.1,52.0,47.8,34.0,30.9,36.9,35.5,63.3,10.8,2182,2025
105.0,107.5,0.433,51.1,50.3,18.4,18.1,31.0,31.1,27.7,30.1,51.4,49.1,33.7,35.2,35.1,34.7,67.8,10.0,111,2025
103.2,105.7,0.4324,45.8,49.5,16.4,17.6,34.5,31.1,34.2,36.2,47.1,49.6,28.6,33.0,31.8,39.2,71.0,11.5,113,2025
103.3,105.9,0.4314,50.5,50.3,19.8,22.5,35.4,32.9,45.8,47.7,50.7,52.4,33.4,31.0,33.1,35.1,69.3,8.2,2569,2025
113.0,115.8,0.4311,52.0,57.8,16.1,15.0,28.4,31.0,26.5,28.4,55.3,56.3,31.1,40.0,38.8,39.6,67.6,13.7,2390,2025
100.0,102.5,0.4297,49.6,47.3,13.9,23.1,21.3,39.0,24.8,29.4,49.6,47.6,33.1,31.2,42.3,35.5,65.1,9.0,2771,2025
107.2,109.9,0.4276,48.3,53.4,16.3,17.8,38.4,26.3,34.9,33.4,48.7,52.1,31.6,37.1,36.7,37.4,66.2,9.6,304,2025
106.2,108.9,0.4275,52.6,51.6,18.2,15.9,30.8,28.7,34.4,31.3,53.1,51.2,34.7,34.7,44.7,37.6,69.1,7.8,2511,2025
101.6,104.4,0.4235,48.4,49.3,18.1,17.5,33.3,25.4,30.7,28.2,50.8,45.5,29.6,36.9,37.8,38.7,72.2,7.4,2514,2025
102.9,105.8,0.4214,51.9,47.9,15.3,18.8,24.3,28.4,28.2,42.4,51.5,49.0,35.1,30.4,35.8,32.2,69.1,7.7,2546,2025
103.5,106.5,0.4197,51.5,49.2,16.9,15.8,29.7,30.8,28.0,28.6,52.6,49.4,33.3,32.6,40.1,37.6,66.2,7.7,225,2025
102.9,105.8,0.4187,50.1,49.4,16.4,18.3,27.9,33.5,34.8,36.8,51.7,49.5,31.7,32.8,37.9,37.4,68.6,11.2,58,2025
106.9,110.1,0.4171,49.8,51.3,18.0,16.0,34.3,32.8,31.6,28.0,53.0,49.4,30.3,36.0,42.6,41.3,63.9,10.4,2473,2025
104.4,107.6,0.4145,47.7,52.6,16.1,18.8,33.8,28.0,30.2,42.8,46.8,53.5,32.9,34.2,36.6,36.5,65.9,10.7,2261,2025
99.0,102.1,0.4123,47.4,51.7,20.5,24.0,29.1,31.6,38.9,50.8,48.5,52.6,29.5,33.2,25.8,33.7,69.1,9.0,2000,2025
104.1,107.4,0.4091,53.8,50.4,18.8,17.1,26.1,27.8,36.0,34.2,54.4,49.6,35.3,34.3,41.0,40.8,68.0,9.4,2083,2025
102.7,106.0,0.4078,50.2,52.3,15.8,19.0,24.4,27.3,30.1,30.6,51.5,56.1,32.2,30.7,42.3,37.4,66.3,11.6,2097,2025
110.0,113.8,0.4048,51.1,50.2,18.1,16.0,35.1,31.5,36.3,42.0,49.7,47.8,36.5,36.2,28.1,36.4,66.2,10.5,326,2025
105.1,108.7,0.4045,49.5,51.6,17.5,18.9,30.8,29.1,35.1,36.9,49.6,52.2,32.8,33.8,32.3,42.2,67.5,8.6,2545,2025
108.0,111.7,0.4038,54.2,52.9,18.3,17.6,26.1,30.7,35.7,35.5,56.6,54.6,34.6,33.7,51.6,41.4,71.6,9.6,2729,2025
101.7,105.2,0.4027,49.4,49.2,16.9,16.2,26.1,26.5,30.1,27.1,49.3,48.6,33.0,33.4,43.2,38.6,62.9,7.1,261,2025
106.2,109.9,0.4027,50.0,47.6,19.2,13.3,36.3,30.7,38.7,24.2,50.7,46.9,32.7,32.4,41.8,43.6,65.3,10.0,2210,2025
105.9,109.6,0.401,49.9,53.2,17.6,17.8,31.9,28.6,34.2,31.0,51.6,52.8,31.1,35.8,34.0,43.7,67.7,10.5,2117,2025
99.5,103.1,0.3992,44.8,54.5,18.9,22.0,31.6,30.9,33.4,39.0,43.9,54.3,31.3,36.5,30.5,44.6,64.5,12.4,2550,2025
109.6,113.7,0.395,56.4,53.1,17.6,14.2,28.4,27.6,27.7,34.1,55.0,52.0,39.2,36.8,37.7,35.5,67.7,13.0,2750,2025
108.4,112.5,0.3948,54.6,54.3,19.5,15.8,26.2,27.0,35.9,38.8,56.6,54.5,35.0,35.9,50.1,38.0,72.6,12.4,282,2025
99.6,103.4,0.3943,47.7,49.6,18.3,21.1,33.9,28.9,37.9,43.4,47.8,49.2,31.8,33.5,33.5,39.5,69.1,5.3,2582,2025
107.1,111.2,0.3936,54.1,53.2,21.6,18.7,27.8,34.1,28.0,32.2,56.9,53.9,34.3,34.7,50.8,39.5,75.0,11.1,13,2025
106.2,110.5,0.3886,51.7,55.5,18.1,20.7,32.0,30.2,44.5,37.5,52.7,59.3,33.2,33.3,34.0,41.0,69.2,8.7,2344,2025
102.1,106.3,0.387,50.9,54.7,20.7,19.1,32.0,28.4,34.3,38.5,49.1,55.0,36.0,36.1,37.0,39.4,64.1,17.2,2623,2025
103.0,107.2,0.387,50.2,48.7,17.7,18.1,29.0,31.6,35.9,35.9,52.6,48.8,31.5,32.3,46.0,32.5,69.8,8.5,2754,2025
108.5,113.0,0.385,51.9,53.6,14.7,17.9,30.0,34.0,34.3,40.4,52.2,54.3,34.3,35.0,35.0,38.6,68.3,5.6,2427,2025
105.8,110.3,0.3813,49.0,52.6,16.5,15.2,28.0,29.5,32.1,26.6,48.1,53.4,33.8,34.2,33.5,38.5,69.7,12.8,2492,2025
103.5,108.0,0.3811,50.7,53.6,15.3,17.5,26.8,24.5,25.6,31.8,49.4,53.4,34.8,35.9,47.9,41.5,67.2,5.5,163,2025
97.8,102.3,0.3745,46.2,48.8,19.6,22.3,27.7,34.1,39.0,40.2,45.4,47.4,31.8,34.1,35.3,37.5,67.9,8.8,302,2025
103.5,108.3,0.3723,51.3,49.0,21.3,17.3,33.6,29.9,41.9,40.4,52.7,48.3,32.4,33.5,33.8,36.1,71.4,12.0,2634,2025
109.8,115.0,0.3706,50.5,54.4,12.7,17.4,30.1,36.1,45.6,34.9,52.3,55.1,31.7,35.5,37.4,38.9,74.7,8.3,233,2025
102.9,107.8,0.3699,50.8,49.2,20.7,13.2,31.0,24.5,40.7,34.4,53.2,48.0,31.0,34.3,36.9,32.8,66.2,9.4,62,2025
106.0,111.2,0.3648,48.6,52.9,18.8,17.0,31.5,30.5,32.0,38.6,49.2,52.7,31.8,35.5,41.5,30.8,70.2,12.6,2230,2025
100.9,105.9,0.364,48.4,51.2,18.6,17.1,32.8,29.7,30.9,35.2,47.5,53.6,33.1,31.8,44.0,40.8,64.8,13.9,140,2025
98.3,103.2,0.3637,48.8,46.2,17.8,16.5,25.1,28.9,25.7,37.5,48.9,42.6,32.5,34.3,42.0,40.5,64.0,12.3,2275,2025
102.7,107.8,0.3635,45.6,53.2,15.5,16.9,30.6,28.8,30.3,28.8,44.9,55.6,31.3,33.1,33.6,41.1,69.3,11.1,2325,2025
103.8,109.2,0.3604,48.3,52.7,15.3,15.7,19.3,27.9,30.1,36.7,49.9,52.5,30.9,35.3,45.4,48.7,64.2,13.2,257,2025
100.9,106.1,0.3595,52.1,50.8,15.9,21.6,22.1,32.3,27.8,29.8,50.8,50.2,36.4,34.5,34.0,36.4,66.3,9.6,311,2025
104.9,110.4,0.357,51.7,51.4,19.2,17.6,30.8,33.9,22.7,29.9,55.4,52.0,31.8,33.4,49.0,35.1,70.8,10.1,292,2025
101.5,106.8,0.3558,48.9,48.1,17.1,17.6,31.3,29.4,32.8,33.4,47.7,46.3,34.0,33.9,36.8,38.8,66.6,7.9,2565,2025
106.5,112.2,0.3539,51.8,50.2,19.4,16.5,32.3,32.0,37.5,33.9,50.7,47.9,35.5,36.3,42.1,35.2,68.0,11.4,250,2025
101.6,107.1,0.3518,48.7,49.2,20.4,17.5,33.5,33.0,32.4,32.6,47.1,46.6,34.4,35.5,35.1,39.7,64.3,9.2,2466,2025
99.2,104.9,0.3455,49.9,46.3,20.2,21.5,30.4,35.6,28.5,37.3,47.3,46.1,37.1,31.1,30.5,44.4,67.0,9.2,2031,2025
106.3,112.7,0.3383,51.4,51.9,17.5,17.5,31.1,29.3,27.1,28.5,50.5,50.8,35.0,35.6,43.7,42.9,70.8,12.0,2529,2025
103.6,110.2,0.3291,50.6,50.1,19.0,18.3,33.0,33.0,26.5,43.1,49.8,51.2,34.5,32.3,44.3,40.1,69.9,11.2,290,2025
103.0,109.6,0.3287,50.8,52.4,18.2,17.3,25.3,31.6,24.5,24.3,52.5,53.3,32.2,33.8,40.1,36.4,66.0,10.9,108,2025
109.4,116.5,0.3272,52.1,54.3,17.9,15.4,29.2,32.1,32.8,37.3,51.4,55.1,35.2,35.3,47.7,38.3,66.5,13.2,70,2025
101.4,108.0,0.3268,46.1,53.8,17.9,18.1,27.0,33.5,36.0,22.9,45.5,55.6,31.6,34.3,35.4,43.3,71.0,15.0,278,2025
98.7,105.1,0.3261,47.1,51.9,21.2,23.0,38.8,30.0,27.4,36.9,46.7,54.3,31.9,32.5,34.7,43.1,69.1,13.0,314,2025
109.0,116.1,0.3251,49.3,57.3,16.1,15.3,33.8,28.6,33.8,32.9,49.9,57.5,32.2,38.1,39.6,40.3,69.2,14.5,155,2025
107.8,114.9,0.325,50.3,51.4,17.0,13.0,32.6,31.5,33.4,26.0,49.8,52.4,34.2,33.3,33.5,41.7,69.5,12.3,2247,2025
105.1,112.1,0.323,50.4,53.5,15.2,14.5,32.1,24.2,30.0,33.6,49.6,53.2,34.6,36.0,38.0,37.8,66.9,10.7,2464,2025
105.5,112.5,0.3226,47.7,54.4,14.2,17.5,26.7,29.3,35.6,34.7,47.7,55.2,31.8,35.3,38.4,36.6,68.7,12.5,2674,2025
103.0,110.0,0.3204,50.1,52.7,17.1,19.9,30.4,32.2,31.7,28.9,50.7,50.5,32.8,37.3,39.9,40.8,66.3,10.3,94,2025
106.9,114.1,0.32,49.9,54.6,18.1,13.2,24.0,29.5,32.8,22.1,49.9,53.1,33.3,37.9,43.3,40.5,68.8,11.7,2501,2025
106.1,113.4,0.3171,51.7,52.8,18.3,17.4,34.5,30.8,27.8,34.2,49.9,51.3,36.5,37.3,36.1,31.9,64.6,11.0,2916,2025
102.1,109.1,0.317,51.3,52.6,16.8,17.5,23.9,27.4,29.8,35.5,50.7,53.4,34.7,34.2,45.1,35.5,63.9,8.2,44,2025
104.2,111.6,0.3135,51.3,52.7,16.7,17.8,29.9,31.5,31.8,38.9,50.0,53.1,35.8,34.7,34.4,34.7,64.7,13.0,2506,2025
97.9,104.9,0.3117,46.8,52.0,19.9,21.1,31.4,29.6,35.6,38.9,48.1,52.6,29.1,34.0,29.0,39.1,69.3,15.3,2229,2025
101.9,109.2,0.3111,49.4,50.0,17.0,14.5,27.8,30.9,33.6,32.7,51.1,50.0,31.5,33.3,42.8,33.7,66.5,14.2,202,2025
108.6,116.5,0.3102,54.3,53.1,17.1,15.8,22.2,32.6,29.8,32.3,53.9,52.3,36.5,36.4,40.2,33.5,70.9,14.6,48,2025
106.3,114.1,0.306,48.3,54.7,19.1,19.0,35.5,29.8,35.5,47.6,45.2,54.7,37.6,36.4,28.3,41.3,66.4,12.9,2934,2025
98.4,105.6,0.3052,48.8,50.2,17.7,16.7,22.6,29.2,31.1,34.6,51.5,49.4,29.9,34.1,40.6,44.9,67.2,14.1,339,2025
103.4,111.1,0.3045,52.1,51.9,20.8,14.8,33.7,29.8,36.2,37.0,53.3,53.9,33.0,32.4,33.0,37.9,69.5,14.2,2241,2025
101.6,109.1,0.3042,46.9,51.9,19.6,18.0,30.4,30.8,36.6,31.8,46.3,52.1,32.0,34.4,34.6,41.8,69.2,9.6,2296,2025
101.9,109.5,0.3041,49.3,52.6,18.0,17.8,26.7,31.8,30.7,29.3,49.6,54.7,32.6,32.1,43.9,32.0,65.0,13.7,2277,2025
107.7,115.8,0.3035,54.6,51.4,17.9,14.8,26.0,30.4,31.9,25.1,56.1,50.2,34.5,35.8,34.8,34.8,69.2,10.6,2349,2025
103.0,110.7,0.303,49.7,51.7,17.6,18.4,28.9,29.7,37.5,31.7,49.6,52.1,33.3,34.1,40.2,34.3,67.2,12.6,2561,2025
110.3,118.6,0.3025,50.1,56.4,14.0,15.9,29.6,31.3,34.3,25.2,49.9,56.1,33.8,37.9,29.0,38.3,68.9,8.4,2649,2025
107.9,116.3,0.2958,50.9,51.1,16.9,15.7,32.0,32.2,31.4,26.1,50.4,52.2,34.4,33.1,41.5,42.2,67.8,9.1,2363,2025
105.3,113.6,0.2941,51.8,51.6,16.3,14.1,25.9,28.1,45.3,31.4,51.1,54.6,35.3,31.3,37.4,39.2,66.5,13.0,2050,2025
105.3,113.7,0.2937,54.3,53.2,16.6,16.3,23.6,26.9,22.9,25.6,54.6,51.4,35.9,37.3,42.3,40.2,67.4,14.0,2142,2025
104.3,112.6,0.2935,47.1,50.9,16.6,16.6,30.1,34.8,37.2,36.2,44.1,51.2,35.3,33.7,34.4,41.2,67.8,13.6,2405,2025
108.8,117.6,0.2896,53.2,54.1,15.0,14.7,27.9,34.2,24.8,31.1,54.0,54.5,35.0,35.5,54.0,31.1,72.6,11.3,2454,2025
100.6,108.9,0.2861,50.3,54.1,18.4,17.6,26.4,29.3,31.1,49.1,50.5,56.3,33.4,33.6,37.1,37.7,66.9,15.1,2172,2025
100.6,109.1,0.2831,49.9,52.3,17.0,17.7,25.2,27.4,34.8,30.4,49.4,54.5,33.9,32.8,40.0,41.6,69.3,12.5,189,2025
104.2,113.0,0.282,48.4,54.2,14.7,14.7,24.6,29.4,42.4,35.5,49.9,56.8,30.7,32.9,40.3,34.8,65.2,14.2,2429,2025
99.8,108.5,0.2757,49.3,50.8,16.7,16.9,29.0,29.2,29.7,33.1,49.9,49.4,32.4,35.0,40.3,46.1,71.5,13.6,2382,2025
102.8,111.9,0.2745,51.2,54.5,18.7,18.9,27.0,33.6,31.5,40.4,53.1,54.0,32.0,36.9,37.9,38.2,67.5,15.5,331,2025
98.0,106.7,0.2729,51.0,46.8,18.8,16.1,30.5,25.3,22.9,33.3,52.2,45.2,32.5,33.1,36.7,35.2,64.5,5.2,2368,2025
103.5,112.8,0.2701,49.4,55.0,15.8,20.3,32.1,28.6,29.8,35.1,50.6,56.0,31.4,35.6,35.4,35.4,67.9,12.0,399,2025
100.9,110.0,0.27,51.2,49.5,21.6,16.2,31.3,28.3,31.1,27.8,51.1,49.8,34.3,32.7,40.3,44.4,68.3,7.5,116,2025
95.0,103.6,0.2688,47.7,47.7,20.1,19.3,32.0,27.2,27.2,43.3,48.9,48.5,30.2,31.1,33.3,39.8,65.2,11.7,112358,2025
104.3,113.9,0.2653,52.3,53.7,18.7,17.7,29.9,31.1,33.5,38.1,52.5,52.3,34.7,37.3,37.9,38.2,67.5,10.6,2199,2025
94.7,103.6,0.2639,46.0,52.6,25.5,23.6,28.4,34.1,42.1,48.6,44.9,53.6,32.9,34.1,25.5,42.0,66.1,10.8,2627,2025
95.4,104.4,0.2627,46.5,47.3,19.6,19.9,30.3,34.7,29.1,37.1,45.7,46.5,32.0,32.2,36.0,41.5,70.1,10.9,2640,2025
101.5,111.2,0.2585,48.1,53.2,19.3,15.4,28.8,28.2,32.8,37.1,50.3,52.9,29.7,35.8,37.8,39.5,66.9,15.7,279,2025
103.0,113.1,0.2544,47.6,52.3,19.5,18.9,34.7,30.8,34.4,33.9,48.5,52.0,31.1,35.0,47.3,48.2,66.6,14.4,2630,2025
102.7,112.8,0.2544,48.7,53.8,14.8,16.8,25.8,31.2,28.9,36.0,47.1,52.0,34.0,37.9,40.2,35.9,66.3,13.2,2046,2025
102.6,112.7,0.2527,46.9,54.6,15.8,16.4,34.9,28.0,31.5,33.8,49.0,55.1,28.2,35.9,32.0,41.3,68.2,14.1,2711,2025
100.7,110.8,0.2514,45.5,53.3,18.3,18.5,29.8,31.6,30.4,46.5,46.5,51.1,29.2,37.9,35.5,38.4,71.3,18.5,301,2025
100.7,110.8,0.2489,48.0,52.0,16.3,17.7,31.2,26.7,32.3,33.3,46.8,52.2,33.4,34.5,37.3,41.1,67.3,15.3,2426,2025
101.8,112.2,0.2475,50.1,53.2,17.2,16.3,25.0,30.5,34.3,37.5,51.4,51.6,32.0,36.9,37.3,43.0,65.8,16.3,2692,2025
95.7,105.5,0.2464,46.7,49.2,22.2,20.2,34.6,33.1,32.3,34.1,48.8,47.8,28.7,34.4,36.9,37.1,67.7,12.3,2617,2025
101.9,112.3,0.2462,50.7,49.6,17.4,15.2,25.0,32.4,28.8,22.2,49.0,50.6,35.1,31.9,46.4,34.1,68.1,13.1,2635,2025
98.7,109.0,0.2422,49.0,48.7,20.3,16.7,29.0,30.7,36.9,32.7,49.5,49.7,31.9,31.4,33.7,37.6,69.3,9.2,2065,2025
99.5,110.1,0.2394,50.3,54.3,20.7,15.8,23.0,29.0,36.2,35.5,50.2,54.5,33.7,36.0,47.4,35.4,64.8,18.2,2005,2025
101.4,112.2,0.2384,47.4,51.1,13.0,18.5,27.9,31.9,30.7,39.6,46.5,51.2,32.5,34.0,43.2,40.2,68.2,10.4,2011,2025
95.8,106.1,0.2351,45.0,47.4,21.2,17.7,37.9,31.6,35.1,37.9,42.5,47.6,32.6,31.4,38.6,37.9,63.7,12.3,2612,2025
103.7,115.1,0.2331,49.2,52.2,16.4,13.5,27.3,30.2,29.1,26.1,49.6,50.4,32.5,36.6,44.8,38.5,67.1,12.9,219,2025
98.5,109.4,0.2303,50.2,50.4,16.6,16.7,24.0,28.0,30.5,26.9,49.7,48.3,34.0,35.8,40.3,37.9,66.5,15.8,322,2025
104.6,116.5,0.2261,53.8,52.4,21.2,16.5,28.3,33.3,35.5,41.4,53.2,53.5,36.5,33.5,38.0,34.8,69.6,13.6,47,2025
105.3,117.2,0.226,52.7,56.0,15.4,16.7,26.3,27.3,29.2,25.5,53.6,54.0,34.2,39.1,39.1,41.4,70.9,10.5,171,2025
100.6,112.2,0.2226,44.4,52.0,16.9,16.1,36.3,31.8,31.4,34.9,45.4,51.9,28.4,34.7,35.2,35.6,66.4,14.7,295,2025
100.2,111.8,0.2211,51.1,50.7,15.6,16.1,21.4,29.1,31.5,33.9,49.1,53.0,36.4,31.2,37.3,36.7,67.5,15.2,2329,2025
104.4,116.5,0.2193,50.0,55.0,16.3,13.9,22.6,33.1,35.0,38.2,48.5,56.6,34.4,35.0,45.7,40.2,67.7,17.3,198,2025
101.5,113.4,0.2191,47.3,52.9,17.7,16.3,31.8,30.6,30.4,26.7,47.5,52.6,31.3,35.6,30.6,41.2,65.5,13.8,2520,2025
103.4,115.6,0.2176,49.9,54.3,18.7,21.3,35.1,38.6,39.3,43.0,49.5,57.7,33.8,31.8,33.7,33.6,67.3,13.6,2428,2025
98.2,109.8,0.217,49.3,50.3,17.0,17.4,25.6,32.3,32.3,30.6,49.4,53.3,32.7,29.9,41.3,35.2,69.7,14.9,161,2025
100.0,111.8,0.2166,48.8,53.2,19.8,13.6,31.2,28.3,44.6,33.7,50.6,55.3,30.9,32.0,41.9,29.3,67.9,15.1,2127,2025
103.0,115.2,0.2154,49.2,53.1,18.3,17.5,26.7,34.2,33.6,38.7,48.6,53.4,33.5,34.9,40.0,31.8,67.7,17.5,3101,2025
98.8,110.8,0.2112,45.7,52.9,19.7,18.4,33.7,33.8,31.1,32.0,44.7,55.1,32.0,33.6,30.0,46.3,65.2,14.0,2016,2025
97.2,109.0,0.2111,47.9,50.2,19.5,16.1,28.1,30.2,33.8,35.4,49.8,51.2,29.8,32.5,36.9,38.4,71.1,17.0,2572,2025
98.1,110.4,0.2049,45.7,51.3,16.0,19.1,25.9,35.5,29.8,43.8,45.0,53.8,31.3,31.5,38.1,36.9,66.6,15.8,309,2025
98.2,110.5,0.2045,50.0,52.2,20.4,16.8,32.0,22.8,30.6,31.2,50.6,50.8,32.7,36.1,42.4,40.5,63.6,12.1,104,2025
101.1,113.9,0.2036,49.7,53.7,14.7,16.0,25.8,29.3,25.8,27.1,52.1,55.2,30.8,34.5,41.1,42.2,67.9,11.8,349,2025
100.8,113.6,0.2031,48.4,53.7,18.2,19.6,33.5,31.8,35.1,39.7,47.3,56.5,35.0,33.1,20.9,41.1,70.9,9.9,2169,2025
101.3,114.0,0.2031,52.0,52.0,19.8,16.0,25.8,29.9,23.6,28.8,52.9,54.4,33.9,32.6,41.8,43.8,67.7,12.5,2598,2025
98.5,111.1,0.2016,47.4,50.5,21.6,15.1,31.0,31.8,36.0,33.2,47.7,50.6,31.1,33.6,32.4,27.4,69.3,11.7,253,2025
99.9,112.8,0.1979,51.6,49.9,19.9,12.8,27.2,26.5,34.1,32.7,50.7,51.4,35.5,31.8,36.2,40.0,66.0,13.2,2066,2025
100.6,113.7,0.1977,50.2,52.7,17.7,17.1,28.5,28.2,29.3,29.8,51.1,52.9,32.5,34.9,39.7,35.7,67.0,15.2,2352,2025
109.7,123.9,0.1975,50.4,57.0,15.7,16.0,30.6,33.6,34.1,35.1,46.2,57.8,36.8,37.3,47.3,40.8,65.2,17.6,85,2025
101.9,115.2,0.1958,49.4,53.3,21.4,17.4,28.1,35.7,35.5,35.9,46.9,51.3,35.8,37.9,36.3,36.0,64.4,17.5,299,2025
98.8,111.9,0.1939,45.9,50.3,18.4,14.4,31.2,25.4,37.6,34.7,45.5,49.9,31.2,34.1,34.1,33.4,64.4,13.1,2413,2025
105.6,119.5,0.1938,55.4,54.2,16.1,17.5,19.4,33.4,32.0,27.9,54.4,54.3,38.1,35.9,38.6,34.6,71.0,14.8,2378,2025
99.1,112.2,0.1934,48.0,55.0,17.9,17.9,25.3,31.7,37.4,29.1,48.9,57.3,31.3,35.0,47.7,48.6,68.6,14.0,2678,2025
95.7,108.5,0.1916,45.2,50.7,17.8,19.3,30.0,31.4,36.5,35.0,47.9,50.2,26.7,34.3,34.7,37.7,69.9,11.9,2815,2025
94.0,106.6,0.191,44.1,51.0,18.7,20.8,30.0,30.9,33.0,39.7,42.6,50.2,31.7,34.7,29.7,44.4,66.4,14.5,2197,2025
101.4,115.5,0.183,50.5,51.0,21.6,15.5,28.3,32.6,37.1,38.9,50.0,51.1,34.1,33.8,46.7,36.2,67.6,9.0,50,2025
101.5,115.7,0.1825,49.4,48.6,18.4,10.5,29.0,28.7,34.4,36.9,47.7,48.5,34.8,32.5,39.2,36.3,63.5,18.1,324,2025
100.7,115.4,0.1735,51.1,50.9,18.3,16.2,26.4,29.4,31.4,32.7,49.4,50.1,35.4,34.9,44.5,33.3,65.5,13.6,284,2025
101.6,116.4,0.1725,53.1,53.5,17.9,13.6,23.3,27.0,22.2,25.4,49.6,54.5,38.6,34.5,42.3,37.8,66.2,15.4,107,2025
100.8,115.7,0.1697,51.7,53.7,18.8,17.2,23.7,27.4,29.5,30.6,52.4,52.1,33.9,37.5,43.3,39.0,65.0,15.8,315,2025
102.1,117.4,0.1675,47.4,55.8,18.3,15.0,29.2,31.3,31.3,28.3,45.5,56.8,33.5,36.3,39.4,42.3,65.0,18.5,2619,2025
98.0,112.7,0.1675,46.1,51.4,15.3,15.5,27.0,31.5,30.8,30.1,46.5,52.7,30.2,32.9,35.8,37.9,69.7,19.1,2448,2025
100.6,116.2,0.1606,48.6,55.0,16.4,20.3,22.2,33.3,30.9,38.3,45.8,56.0,35.7,35.7,36.4,39.8,65.0,12.5,2385,2025
100.9,116.5,0.16,50.9,54.8,18.0,14.6,18.4,32.0,37.0,35.4,52.2,54.1,32.9,37.3,46.2,39.4,69.4,22.8,2739,2025
96.6,111.6,0.1588,49.2,53.8,22.5,19.9,28.1,35.9,28.0,36.5,51.1,52.6,31.4,37.4,48.3,34.6,67.8,20.1,2837,2025
99.7,115.4,0.1565,49.8,56.1,19.0,16.6,25.3,32.4,30.4,39.5,53.1,58.3,29.4,35.2,36.9,40.2,73.0,21.0,2908,2025
102.8,119.1,0.1557,49.3,53.0,17.5,16.8,33.9,38.0,36.0,39.5,49.9,51.8,31.5,36.9,21.9,34.7,70.7,12.5,2415,2025
99.4,115.3,0.1534,47.9,51.8,17.2,16.7,27.9,31.3,30.7,35.6,45.4,50.0,35.2,36.7,33.5,36.5,67.3,17.4,88,2025
96.6,112.2,0.1529,47.5,51.4,19.5,18.0,26.8,30.3,36.1,32.9,47.5,49.1,31.6,37.1,35.4,35.3,64.6,15.1,2755,2025
99.0,115.0,0.1505,46.5,54.0,15.6,18.1,29.2,31.5,25.7,31.6,45.5,54.1,31.9,35.9,38.9,36.8,65.8,15.0,2217,2025
104.0,121.2,0.1465,53.7,58.1,17.4,15.4,20.2,30.0,26.5,34.9,53.9,57.8,35.6,39.0,43.2,47.4,66.6,21.1,91,2025
93.9,109.7,0.1434,43.7,50.4,19.4,18.2,31.7,25.0,29.3,39.9,41.5,50.8,31.6,33.2,37.6,42.9,60.5,13.0,2681,2025
97.9,115.2,0.1344,47.2,56.1,16.2,16.6,26.1,29.2,28.8,36.3,48.4,56.9,29.7,36.8,30.1,43.7,68.4,20.1,2698,2025
99.7,117.3,0.1333,50.1,51.1,18.2,14.4,28.1,31.8,27.2,30.6,46.7,50.2,37.3,35.1,37.2,34.8,64.7,16.3,2710,2025
96.2,113.4,0.1311,45.4,51.5,19.3,13.8,26.1,29.7,26.9,33.7,46.1,52.8,29.7,33.2,48.2,44.3,71.0,15.6,2717,2025
95.9,113.3,0.1273,49.0,54.2,19.6,16.5,24.6,31.0,32.8,31.4,51.4,53.4,30.6,37.2,43.8,35.0,71.2,16.6,2084,2025
97.4,115.1,0.1271,45.0,53.6,17.1,16.1,29.0,32.5,31.1,25.1,43.1,55.8,32.5,34.0,33.9,45.1,68.1,20.8,2433,2025
95.4,113.1,0.1242,47.9,54.6,20.5,17.4,27.7,28.0,31.1,39.6,48.9,55.0,31.1,36.1,45.0,46.0,65.8,19.7,16,2025
103.3,122.5,0.1235,51.5,54.7,19.6,16.3,25.7,32.9,37.7,36.9,53.2,54.1,32.8,37.0,41.3,41.4,69.0,19.0,2330,2025
95.0,112.7,0.1221,45.6,51.2,19.1,15.5,31.9,30.5,28.9,39.8,43.9,52.4,33.3,33.2,28.4,47.0,67.4,19.1,2174,2025
99.4,118.4,0.1173,45.9,54.9,18.8,16.1,31.6,35.5,33.9,26.6,46.0,55.1,30.4,36.4,30.7,42.4,69.5,20.0,2443,2025
98.2,117.1,0.1171,47.4,56.8,18.2,16.7,28.6,30.0,28.8,22.6,50.2,55.4,29.6,38.7,47.8,52.1,66.7,18.1,2110,2025
100.1,119.5,0.1155,50.2,53.1,18.7,13.1,24.1,34.3,33.1,27.7,50.2,52.6,33.5,35.9,37.7,41.4,68.0,19.3,56,2025
94.5,113.4,0.1087,47.0,53.5,15.9,16.5,17.0,30.5,31.3,42.7,45.4,51.4,32.5,37.9,49.2,38.3,69.3,21.2,2459,2025
94.6,113.7,0.1075,45.3,50.0,18.0,13.8,27.7,31.8,27.4,38.6,45.0,51.9,30.5,31.0,37.8,35.2,66.6,21.4,2885,2025
94.0,113.5,0.1031,44.2,54.2,21.2,16.4,26.3,30.3,40.0,34.8,46.2,56.0,26.8,34.7,33.5,45.0,68.4,17.5,2239,2025
94.4,114.3,0.1001,45.3,54.1,21.9,21.4,34.7,35.4,39.6,48.0,45.1,51.7,30.3,38.6,41.4,38.1,71.7,15.9,2010,2025
100.3,121.9,0.0961,51.4,57.2,18.5,16.4,18.2,34.6,23.7,30.8,48.7,59.2,36.9,36.2,41.1,40.6,66.3,22.4,2099,2025
96.4,117.9,0.0898,48.2,56.2,16.7,19.9,24.1,39.3,34.5,41.4,48.2,57.9,32.0,35.2,33.3,32.4,70.8,19.4,2504,2025
94.3,115.8,0.0861,47.3,54.2,19.1,16.7,27.7,31.7,26.6,33.3,47.0,56.1,31.8,34.2,40.6,39.5,68.1,19.5,160,2025
94.8,118.1,0.0733,47.1,54.1,19.5,15.0,26.8,32.5,32.1,32.9,49.6,55.7,29.4,34.6,45.5,42.8,64.7,20.3,2643,2025
93.1,116.3,0.0716,44.4,54.9,18.5,18.2,22.6,33.6,26.8,36.9,43.4,55.7,30.6,35.8,40.9,39.4,68.9,21.7,2130,2025
94.7,118.5,0.0706,45.2,55.2,19.8,15.4,26.9,34.5,35.4,39.9,44.8,58.2,30.5,33.6,36.9,38.3,66.7,17.6,2379,2025
95.6,122.4,0.055,49.9,56.5,20.3,16.6,26.1,34.6,33.1,41.2,52.2,58.8,30.8,35.8,37.6,45.3,72.4,18.1,2029,2025
88.3,114.1,0.0499,43.5,56.2,21.7,20.1,26.7,33.5,37.2,37.4,44.0,57.5,28.3,36.3,32.4,40.3,68.4,18.0,2154,2025
82.4,127.2,0.0067,41.3,58.3,24.6,14.8,23.3,38.5,30.7,38.3,41.4,58.9,27.3,38.3,30.3,40.0,65.0,19.0,2400,2025
