Avg_Height,Avg_Weight,Avg_Year,CP,LP,GP,BP,HP,Year,Team
6.432291666666667,199.0,3.4444444444444446,0.20217,0.20698,0.59085,0.32972322503008417,540.025,2025,kansas
6.405555555555555,196.13333333333333,3.2222222222222223,0.05721,0.29703,0.64576,0.2948294829482949,592.0166666666667,2025,auburn
6.3939393939393945,195.0,3.5555555555555554,0.0698,0.25872,0.67148,0.20697954271961494,531.0333333333334,2025,memphis
6.398809523809524,197.14285714285714,3.4444444444444446,0.1269,0.23096,0.64213,0.36421319796954316,504.15833333333336,2025,north-texas
6.372222222222222,202.73333333333332,3.7777777777777777,0,0.42009,0.57991,0.31963470319634707,561.05,2025,alabama-birmingham
6.46111111111111,200.0,2.0,0.01763,0.38287,0.5995,0.23425692695214098,515.3249999999999,2025,tulane
6.479166666666667,200.5,2.5555555555555554,0.12956,0.4629,0.40754,0.3568904593639576,551.2833333333333,2025,florida-atlantic
6.464285714285714,198.92857142857142,3.4444444444444446,0.02888,0.32972,0.6414,0.21179302045728046,531.8249999999999,2025,east-carolina
6.397435897435898,198.92307692307693,3.888888888888889,0.17006,0.23473,0.59521,0.2634730538922156,534.3333333333334,2025,wichita-state
6.505208333333333,196.125,2.3333333333333335,0.00601,0.30531,0.68869,0.3493493493493494,642.8333333333334,2025,temple
6.486111111111112,198.75,3.0,0.00593,0.36773,0.62633,0.3831553973902729,540.2083333333333,2025,south-florida
6.433333333333334,200.0,2.888888888888889,0,0.29856,0.70144,0.3633093525179856,533.8666666666667,2025,tulsa
6.395833333333334,198.5625,2.7777777777777777,0.03675,0.38298,0.58027,0.3810444874274661,657.8499999999999,2025,texas-san-antonio
6.446428571428571,189.5,3.3333333333333335,0,0.40314,0.59686,0.35994764397905765,494.25833333333327,2025,rice
6.529761904761904,205.71428571428572,3.6666666666666665,0.0207,0.46054,0.51876,0.2677878395860285,498.7333333333333,2025,charlotte
6.583333333333333,207.0,1.8888888888888888,0.12974,0.3054,0.56487,0.30080367393800234,576.4916666666667,2025,duke
6.530555555555555,206.66666666666666,3.3333333333333335,0.015,0.4625,0.5225,0.23874999999999996,520.3166666666666,2025,clemson
6.438888888888889,193.4,3.4444444444444446,0.0042,0.17647,0.81933,0.32457983193277307,616.4250000000001,2025,louisville
6.480769230769232,202.6153846153846,2.7777777777777777,0.1548,0.29831,0.54689,0.32994350282485874,571.9000000000001,2025,southern-methodist
6.461538461538462,200.23076923076923,2.7777777777777777,0.131,0.23865,0.63035,0.2425421530479896,498.5083333333333,2025,wake-forest
6.44642857142857,202.35714285714286,2.6666666666666665,0,0.29419,0.70581,0.3023255813953489,545.7416666666667,2025,north-carolina
6.549999999999999,202.86666666666667,2.4444444444444446,0,0.48547,0.51453,0.25423728813559326,542.6833333333333,2025,stanford
6.55357142857143,205.78571428571428,2.7777777777777777,0.05783,0.28415,0.65803,0.3619142572283151,647.1,2025,georgia-tech
6.536458333333333,198.4375,2.5555555555555554,0,0.72976,0.27024,0.29638854296388545,530.8249999999999,2025,florida-state
6.569444444444444,193.33333333333334,2.6666666666666665,0,0.3778,0.6222,0.29634002361275086,544.7166666666666,2025,pittsburgh
6.493589743589744,204.15384615384616,2.2222222222222223,0,0.41126,0.58874,0.2784992784992785,451.8416666666667,2025,virginia
6.4821428571428585,206.78571428571428,2.3333333333333335,0.05191,0.42213,0.52596,0.3879781420765027,474.625,2025,virginia-tech
6.463541666666667,200.0,2.7777777777777777,0.0286,0.31808,0.65332,0.24713958810068654,558.55,2025,notre-dame
6.548611111111111,205.33333333333334,3.0,0.14739,0.39342,0.45918,0.3049886621315193,575.8249999999999,2025,syracuse
6.432291666666666,197.8125,2.888888888888889,0.08114,0.26864,0.65022,0.3684210526315789,586.4583333333333,2025,california
6.398809523809524,202.14285714285714,2.6666666666666665,0,0.35753,0.64247,0.28082191780821913,473.10833333333335,2025,boston-college
6.3690476190476195,189.64285714285714,3.3333333333333335,0,0.22606,0.77394,0.36436170212765945,483.29166666666674,2025,north-carolina-state
6.487179487179487,200.0,2.7777777777777777,0.12806,0.11359,0.75835,0.44320712694877495,578.9666666666667,2025,miami-fl
6.392857142857143,193.21428571428572,3.3333333333333335,0,0.39802,0.60198,0.34059405940594056,657.7499999999999,2025,bryant
6.444444444444444,195.33333333333334,3.111111111111111,0,0.35561,0.64439,0.37231503579952263,539.3083333333334,2025,vermont
6.458333333333333,184.75,3.375,0,0.25339,0.74661,0.15837104072398187,425.5083333333333,2025,maine
6.429487179487179,192.30769230769232,3.0,0,0.30698,0.69302,0.24242424242424243,493.4916666666666,2025,binghamton
6.383333333333335,198.33333333333334,3.111111111111111,0.01106,0.26549,0.72345,0.3595132743362832,570.3416666666666,2025,albany-ny
6.455555555555554,196.33333333333334,2.2222222222222223,0.08909,0.32962,0.58129,0.455456570155902,577.8,2025,new-hampshire
6.371794871794871,189.69230769230768,3.6666666666666665,0,0.52311,0.47689,0.3109243697478991,607.3916666666667,2025,massachusetts-lowell
6.377777777777778,192.06666666666666,3.2222222222222223,0,0.33444,0.66556,0.3333333333333333,572.0583333333334,2025,maryland-baltimore-county
6.440476190476191,202.14285714285714,1.7777777777777777,0.04019,0.27771,0.6821,0.33252131546894026,518.025,2025,njit
6.479166666666665,191.66666666666666,3.0,0.06197,0.08141,0.85662,0.25516403402187116,524.9166666666666,2025,virginia-commonwealth
6.394444444444444,199.26666666666668,3.4444444444444446,0,0.40326,0.59674,0.4102564102564103,553.85,2025,george-mason
6.421875,194.375,3.111111111111111,0.10453,0.14634,0.74913,0.36004645760743326,554.3333333333333,2025,loyola-il
6.40625,199.125,3.3333333333333335,0.03804,0.42577,0.5362,0.29325153374233126,520.2916666666666,2025,dayton
6.465277777777779,202.91666666666666,2.4444444444444446,0.0401,0.39474,0.56516,0.20175438596491227,513.1999999999999,2025,saint-josephs
6.450000000000001,201.4,2.7777777777777777,0.19,0.15333,0.65667,0.2866666666666667,576.1916666666667,2025,saint-louis
6.4375,196.25,2.7777777777777777,0,0.30751,0.69249,0.463680387409201,528.7583333333333,2025,duquesne
6.548611111111111,201.16666666666666,2.0,0.19112,0.03699,0.77189,0.26510480887792837,525.8833333333332,2025,st-bonaventure
6.416666666666667,199.66666666666666,2.4444444444444446,0,0.41956,0.58044,0.29729729729729726,502.4333333333333,2025,george-washington
6.462121212121212,203.9090909090909,3.111111111111111,0.1,0.18353,0.71647,0.27647058823529413,547.2916666666666,2025,rhode-island
6.488095238095236,200.71428571428572,2.4444444444444446,0,0.59148,0.40852,0.2318295739348371,525.725,2025,davidson
6.557692307692308,206.07692307692307,2.6666666666666665,0,0.50185,0.49815,0.31273176761433863,518.3000000000001,2025,massachusetts
6.398809523809524,193.92857142857142,3.0,0.08313,0.3802,0.53667,0.3410757946210269,519.6666666666666,2025,richmond
6.455128205128205,199.6153846153846,2.888888888888889,0,0.19405,0.80595,0.2858990944372575,491.175,2025,la-salle
6.383333333333334,195.4,3.4444444444444446,0.06323,0.34309,0.59368,0.3220140515222482,540.2333333333333,2025,fordham
6.372222222222222,189.8,3.3333333333333335,0.04072,0.42534,0.53394,0.30203619909502266,567.4,2025,lipscomb
6.458333333333333,206.21428571428572,2.6666666666666665,0.0234,0.2117,0.76489,0.3595744680851064,596.0999999999999,2025,north-alabama
6.385416666666667,197.875,2.857142857142857,0,0.37759,0.62241,0.20608575380359614,463.175,2025,florida-gulf-coast
6.398809523809525,193.0,2.7777777777777777,0,0.43462,0.56538,0.3599003735990038,514.8083333333333,2025,jacksonville
6.45,196.13333333333333,2.6666666666666665,0.04118,0.41059,0.54824,0.2952941176470588,541.4,2025,eastern-kentucky
6.386363636363635,190.1818181818182,3.5714285714285716,0.09613,0.2066,0.69727,0.400286944045911,446.83333333333337,2025,queens-nc
6.416666666666666,193.1818181818182,2.7777777777777777,0,0.33065,0.66935,0.24999999999999997,557.3416666666667,2025,north-florida
6.366666666666668,188.33333333333334,3.0,0,0.36173,0.61144,0.2963827304550758,543.8583333333335,2025,austin-peay
6.576923076923077,194.15384615384616,2.888888888888889,0.05006,0.24531,0.70463,0.26783479349186484,517.375,2025,stetson
6.35,201.33333333333334,1.8888888888888888,0,0.16514,0.83486,0.3222477064220183,548.2500000000001,2025,central-arkansas
6.295454545454546,192.1818181818182,3.0,0.09972,0.46122,0.43906,0.3019390581717451,461.44166666666666,2025,west-georgia
6.357142857142857,190.42857142857142,2.7777777777777777,0,0.22473,0.77527,0.41612903225806447,593.8916666666667,2025,bellarmine
6.388888888888889,207.75,3.111111111111111,0.0087,0.27578,0.71553,0.29440993788819875,511.37500000000006,2025,houston
6.504385964912281,201.1578947368421,2.6666666666666665,0.08739,0.29646,0.61615,0.38495575221238937,591.8416666666667,2025,arizona
6.416666666666667,200.3846153846154,3.111111111111111,0.0592,0.37738,0.56342,0.2959830866807612,607.025,2025,texas-tech
6.511904761904761,210.0,3.4444444444444446,0.10665,0.31537,0.57798,0.2786697247706422,566.0583333333334,2025,iowa-state
6.483333333333334,202.33333333333334,2.888888888888889,0.07967,0.27705,0.64328,0.3745541022592152,546.2249999999999,2025,brigham-young
6.375,196.83333333333334,2.888888888888889,0,0.29024,0.70976,0.38170731707317074,526.4416666666666,2025,west-virginia
6.465277777777778,202.58333333333334,2.7777777777777777,0,0.28869,0.71131,0.3205268935236004,583.4916666666667,2025,baylor
6.461111111111112,206.26666666666668,2.6666666666666665,0.11701,0.31604,0.56695,0.44270205066345003,531.8249999999999,2025,texas-christian
6.525641025641024,211.53846153846155,2.888888888888889,0.09686,0.23396,0.66918,0.36477987421383645,514.1666666666666,2025,cincinnati
6.561111111111111,204.53333333333333,3.111111111111111,0.11288,0.48589,0.40123,0.3766871165644173,539.1083333333332,2025,utah
6.5059523809523805,202.71428571428572,3.0,0,0.49542,0.50458,0.3558352402745996,568.5916666666667,2025,kansas-state
6.43452380952381,200.21428571428572,2.7777777777777777,0.13546,0.09692,0.76762,0.302863436123348,586.6083333333333,2025,central-florida
6.455555555555557,201.4,3.5555555555555554,0,0.47287,0.52713,0.3475452196382429,501.0416666666667,2025,oklahoma-state
6.3809523809523805,190.57142857142858,2.75,0,0.38443,0.61557,0.2798053527980535,533.9333333333333,2025,arizona-state
6.473958333333334,196.6875,2.888888888888889,0.10336,0.50201,0.39463,0.37986577181208053,487.91666666666663,2025,colorado
6.596153846153845,203.15384615384616,2.7777777777777777,0.0,0.29419,0.70581,0.28372093023255807,560.4666666666667,2025,st-johns-ny
6.547619047619046,204.28571428571428,2.875,0.24388,0.33296,0.42316,0.3307349665924277,585.9749999999999,2025,creighton
6.4,200.0,2.6666666666666665,0,0.44542,0.55458,0.23588456712672523,514.0250000000001,2025,marquette
6.513888888888888,205.58333333333334,2.6666666666666665,0.00574,0.65672,0.33754,0.2812858783008037,568.0499999999998,2025,connecticut
6.377777777777777,201.86666666666667,3.4444444444444446,0,0.43412,0.56588,0.2847058823529412,545.2083333333334,2025,xavier
6.437499999999999,210.25,2.888888888888889,0.04816,0.35995,0.59189,0.17490494296577946,509.17499999999995,2025,villanova
6.488095238095238,210.21428571428572,2.0,0.0369,0.37515,0.58795,0.22140221402214022,530.3,2025,georgetown
6.507575757575757,208.72727272727272,3.111111111111111,0.14861,0.20403,0.64736,0.2443324937027708,521.9916666666666,2025,butler
6.494791666666666,211.1875,2.6666666666666665,0.05567,0.36598,0.57835,0.4855670103092783,624.2583333333333,2025,providence
6.470238095238095,202.85714285714286,2.5555555555555554,0.03799,0.19946,0.76255,0.3134328358208956,476.35833333333335,2025,seton-hall
6.451388888888889,202.0,3.2222222222222223,0,0.33665,0.66335,0.38136645962732924,516.5166666666668,2025,depaul
6.429487179487178,200.46153846153845,2.7777777777777777,0,0.35412,0.64588,0.31411764705882356,544.3416666666667,2025,montana
6.458333333333333,201.83333333333334,3.111111111111111,0.0273,0.37315,0.59954,0.2787258248009101,566.5333333333333,2025,northern-colorado
6.446969696969697,205.36363636363637,3.6666666666666665,0.08861,0.35558,0.55581,0.3716915995397008,560.4416666666667,2025,portland-state
6.442307692307693,202.30769230769232,2.888888888888889,0.07152,0.35504,0.57344,0.243933588761175,501.9583333333333,2025,idaho-state
6.416666666666666,195.78571428571428,2.888888888888889,0,0.46539,0.53461,0.37708830548926003,539.3166666666666,2025,idaho
6.535714285714286,206.78571428571428,3.5555555555555554,0,0.41146,0.58854,0.3307291666666667,501.4,2025,montana-state
6.451388888888889,204.58333333333334,3.3333333333333335,0.01988,0.39503,0.58509,0.2546583850931677,518.8499999999999,2025,northern-arizona
6.5256410256410255,205.3846153846154,2.7777777777777777,0,0.25972,0.74028,0.25470514429109165,514.4416666666666,2025,eastern-washington
6.544871794871795,207.46153846153845,3.0,0.0514,0.41589,0.53271,0.3422897196261683,553.5333333333334,2025,weber-state
6.470238095238096,197.14285714285714,2.2222222222222223,0.02397,0.28196,0.69406,0.44863013698630144,564.1750000000001,2025,sacramento-state
6.4907407407407405,203.94444444444446,3.5555555555555554,0,0.38337,0.61663,0.40263691683569985,634.0,2025,high-point
6.458333333333334,190.14285714285714,3.0,0,0.27979,0.72021,0.27553191489361706,600.2999999999998,2025,north-carolina-asheville
6.411111111111111,193.06666666666666,3.2222222222222223,0.05518,0.4009,0.54392,0.2837837837837838,570.1500000000001,2025,winthrop
6.434523809523809,205.14285714285714,3.4444444444444446,0,0.34913,0.65087,0.40149625935162103,514.7833333333333,2025,radford
6.333333333333333,200.3125,2.888888888888889,0,0.39421,0.60579,0.39866369710467714,566.5,2025,longwood
6.374999999999999,192.08333333333334,2.888888888888889,0,0.31922,0.68078,0.3878718535469108,560.675,2025,presbyterian
6.444444444444444,198.75,2.888888888888889,0,0.49375,0.50625,0.3489583333333333,617.2666666666667,2025,charleston-southern
6.398809523809523,204.85714285714286,3.111111111111111,0,0.2327,0.7673,0.2654088050314465,503.46666666666664,2025,gardner-webb
6.347222222222221,189.16666666666666,2.0,0,0.27511,0.72489,0.34703196347031956,557.3499999999999,2025,south-carolina-upstate
6.461538461538462,202.69230769230768,2.7777777777777777,0.12453,0.35741,0.51806,0.3997509339975094,520.125,2025,michigan-state
6.46875,204.8125,3.111111111111111,0,0.48521,0.51479,0.2769230769230769,557.8166666666666,2025,michigan
6.470588235294118,205.05882352941177,3.111111111111111,0,0.35849,0.64151,0.24764150943396226,551.1416666666667,2025,wisconsin
6.44047619047619,204.35714285714286,2.888888888888889,0.20408,0.22676,0.56916,0.2086167800453515,570.6499999999999,2025,maryland
6.5,199.25,2.6666666666666665,0.07564,0.47308,0.45128,0.33717948717948726,509.425,2025,ucla
6.546875,206.25,2.2222222222222223,0.09838,0.38194,0.51968,0.3020833333333333,563.0,2025,purdue
6.527777777777778,205.66666666666666,2.0,0.14447,0.35779,0.49774,0.3148984198645598,583.475,2025,illinois
6.458333333333333,195.0625,3.5555555555555554,0.169,0.36468,0.46633,0.2922490470139772,510.52500000000003,2025,oregon
6.487179487179488,208.07692307692307,2.888888888888889,0.16368,0.39307,0.44325,0.29390681003584235,550.9666666666666,2025,indiana
6.483333333333333,203.8,2.7777777777777777,0.03351,0.48216,0.48432,0.3286486486486487,590.4666666666667,2025,ohio-state
6.474358974358974,209.15384615384616,3.5555555555555554,0.04082,0.3648,0.59439,0.25000000000000006,511.70833333333337,2025,nebraska
6.488095238095239,209.28571428571428,2.3333333333333335,0.12529,0.16092,0.71379,0.32758620689655166,572.0916666666667,2025,rutgers
6.523809523809525,214.92857142857142,2.7777777777777777,0.05237,0.35952,0.58812,0.3504531722054381,647.5083333333333,2025,iowa
6.553571428571429,205.71428571428572,3.0,0.08473,0.2709,0.64437,0.2530657748049053,581.7666666666667,2025,northwestern
6.452380952380954,209.71428571428572,3.5555555555555554,0,0.46424,0.53576,0.2766531713900135,480.8500000000001,2025,minnesota
6.511904761904762,202.78571428571428,3.3333333333333335,0,0.4256,0.5744,0.36323851203501095,594.5083333333333,2025,southern-california
6.511904761904761,201.64285714285714,3.111111111111111,0.032,0.30286,0.66514,0.3165714285714285,566.8,2025,penn-state
6.499999999999999,205.07692307692307,3.3333333333333335,0.09512,0.27073,0.63415,0.3097560975609756,533.775,2025,washington
6.409722222222222,194.83333333333334,3.25,0.03475,0.32819,0.63707,0.3011583011583011,499.93333333333334,2025,california-san-diego
6.375,190.78571428571428,2.6666666666666665,0.19976,0.213,0.58724,0.2767749699157641,535.275,2025,california-irvine
6.392857142857143,191.07142857142858,3.5555555555555554,0,0.54201,0.45799,0.2840236686390532,546.4916666666668,2025,cal-state-northridge
6.409090909090909,194.54545454545453,2.5,0.08502,0.2834,0.63158,0.20782726045883945,468.7583333333333,2025,california-riverside
6.447368421052633,203.10526315789474,3.111111111111111,0,0.41023,0.58977,0.3897727272727272,570.1083333333335,2025,california-santa-barbara
6.458333333333334,197.42857142857142,3.0,0,0.20027,0.79973,0.25901201602136176,475.15000000000003,2025,california-davis
6.446428571428571,202.42857142857142,3.0,0,0.51832,0.48168,0.39213025780189964,478.44999999999993,2025,hawaii
6.462121212121212,202.9090909090909,3.0,0.0152,0.20777,0.77703,0.3682432432432432,379.57499999999993,2025,cal-state-bakersfield
6.383333333333335,194.8,2.7777777777777777,0,0.09969,0.90031,0.35571878279118574,607.8416666666668,2025,cal-poly
6.535714285714287,197.5,2.6666666666666665,0.03187,0.2749,0.69323,0.3027888446215138,485.15000000000003,2025,long-beach-state
6.403846153846154,207.46153846153845,3.0,0.08073,0.23437,0.6849,0.47395833333333326,493.2416666666667,2025,cal-state-fullerton
6.346153846153846,196.53846153846155,3.0,0,0.20455,0.79545,0.29040404040404044,505.65,2025,towson
6.438888888888889,196.4,3.5555555555555554,0.08671,0.14258,0.77071,0.49421965317919075,668.1416666666665,2025,north-carolina-wilmington
6.355555555555555,200.13333333333333,2.7777777777777777,0,0.31683,0.68317,0.2915291529152916,585.8083333333333,2025,college-of-charleston
6.466666666666667,196.46666666666667,3.4444444444444446,0,0.32696,0.67304,0.4437367303609342,610.6750000000001,2025,william-mary
6.466666666666666,195.53333333333333,3.4444444444444446,0.01636,0.42523,0.55841,0.3831775700934579,553.8916666666667,2025,campbell
6.447916666666667,196.6875,2.5555555555555554,0,0.19169,0.80831,0.25335120643431636,485.7416666666667,2025,monmouth
6.482142857142856,202.28571428571428,2.5555555555555554,0.07071,0.28395,0.64534,0.2592592592592592,583.1916666666666,2025,elon
6.398809523809524,195.92857142857142,2.625,0,0.1983,0.8017,0.4107648725212464,449.25833333333327,2025,hampton
6.493589743589744,201.15384615384616,2.3333333333333335,0,0.2774,0.7226,0.2543978349120433,476.7416666666667,2025,drexel
6.493589743589743,198.84615384615384,2.888888888888889,0.04889,0.08964,0.86147,0.27823050058207216,556.7416666666668,2025,northeastern
6.435897435897436,200.6153846153846,3.111111111111111,0,0.20106,0.79894,0.36111111111111116,483.17499999999995,2025,hofstra
6.422619047619046,197.28571428571428,2.888888888888889,0,0.2911,0.7089,0.25456621004566216,563.7833333333334,2025,delaware
6.365384615384615,200.30769230769232,2.2222222222222223,0.0359,0.21014,0.75396,0.2639915522703274,599.85,2025,north-carolina-at
6.500000000000001,198.63636363636363,3.0,0,0.25995,0.74005,0.2785145888594165,484.1166666666667,2025,stony-brook
6.403846153846154,202.0,2.7777777777777777,0.09124,0.22689,0.68187,0.34093637454982,532.7666666666668,2025,jacksonville-state
6.438888888888888,201.73333333333332,3.0,0,0.50446,0.49554,0.38839285714285726,570.7249999999999,2025,liberty
6.466666666666667,196.8,3.2222222222222223,0.15604,0.25513,0.58884,0.3337129840546697,565.125,2025,middle-tennessee
6.484848484848485,210.45454545454547,3.857142857142857,0.07626,0.23397,0.68977,0.29116117850953205,365.35833333333335,2025,new-mexico-state
6.372222222222223,198.86666666666667,2.2222222222222223,0,0.32506,0.67494,0.2943262411347518,542.5333333333333,2025,kennesaw-state
6.44642857142857,202.57142857142858,3.111111111111111,0,0.20209,0.79791,0.302477183833116,491.19166666666666,2025,texas-el-paso
6.435897435897436,198.46153846153845,2.7777777777777777,0,0.33598,0.66402,0.34165720771850167,571.3750000000001,2025,louisiana-tech
6.33974358974359,195.23076923076923,3.4444444444444446,0.01903,0.29915,0.68182,0.3583509513742072,601.5833333333334,2025,western-kentucky
6.371794871794872,201.92307692307693,3.111111111111111,0,0.37162,0.62838,0.3310810810810811,566.9499999999999,2025,sam-houston-state
6.267857142857143,181.35714285714286,2.75,0,0.28242,0.71758,0.3948126801152737,442.9666666666667,2025,florida-international
6.409722222222221,192.5,2.6666666666666665,0,0.46816,0.53184,0.27122641509433953,545.5500000000001,2025,robert-morris
6.365384615384615,200.07692307692307,2.888888888888889,0,0.25917,0.74083,0.36467889908256884,552.2583333333333,2025,cleveland-state
6.395833333333333,190.0,3.2222222222222223,0.08195,0.39667,0.52138,0.31828978622327797,536.3000000000001,2025,youngstown-state
6.394444444444444,198.46666666666667,3.6666666666666665,0,0.31544,0.68456,0.3187294633077765,581.7666666666665,2025,milwaukee
6.368055555555556,192.5,3.111111111111111,0,0.2041,0.7959,0.3101482326111744,550.1666666666667,2025,ipfw
6.43452380952381,192.5,3.111111111111111,0,0.63564,0.36436,0.29920212765957444,484.38333333333327,2025,oakland
6.3999999999999995,191.0,3.2222222222222223,0,0.20604,0.79396,0.260989010989011,469.14166666666665,2025,northern-kentucky
6.474358974358973,202.30769230769232,3.0,0.01568,0.49216,0.49216,0.2895054282267792,532.7333333333333,2025,wright-state
6.467948717948717,210.3846153846154,2.5555555555555554,0.0631,0.34286,0.59405,0.27380952380952384,540.6,2025,iupui
6.483333333333333,204.8,2.3333333333333335,0,0.28522,0.71478,0.43871706758304696,556.8583333333332,2025,detroit-mercy
6.466666666666667,196.3,2.8333333333333335,0.0,0.07218,0.92782,0.2646616541353384,420.34999999999997,2025,green-bay
6.405555555555555,199.86666666666667,2.6666666666666665,0.08842,0.30632,0.60526,0.31789473684210523,613.5416666666665,2025,yale
6.375,189.8,3.0,0,0.49568,0.50432,0.2688039457459926,516.4750000000001,2025,dartmouth
6.395833333333333,196.25,2.3333333333333335,0,0.33374,0.66626,0.37001209189842804,525.0333333333333,2025,princeton
6.447368421052632,203.89473684210526,3.111111111111111,0,0.42699,0.57301,0.37865055387714003,637.5416666666666,2025,cornell
6.363095238095236,189.07142857142858,2.7777777777777777,0,0.23649,0.76351,0.26890756302521013,528.2166666666667,2025,brown
6.357142857142857,189.28571428571428,2.0,0,0.19434,0.80566,0.27155727155727155,498.7416666666667,2025,harvard
6.476190476190476,206.07142857142858,2.6666666666666665,0.04046,0.5335,0.42604,0.3286978508217446,509.425,2025,pennsylvania
6.455882352941177,192.47058823529412,2.5555555555555554,0,0.3621,0.6379,0.42261904761904767,643.5833333333334,2025,columbia
6.427777777777778,197.66666666666666,2.3333333333333335,0,0.4,0.6,0.2993464052287582,490.51666666666665,2025,marist
6.487179487179487,200.3846153846154,2.888888888888889,0,0.52118,0.47882,0.25160462130937106,503.56666666666666,2025,quinnipiac
6.314102564102565,194.23076923076923,3.111111111111111,0,0.28593,0.71407,0.17964071856287422,414.89166666666665,2025,merrimack
6.386904761904761,190.78571428571428,2.888888888888889,0,0.47124,0.52876,0.31701346389228896,524.8499999999999,2025,mount-st-marys
6.394444444444444,194.33333333333334,2.6666666666666665,0,0.29854,0.70146,0.3992718446601941,524.5833333333334,2025,iona
6.416666666666666,197.0625,2.111111111111111,0.0,0.30893,0.69107,0.23697270471464024,507.5916666666667,2025,manhattan
6.4107142857142865,191.0,2.7777777777777777,0,0.46195,0.53805,0.3837209302325582,608.6166666666666,2025,sacred-heart
6.431372549019608,192.7058823529412,2.3333333333333335,0.12379,0.23058,0.64563,0.2924757281553398,527.2833333333333,2025,siena
6.364583333333333,192.375,3.2222222222222223,0,0.30299,0.69701,0.4226932668329177,504.2416666666666,2025,fairfield
6.369047619047619,194.14285714285714,3.0,0,0.31206,0.68794,0.2638297872340426,452.29999999999995,2025,rider
6.41025641025641,198.07692307692307,2.888888888888889,0,0.25667,0.74333,0.3646759847522237,502.55,2025,saint-peters
6.416666666666666,203.72727272727272,3.111111111111111,0.10137,0.04932,0.84932,0.36438356164383573,465.84999999999997,2025,niagara
6.361111111111112,195.25,2.5555555555555554,0,0.34844,0.65156,0.19121813031161472,451.2416666666667,2025,canisius
6.284722222222222,195.83333333333334,3.3333333333333335,0,0.27701,0.72299,0.43743315508021396,585.1666666666667,2025,akron
6.411111111111111,196.53333333333333,2.0,0.07,0.33222,0.59778,0.3844444444444444,581.5500000000001,2025,miami-oh
6.395833333333333,194.25,3.4444444444444446,0.09423,0.30153,0.60424,0.37102473498233207,536.6083333333333,2025,kent-state
6.454545454545456,194.0909090909091,2.5555555555555554,0,0.4038,0.5962,0.23037974683544302,506.0583333333334,2025,toledo
6.374999999999999,193.16666666666666,3.0,0.07073,0.29706,0.63221,0.3318824809575625,584.6083333333333,2025,ohio
6.448717948717948,198.84615384615384,3.2222222222222223,0.22875,0.18125,0.59,0.27125,515.2666666666667,2025,ball-state
6.453703703703704,197.11111111111111,3.4285714285714284,0.06745,0.47218,0.46037,0.14165261382799324,380.4916666666667,2025,eastern-michigan
6.470238095238095,205.35714285714286,2.7777777777777777,0,0.26055,0.73945,0.28829915560916775,531.725,2025,western-michigan
6.517857142857143,202.14285714285714,2.7777777777777777,0.04914,0.31429,0.63657,0.29028571428571426,572.0666666666667,2025,central-michigan
6.488095238095238,196.42857142857142,3.0,0,0.43087,0.56913,0.3472668810289389,595.9583333333333,2025,bowling-green-state
6.506410256410257,196.92307692307693,1.8888888888888888,0.08205,0.13077,0.78718,0.36794871794871803,500.60833333333335,2025,buffalo
6.322916666666667,184.0625,2.4444444444444446,0,0.26872,0.73128,0.3502202643171807,578.75,2025,northern-illinois
6.437500000000001,193.75,3.6666666666666665,0,0.38266,0.61734,0.36994219653179194,553.7416666666667,2025,norfolk-state
6.442708333333333,195.3125,2.7777777777777777,0,0.40044,0.59956,0.448577680525164,588.825,2025,south-carolina-state
6.465277777777779,204.5,3.4444444444444446,0.00529,0.13228,0.86243,0.3513227513227514,602.9999999999999,2025,howard
6.435897435897435,201.3846153846154,3.111111111111111,0.03846,0.41466,0.54688,0.24879807692307696,529.6083333333333,2025,delaware-state
6.4,193.53333333333333,3.4444444444444446,0,0.24327,0.75673,0.3250249252243271,633.2583333333336,2025,morgan-state
6.345238095238095,194.14285714285714,3.5555555555555554,0,0.27583,0.72417,0.4355697550585729,600.8333333333333,2025,north-carolina-central
6.303571428571429,190.21428571428572,3.0,0,0.30576,0.69424,0.4376498800959233,534.4333333333333,2025,coppin-state
6.4423076923076925,194.23076923076923,2.7777777777777777,0,0.30548,0.69452,0.27154046997389025,487.2,2025,maryland-eastern-shore
6.4416666666666655,199.8,3.0,0,0.29459,0.70541,0.22297297297297297,477.70000000000005,2025,drake
6.383333333333335,202.0,3.0,0,0.34016,0.65984,0.3708759954493743,558.4083333333333,2025,bradley
6.388888888888888,197.0,2.6666666666666665,0.13813,0.26484,0.59703,0.31849315068493145,563.6,2025,northern-iowa
6.467948717948719,193.6153846153846,2.888888888888889,0,0.303,0.697,0.32488479262672815,566.2583333333334,2025,belmont
6.409722222222221,200.83333333333334,2.6666666666666665,0,0.34657,0.65343,0.34777376654632974,529.425,2025,illinois-state
6.3819444444444455,199.41666666666666,3.3333333333333335,0,0.48414,0.51586,0.36310223266745006,541.5916666666666,2025,illinois-chicago
6.448717948717948,194.23076923076923,3.3333333333333335,0,0.32058,0.67942,0.2427440633245382,486.1666666666667,2025,murray-state
6.4772727272727275,205.45454545454547,2.2222222222222223,0.03367,0.25701,0.70932,0.3782267115600449,570.9583333333333,2025,southern-illinois
6.493055555555556,194.16666666666666,2.2857142857142856,0.04467,0.21306,0.74227,0.20103092783505158,372.0333333333333,2025,evansville
6.4642857142857135,200.35714285714286,2.5555555555555554,0,0.25906,0.74094,0.36772777167947324,588.9583333333334,2025,indiana-state
6.4,196.0,2.4444444444444446,0,0.30361,0.69639,0.3289156626506024,533.8249999999999,2025,valparaiso
6.410714285714286,201.85714285714286,2.6666666666666665,0,0.22839,0.77161,0.2812903225806451,490.1666666666667,2025,missouri-state
6.527777777777779,207.25,2.6666666666666665,0,0.69034,0.30966,0.24796274738067522,557.3,2025,new-mexico
6.467948717948719,197.76923076923077,3.2222222222222223,0.04592,0.25373,0.70034,0.3536165327210103,559.6166666666667,2025,utah-state
6.45138888888889,201.66666666666666,2.888888888888889,0,0.23057,0.76943,0.2878980891719745,504.3,2025,colorado-state
6.404761904761904,196.21428571428572,2.4444444444444446,0,0.34533,0.65467,0.32933333333333326,485.5416666666667,2025,san-diego-state
6.5,214.58333333333334,2.5555555555555554,0,0.74447,0.25553,0.2628992628992628,529.9583333333334,2025,boise-state
6.482142857142857,208.64285714285714,2.6666666666666665,0,0.36111,0.63889,0.29419191919191917,513.1416666666667,2025,nevada-las-vegas
6.568181818181818,197.36363636363637,3.4444444444444446,0,0.54075,0.45925,0.28331177231565335,505.29999999999995,2025,nevada
6.409090909090909,199.54545454545453,3.111111111111111,0.02311,0.1837,0.79319,0.3004866180048661,523.6583333333334,2025,san-jose-state
6.470238095238096,198.35714285714286,3.111111111111111,0.06332,0.23879,0.69789,0.3720316622691293,490.3833333333334,2025,wyoming
6.465277777777778,194.33333333333334,2.5555555555555554,0.03305,0.25267,0.71429,0.39339019189765473,602.0833333333334,2025,fresno-state
6.5,204.58823529411765,2.3333333333333335,0.12817,0.38873,0.4831,0.34507042253521125,464.7916666666667,2025,air-force
6.386363636363637,192.8181818181818,3.3333333333333335,0,0.4194,0.5806,0.3098236775818639,503.15833333333336,2025,central-connecticut-state
6.416666666666667,199.2,2.625,0,0.38949,0.61051,0.383307573415765,412.0083333333333,2025,long-island-university
6.326923076923078,199.23076923076923,2.7777777777777777,0,0.14987,0.85013,0.2864721485411141,475.29166666666663,2025,mercyhurst
6.339285714285714,190.35714285714286,2.888888888888889,0.02363,0.30721,0.66915,0.2823383084577114,509.59999999999997,2025,fairleigh-dickinson
6.268518518518518,186.94444444444446,2.111111111111111,0,0.24691,0.75309,0.4804526748971193,608.2083333333334,2025,saint-francis-pa
6.381944444444444,198.91666666666666,3.2222222222222223,0.022,0.34719,0.63081,0.4180929095354524,517.1750000000001,2025,wagner
6.46111111111111,198.33333333333334,2.7777777777777777,0.00763,0.38422,0.60814,0.30407124681933845,506.1666666666667,2025,stonehill
6.366666666666666,192.86666666666667,3.0,0,0.35618,0.64382,0.4700772200772201,662.0916666666667,2025,le-moyne
6.410714285714286,196.85714285714286,3.0,0,0.16438,0.83562,0.39315068493150684,467.4083333333334,2025,chicago-state
6.4743589743589745,200.76923076923077,3.0,0.04089,0.18463,0.77447,0.2825278810408922,507.44999999999993,2025,southeast-missouri-state
6.405555555555556,200.93333333333334,3.0,0,0.4436,0.5564,0.405639913232104,591.9833333333333,2025,southern-illinois-edwardsville
6.5,193.0,2.5555555555555554,0,0.45687,0.54313,0.28554070473876064,533.475,2025,arkansas-little-rock
6.464285714285714,200.35714285714286,3.0,0.0214,0.40991,0.56869,0.40202702702702703,566.25,2025,tennessee-tech
6.5,207.26666666666668,2.888888888888889,0,0.52306,0.47694,0.41719077568134166,618.7416666666666,2025,tennessee-state
6.448717948717948,194.23076923076923,3.3333333333333335,0,0.38235,0.61765,0.4252450980392157,525.3,2025,morehead-state
6.4305555555555545,198.16666666666666,2.7777777777777777,0,0.20073,0.79927,0.3228536880290206,530.125,2025,lindenwood
6.458333333333333,197.5,2.4444444444444446,0,0.2762,0.7238,0.3045622688039457,519.3333333333334,2025,tennessee-martin
6.375,190.25,3.2222222222222223,0,0.28788,0.71212,0.3356643356643357,542.0666666666666,2025,eastern-illinois
6.364583333333334,193.5625,2.7777777777777777,0,0.29621,0.70379,0.3495260663507109,539.15,2025,southern-indiana
6.507575757575759,204.0,3.4444444444444446,0.04366,0.27012,0.68622,0.2169167803547067,470.34999999999997,2025,western-illinois
6.394444444444445,198.2,2.7777777777777777,0,0.52799,0.47201,0.29898218829516543,500.70000000000005,2025,american
6.429487179487179,196.6153846153846,3.111111111111111,0.2007,0.24178,0.55751,0.3262910798122066,550.3916666666667,2025,bucknell
6.304347826086955,195.56521739130434,2.7777777777777777,0,0.47881,0.52119,0.29896907216494845,544.9333333333332,2025,army
6.434523809523809,199.64285714285714,2.888888888888889,0.18237,0.10282,0.71481,0.3255813953488373,529.9416666666667,2025,colgate
6.494444444444444,205.0,2.6666666666666665,0.0151,0.30197,0.68293,0.43670150987224166,554.5666666666667,2025,boston-university
6.304166666666667,196.45,2.6666666666666665,0.11192,0.15937,0.72871,0.3600973236009733,511.8416666666667,2025,navy
6.398809523809524,188.5,2.4444444444444446,0.17572,0.22197,0.60231,0.38728323699421957,551.6333333333333,2025,lafayette
6.411111111111111,196.06666666666666,2.888888888888889,0,0.47082,0.52918,0.28145265888456555,497.5250000000001,2025,loyola-md
6.375000000000001,200.66666666666666,2.0,0,0.33333,0.66667,0.375736160188457,542.4166666666666,2025,holy-cross
6.440476190476192,197.07142857142858,2.3333333333333335,0.01471,0.27376,0.71154,0.33484162895927605,562.1750000000001,2025,lehigh
6.519230769230769,205.46153846153845,2.6666666666666665,0.06532,0.32107,0.61362,0.41122355105795777,699.0416666666666,2025,alabama
6.494791666666666,202.0,2.7777777777777777,0.09549,0.25966,0.64485,0.31008583690987124,603.1833333333334,2025,florida
6.428571428571429,194.42857142857142,3.4444444444444446,0.08995,0.11098,0.79907,0.29906542056074764,549.4833333333333,2025,tennessee
6.489583333333334,208.9375,3.4444444444444446,0.0459,0.2623,0.6918,0.35956284153005463,591.0,2025,missouri
6.461538461538462,206.23076923076923,3.7777777777777777,0,0.2887,0.7113,0.3464373464373464,520.0500000000001,2025,texas-am
6.461538461538462,204.92307692307693,3.3333333333333335,0.06231,0.30426,0.63344,0.3707165109034268,628.0166666666667,2025,kentucky
6.403846153846154,204.0,3.5555555555555554,0,0.40244,0.59756,0.30487804878048785,522.675,2025,mississippi
6.4222222222222225,208.26666666666668,3.111111111111111,0.10629,0.21371,0.68,0.34171428571428575,557.1166666666667,2025,mississippi-state
6.3500000000000005,200.33333333333334,3.0,0,0.37122,0.62878,0.32043530834341,525.425,2025,vanderbilt
6.375,195.64285714285714,2.3333333333333335,0,0.37244,0.62756,0.29384965831435084,569.1333333333333,2025,arkansas
6.538461538461538,204.6153846153846,2.3333333333333335,0.05327,0.34383,0.60291,0.32808716707021784,541.4916666666667,2025,georgia
6.535714285714286,195.0,3.4444444444444446,0,0.36721,0.63279,0.32131147540983607,594.625,2025,texas
6.416666666666667,193.07692307692307,3.3333333333333335,0.02985,0.39552,0.57463,0.26492537313432835,514.9250000000001,2025,oklahoma
6.505555555555556,203.6,2.5555555555555554,0,0.39404,0.60596,0.3940397350993377,583.8,2025,louisiana-state
6.467948717948717,197.6153846153846,2.888888888888889,0,0.43264,0.56736,0.28108808290155446,498.05000000000007,2025,south-carolina
6.377777777777779,198.53333333333333,3.2222222222222223,0,0.38901,0.61099,0.3329596412556054,566.5583333333333,2025,chattanooga
6.400000000000001,193.73333333333332,3.6666666666666665,0,0.44099,0.55901,0.3130434782608695,510.5666666666667,2025,north-carolina-greensboro
6.397058823529413,197.58823529411765,2.5555555555555554,0.09048,0.31257,0.59694,0.3419506462984724,549.6833333333334,2025,samford
6.452380952380952,204.42857142857142,3.3333333333333335,0.01583,0.38977,0.5944,0.2582216808769793,525.8916666666667,2025,east-tennessee-state
6.533333333333333,204.6,2.888888888888889,0,0.45809,0.54191,0.3846153846153846,562.3,2025,furman
6.423611111111111,205.41666666666666,2.888888888888889,0.14268,0.17805,0.67927,0.33536585365853666,523.6083333333333,2025,wofford
6.424242424242425,195.72727272727272,1.8571428571428572,0,0.37288,0.62712,0.44530046224961484,412.9083333333334,2025,virginia-military-institute
6.4375,207.08333333333334,3.111111111111111,0.03802,0.41475,0.54724,0.35253456221198154,550.6416666666668,2025,mercer
6.434523809523808,197.07142857142858,2.7777777777777777,0.0,0.46475,0.53525,0.31984334203655357,493.27500000000003,2025,western-carolina
6.395833333333334,197.9375,2.6666666666666665,0.0,0.32642,0.67358,0.383419689119171,494.64166666666665,2025,citadel
6.3076923076923075,187.53846153846155,3.3333333333333335,0,0.13179,0.86821,0.4577464788732395,630.7583333333333,2025,mcneese-state
6.472222222222222,197.5,3.4444444444444446,0.14662,0.25188,0.6015,0.33959899749373434,510.6583333333333,2025,lamar
6.345238095238094,193.5,3.5555555555555554,0,0.37607,0.62393,0.42094017094017094,597.0250000000001,2025,nicholls-state
6.380952380952381,203.78571428571428,2.888888888888889,0.00747,0.47572,0.51681,0.29016189290161887,509.0333333333333,2025,southeastern-louisiana
6.392857142857143,188.28571428571428,3.0,0.11052,0.33476,0.55472,0.4549356223175966,598.5166666666665,2025,texas-am-corpus-christi
6.38690476190476,197.78571428571428,2.888888888888889,0.01501,0.24284,0.74216,0.34924965893588006,463.14166666666654,2025,northwestern-state
6.326923076923077,191.53846153846155,3.0,0,0.48753,0.51247,0.27285318559556787,457.51666666666665,2025,houston-baptist
6.433333333333334,194.73333333333332,3.0,0.08413,0.27284,0.64303,0.27043269230769235,538.3166666666666,2025,incarnate-word
6.400000000000001,202.93333333333334,3.3333333333333335,0.03967,0.27538,0.68495,0.40723453908984836,550.1333333333333,2025,stephen-f-austin
6.352941176470588,193.58823529411765,3.3333333333333335,0.04984,0.11376,0.8364,0.39761646803900313,587.7333333333332,2025,texas-pan-american
6.346153846153846,195.07692307692307,3.111111111111111,0,0.3762,0.6238,0.4911080711354308,464.69999999999993,2025,texas-am-commerce
6.294871794871795,189.07692307692307,2.3333333333333335,0,0.21323,0.78677,0.37628278221208666,553.5833333333334,2025,new-orleans
6.423076923076923,205.30769230769232,3.2222222222222223,0.01248,0.41199,0.57553,0.2372034956304619,511.7416666666666,2025,nebraska-omaha
6.3690476190476195,191.78571428571428,2.888888888888889,0,0.19913,0.80087,0.35146898803046783,583.5916666666667,2025,st-thomas-mn
6.5,210.54545454545453,2.0,0,0.48899,0.51101,0.30359212050984935,559.0083333333333,2025,south-dakota-state
6.444444444444444,197.25,3.0,0,0.42007,0.57993,0.26681367144432194,586.3666666666667,2025,north-dakota-state
6.527777777777778,201.25,3.2222222222222223,0.09328,0.12581,0.78091,0.32104121475054237,593.625,2025,south-dakota
6.5059523809523805,202.42857142857142,2.7777777777777777,0.15527,0.28273,0.56199,0.30475086906141374,558.1583333333333,2025,north-dakota
6.429487179487181,190.76923076923077,2.2222222222222223,0.05854,0.23775,0.7037,0.36200716845878134,532.3499999999999,2025,denver
6.435897435897436,191.23076923076923,3.0,0,0.24331,0.75669,0.4086146682188591,551.1583333333334,2025,missouri-kansas-city
6.512820512820512,199.69230769230768,2.6666666666666665,0.06571,0.33811,0.59618,0.29510155316606934,533.95,2025,oral-roberts
6.390625,199.1875,3.3333333333333335,0.13704,0.1716,0.69136,0.2864197530864198,514.5,2025,james-madison
6.438888888888888,193.73333333333332,3.3333333333333335,0,0.44592,0.55408,0.36423841059602646,586.1166666666667,2025,arkansas-state
6.402777777777778,201.25,3.111111111111111,0,0.26463,0.73537,0.3151595744680851,476.15833333333336,2025,south-alabama
6.434523809523809,202.42857142857142,2.6666666666666665,0.03781,0.5867,0.37549,0.36114732724902215,496.54166666666663,2025,troy
6.4375,195.1875,3.6666666666666665,0,0.41611,0.58389,0.3277404921700224,576.425,2025,marshall
6.401041666666666,198.0625,3.111111111111111,0.15225,0.25822,0.58952,0.3215590742996346,527.275,2025,appalachian-state
6.352564102564102,194.15384615384616,3.5555555555555554,0.00999,0.41958,0.57043,0.3926073926073925,631.2750000000001,2025,texas-state
6.448717948717948,198.30769230769232,2.888888888888889,0,0.35344,0.64656,0.23039806996381187,537.5166666666668,2025,georgia-state
6.41025641025641,190.3846153846154,2.888888888888889,0,0.15336,0.84664,0.42458808618504434,503.675,2025,louisiana-lafayette
6.482142857142856,197.5,3.2222222222222223,0,0.38194,0.61806,0.3553240740740741,550.5083333333333,2025,georgia-southern
6.37962962962963,195.77777777777777,2.4444444444444446,0.07861,0.4185,0.50289,0.4115606936416185,557.8,2025,old-dominion
6.354166666666666,199.8125,3.111111111111111,0.05251,0.30338,0.64411,0.37106184364060685,548.5666666666666,2025,southern-mississippi
6.423076923076923,203.76923076923077,2.7777777777777777,0.15804,0.21399,0.62797,0.27552447552447557,463.69166666666666,2025,coastal-carolina
6.384615384615383,197.23076923076923,3.0,0,0.29405,0.70595,0.3407234539089848,551.7166666666667,2025,louisiana-monroe
6.326923076923076,190.76923076923077,3.0,0,0.30132,0.69868,0.45,482.7666666666666,2025,southern
6.338888888888889,199.26666666666668,2.7777777777777777,0.11183,0.15806,0.73011,0.403225806451613,584.8333333333333,2025,jackson-state
6.452380952380953,198.92857142857142,3.3333333333333335,0.04875,0.40703,0.54422,0.31405895691609975,565.2083333333334,2025,bethune-cookman
6.394444444444445,193.33333333333334,3.6666666666666665,0,0.39232,0.60768,0.4946695095948827,594.85,2025,texas-southern
6.402777777777778,192.08333333333334,3.2222222222222223,0.04348,0.11553,0.84099,0.3291925465838509,508.1083333333333,2025,alabama-state
6.401041666666666,195.625,3.5555555555555554,0,0.38218,0.61782,0.40211019929660013,542.5999999999999,2025,florida-am
6.303921568627452,186.35294117647058,3.0,0,0.24876,0.75124,0.42661691542288566,502.5,2025,alcorn-state
6.433333333333334,204.13333333333333,2.888888888888889,0.0,0.42393,0.57607,0.3485045513654097,490.7833333333334,2025,grambling
6.4375,191.95,3.3333333333333335,0,0.27657,0.72343,0.5170278637770896,620.3000000000002,2025,alabama-am
6.31547619047619,195.5,3.2222222222222223,0,0.14644,0.85356,0.2897489539748954,592.0166666666668,2025,prairie-view
6.477777777777778,204.33333333333334,2.6666666666666665,0,0.33911,0.66089,0.4431202600216684,598.3083333333334,2025,arkansas-pine-bluff
6.422619047619048,196.92857142857142,3.111111111111111,0.05965,0.33909,0.60126,0.3987441130298273,407.05000000000007,2025,mississippi-valley-state
6.506410256410256,198.23076923076923,2.3333333333333335,0.16811,0.25216,0.57973,0.342398022249691,528.925,2025,utah-valley
6.467948717948717,207.30769230769232,3.2222222222222223,0.01138,0.4198,0.56883,0.3333333333333333,570.9000000000001,2025,grand-canyon
6.428571428571429,191.71428571428572,2.5555555555555554,0.04297,0.32682,0.63021,0.328125,493.90833333333336,2025,abilene-christian
6.423076923076923,197.23076923076923,3.111111111111111,0.2606,0.08853,0.65087,0.286783042394015,508.075,2025,california-baptist
6.378205128205129,190.30769230769232,3.4444444444444446,0,0.43721,0.56279,0.3595890410958904,559.9750000000001,2025,texas-arlington
6.270833333333333,189.6875,2.111111111111111,0,0.41741,0.58259,0.48071216617210677,646.1416666666667,2025,tarleton-state
6.403846153846152,200.92307692307693,3.0,0.04665,0.26794,0.68541,0.37200956937799046,532.5583333333334,2025,seattle
6.30128205128205,185.46153846153845,3.625,0,0.416,0.584,0.26666666666666666,476.1083333333333,2025,southern-utah
6.400000000000001,190.53333333333333,3.0,0.03842,0.10827,0.85332,0.3911525029103608,543.5416666666667,2025,dixie-state
6.534722222222221,205.0,2.6666666666666665,0.23766,0.21039,0.55195,0.2688311688311688,503.9583333333333,2025,saint-marys-ca
6.517857142857143,205.78571428571428,2.6666666666666665,0,0.33646,0.66354,0.3001172332942555,547.8416666666666,2025,san-francisco
6.5,204.92857142857142,3.3333333333333335,0.04883,0.431,0.52017,0.3322717622080679,615.2166666666667,2025,gonzaga
6.529761904761904,199.78571428571428,3.4444444444444446,0.14966,0.32313,0.52721,0.33446712018140595,576.6666666666666,2025,santa-clara
6.607142857142856,203.92857142857142,2.75,0.17185,0.39242,0.43572,0.3071718538565628,482.025,2025,oregon-state
6.544871794871796,206.23076923076923,3.2222222222222223,0.03378,0.40541,0.56081,0.23243243243243242,487.84999999999997,2025,loyola-marymount
6.451388888888889,198.75,3.0,0,0.67116,0.32884,0.3226141078838174,627.3,2025,washington-state
6.613095238095239,204.28571428571428,2.2222222222222223,0.10684,0.28932,0.60384,0.3493397358943578,548.9666666666666,2025,portland
6.480769230769231,197.30769230769232,2.7777777777777777,0.01277,0.57727,0.40996,0.2848020434227331,511.17499999999995,2025,pepperdine
6.488095238095238,204.5,3.111111111111111,0.06077,0.26816,0.67107,0.23910171730515198,490.26666666666665,2025,pacific
6.4444444444444455,196.33333333333334,2.7777777777777777,0.14602,0.25221,0.60177,0.4446902654867257,585.0749999999999,2025,san-diego
