Avg_Height,Avg_Weight,Avg_Year,CP,LP,GP,BP,Year,ID
6.544871794871795,205.92307692307693,2.111111111111111,0.05548,0.318,0.62652,0.2110960757780784,2011,41
6.431372549019607,206.05882352941177,2.0,0.05528,0.54423,0.40049,0.2923832923832924,2011,183
6.46875,217.4375,2.4444444444444446,0.04153,0.37823,0.58025,0.3636363636363636,2011,2306
6.3392857142857135,202.8571428571429,2.4444444444444446,0.0,0.46092,0.53908,0.3436781609195402,2011,112358
6.467948717948717,203.92307692307693,3.111111111111111,0.0647,0.40647,0.52883,0.2250351617440224,2011,2540
6.387254901960784,198.4705882352941,2.888888888888889,0.04444,0.37076,0.5848,0.4678362573099414,2011,333
6.44871794871795,210.7692307692308,2.6666666666666665,0.0,0.23136,0.76864,0.308483290488432,2011,2439
6.392857142857144,200.42857142857144,2.888888888888889,0.1144,0.32974,0.55585,0.2624495289367429,2011,2086
6.422222222222223,203.53333333333333,2.7777777777777777,0.0,0.66809,0.33191,0.2780141843971631,2011,245
6.3819444444444455,200.0,3.0,0.01006,0.25287,0.73707,0.2040229885057471,2011,2261
6.444444444444445,217.0,2.555555555555556,0.11895,0.25864,0.62241,0.2572614107883818,2011,127
6.5625,222.3333333333333,2.6666666666666665,0.0,0.41667,0.58333,0.2014925373134328,2011,87
6.46969696969697,211.63636363636363,2.555555555555556,0.0,0.30637,0.69363,0.1710875331564986,2011,222
6.493055555555556,210.5,2.333333333333333,0.25094,0.2809,0.46816,0.3420724094881398,2011,2250
6.451388888888888,211.66666666666663,2.7777777777777777,0.02375,0.35511,0.62114,0.2945368171021378,2011,142
6.371794871794871,207.30769230769232,2.888888888888889,0.01511,0.47527,0.50962,0.2527472527472527,2011,228
6.440476190476191,215.3571428571429,3.333333333333333,0.0,0.47952,0.52048,0.274768824306473,2011,277
6.462121212121212,209.1818181818182,3.333333333333333,0.01937,0.4307,0.54993,0.2414307004470939,2011,295
6.500000000000001,220.0,2.888888888888889,0.04859,0.54604,0.40537,0.272378516624041,2011,21
6.427083333333333,211.5,2.7777777777777777,0.00286,0.6,0.39714,0.1914285714285714,2011,275
6.422619047619048,213.92857142857144,1.6666666666666667,0.0295,0.24779,0.72271,0.2020648967551622,2011,130
6.472222222222221,212.5,2.4444444444444446,0.04576,0.52221,0.43203,0.1816958277254374,2011,57
6.3055555555555545,201.16666666666663,2.7777777777777777,0.0,0.37353,0.62647,0.1612057667103539,2011,251
6.533333333333333,219.7,2.111111111111111,0.0,0.32891,0.67109,0.1405835543766578,2011,96
6.520833333333334,210.4375,2.555555555555556,0.04313,0.56739,0.38949,0.2237196765498652,2011,163
6.5,211.25,2.7777777777777777,0.0,0.36996,0.63004,0.234304932735426,2011,252
6.294871794871795,195.3846153846154,2.6666666666666665,0.0,0.41176,0.58824,0.2202462380300957,2011,30
6.346153846153846,194.6153846153846,2.875,0.01683,0.51613,0.46704,0.2272089761570827,2011,2458
6.455128205128205,207.6153846153846,3.0,0.13261,0.40595,0.46143,0.3599458728010825,2011,2006
6.453125,205.875,2.4444444444444446,0.0404,0.49242,0.46717,0.3914141414141415,2011,52
6.458333333333333,216.25,2.888888888888889,0.01438,0.2915,0.69412,0.2300653594771242,2011,2670
6.340277777777778,198.75,2.4444444444444446,0.0,0.59563,0.40437,0.2677595628415301,2011,104
6.365384615384615,207.3846153846154,2.4444444444444446,0.0,0.31094,0.68906,0.2371541501976284,2011,2509
6.434523809523809,205.07142857142856,2.888888888888889,0.17946,0.27991,0.54063,0.3577878103837471,2011,2305
6.402777777777778,205.16666666666663,2.6666666666666665,0.23311,0.23649,0.53041,0.2297297297297297,2011,2473
6.423611111111112,205.0,2.6666666666666665,0.0,0.45876,0.54124,0.1968162083936324,2011,213
6.463541666666667,211.5625,3.111111111111111,0.15768,0.44675,0.39557,0.2226832641770401,2011,257
6.398809523809524,210.2142857142857,3.4444444444444446,0.00641,0.3141,0.67949,0.2435897435897436,2011,2747
6.41025641025641,210.6153846153846,2.555555555555556,0.0,0.49529,0.50471,0.2395693135935397,2011,2244
6.421875,202.3125,2.111111111111111,0.0,0.58374,0.41626,0.3009708737864078,2011,153
6.5256410256410255,207.30769230769232,2.6666666666666665,0.16418,0.36092,0.4749,0.260515603799186,2011,356
6.388888888888888,209.0833333333333,2.888888888888889,0.0,0.46089,0.53911,0.1578212290502793,2011,61
6.365384615384615,206.53846153846155,2.4444444444444446,0.06746,0.29112,0.64142,0.3573964497041419,2011,97
6.519230769230769,216.92307692307693,2.4444444444444446,0.16109,0.43494,0.40397,0.198265179677819,2011,238
6.458333333333334,217.28571428571428,2.6666666666666665,0.07048,0.30186,0.62766,0.2167553191489361,2011,46
6.453125,213.75,2.888888888888889,0.08651,0.33079,0.5827,0.2900763358778627,2011,2633
6.402777777777778,210.8333333333333,3.333333333333333,0.0,0.444,0.556,0.2906666666666666,2011,328
6.405555555555555,202.4,1.8888888888888888,0.0,0.42579,0.57421,0.4343065693430657,2011,235
6.423076923076923,201.15384615384616,2.555555555555556,0.08856,0.12534,0.7861,0.3896457765667574,2011,282
6.462121212121213,211.3636363636364,2.555555555555556,0.09079,0.35678,0.55243,0.2480818414322251,2011,218
6.345238095238096,210.5,3.4444444444444446,0.0,0.37313,0.62687,0.2510176390773405,2011,2599
6.284722222222222,195.0,2.7777777777777777,0.0,0.42216,0.57784,0.2260479041916167,2011,2612
6.403846153846154,218.46153846153845,2.6666666666666665,0.08145,0.27318,0.64536,0.2832080200501252,2011,269
6.422619047619047,212.2142857142857,2.0,0.16066,0.41136,0.42798,0.1717451523545706,2011,26
6.45,217.7333333333333,2.4444444444444446,0.03061,0.51786,0.45153,0.3252551020408163,2011,12
6.36904761904762,205.3571428571429,2.4444444444444446,0.12961,0.35553,0.51486,0.3210463733650416,2011,2427
6.461538461538462,211.92307692307693,2.555555555555556,0.0,0.36777,0.63223,0.2947658402203856,2011,2083
6.416666666666666,210.78571428571428,2.888888888888889,0.0226,0.45339,0.52401,0.2867231638418079,2011,2132
6.409722222222222,208.3333333333333,2.7777777777777777,0.05044,0.3432,0.60636,0.356359649122807,2011,264
6.298611111111111,206.5,2.6666666666666665,0.0,0.33702,0.66298,0.175414364640884,2011,2413
6.320512820512821,208.7692307692308,3.2222222222222223,0.0,0.29435,0.70565,0.3588709677419355,2011,2031
6.431818181818182,215.1818181818182,2.2222222222222223,0.0,0.38327,0.61673,0.2034956304619226,2011,194
6.506944444444444,214.5833333333333,2.333333333333333,0.0,0.39381,0.60619,0.3404482390608324,2011,150
6.404761904761905,209.8571428571429,2.333333333333333,0.0,0.46738,0.53262,0.2423435419440746,2011,2636
6.493589743589744,210.6153846153846,2.6666666666666665,0.15747,0.27725,0.56528,0.1453566621803499,2011,2752
6.371212121212122,210.45454545454547,2.111111111111111,0.00699,0.42238,0.57063,0.1636363636363636,2011,5
6.467948717948719,217.30769230769232,2.6666666666666665,0.08712,0.43434,0.47854,0.2916666666666666,2011,221
6.430555555555556,210.41666666666663,2.6666666666666665,0.0,0.40949,0.59051,0.3857677902621723,2011,2057
6.375,198.5,3.111111111111111,0.04113,0.53342,0.42545,0.3110539845758355,2011,68
6.534722222222222,211.25,2.7777777777777777,0.01711,0.32029,0.66259,0.1907090464547677,2011,38
6.395833333333333,211.66666666666663,2.875,0.0711,0.50832,0.42057,0.2284417549167927,2011,147
6.403846153846154,205.3846153846154,3.0,0.05741,0.247,0.69559,0.4218958611481976,2011,2755
6.361111111111111,184.16666666666663,2.2222222222222223,0.11538,0.37775,0.50687,0.276098901098901,2011,47
6.455128205128206,205.0,2.111111111111111,0.08261,0.26087,0.65652,0.1971014492753623,2011,2681
6.465277777777779,213.16666666666663,2.555555555555556,0.06589,0.30879,0.62532,0.4134366925064599,2011,258
6.392857142857144,208.28571428571428,2.7777777777777777,0.00642,0.5828,0.41078,0.3376123234916558,2011,36
6.46111111111111,202.8,1.7777777777777777,0.14207,0.25241,0.60552,0.2027586206896552,2012,41
6.43859649122807,204.8947368421053,2.555555555555556,0.12362,0.45288,0.4235,0.3537331701346389,2012,183
6.427777777777777,218.0,2.2222222222222223,0.10201,0.31409,0.58389,0.3154362416107382,2012,2306
6.25,196.92307692307693,2.888888888888889,0.0,0.51472,0.48528,0.2237926972909305,2012,112358
6.435897435897435,203.53846153846155,3.2222222222222223,0.03098,0.39281,0.57621,0.3011152416356878,2012,2439
6.388888888888889,217.5,2.6666666666666665,0.06901,0.34115,0.58984,0.2799479166666667,2012,66
6.333333333333333,197.91666666666663,3.333333333333333,0.00706,0.30471,0.68824,0.2494117647058823,2012,314
6.375,205.0833333333333,2.6666666666666665,0.0,0.29062,0.70938,0.3368560105680317,2012,167
6.447916666666666,215.5,2.4444444444444446,0.20267,0.37067,0.42667,0.2946666666666666,2012,127
6.346153846153846,208.46153846153845,2.888888888888889,0.0,0.25725,0.74275,0.2660781841109709,2012,21
6.401515151515151,197.8181818181818,3.2222222222222223,0.12514,0.36848,0.50637,0.3174971031286211,2012,2174
6.465277777777779,211.5,2.555555555555556,0.25878,0.29649,0.44473,0.258777633289987,2012,2250
6.465277777777778,209.75,2.6666666666666665,0.16756,0.41622,0.41622,0.3745997865528281,2012,166
6.493055555555557,222.66666666666663,2.111111111111111,0.02807,0.54545,0.42647,0.179144385026738,2012,277
6.506410256410256,210.0,2.555555555555556,0.01416,0.36827,0.61756,0.2294617563739376,2012,38
6.553030303030303,222.72727272727272,2.2222222222222223,0.0,0.37835,0.62165,0.3503649635036495,2012,87
6.401515151515152,213.0,3.333333333333333,0.0349,0.21179,0.75331,0.1588447653429603,2012,142
6.395833333333333,197.5,3.555555555555556,0.0,0.14413,0.85587,0.2193877551020408,2012,333
6.434523809523809,209.28571428571428,2.555555555555556,0.03288,0.41555,0.55157,0.2346786248131538,2012,275
6.487179487179488,206.53846153846155,2.555555555555556,0.0,0.58455,0.41545,0.2930029154518951,2012,261
6.416666666666667,217.07142857142856,2.4444444444444446,0.03814,0.22881,0.73305,0.2401129943502825,2012,130
6.444444444444444,211.25,2.4444444444444446,0.12655,0.22208,0.65136,0.2121588089330025,2012,57
6.393939393939394,209.27272727272728,1.8888888888888888,0.0,0.30447,0.69553,0.2395128552097428,2012,251
6.4444444444444455,211.3333333333333,1.8888888888888888,0.0,0.55879,0.44121,0.2149178255372946,2012,96
6.474358974358974,205.0,2.555555555555556,0.0,0.5029,0.4971,0.2624854819976771,2012,252
6.416666666666666,213.2142857142857,2.7777777777777777,0.00713,0.57632,0.41655,0.2681883024251069,2012,139
6.470238095238097,209.92857142857144,3.4444444444444446,0.03427,0.41983,0.5459,0.3892288861689107,2012,52
6.506410256410257,213.84615384615384,2.111111111111111,0.04611,0.17291,0.78098,0.2622478386167147,2012,2670
6.3910256410256405,207.92307692307693,2.6666666666666665,0.0,0.30649,0.69351,0.2987012987012988,2012,2509
6.43452380952381,201.3571428571429,2.888888888888889,0.11968,0.30851,0.57181,0.175531914893617,2012,2305
6.395833333333333,208.5,2.888888888888889,0.0,0.50509,0.49491,0.3784570596797671,2012,58
6.333333333333333,200.16666666666663,3.111111111111111,0.00391,0.49479,0.5013,0.2317708333333333,2012,93
6.452380952380953,205.0,2.555555555555556,0.03266,0.52889,0.43844,0.3517587939698492,2012,179
6.3921568627450975,208.05882352941177,2.555555555555556,0.11266,0.2439,0.64344,0.3914053426248547,2012,97
6.505555555555556,207.8,2.4444444444444446,0.0,0.62912,0.37088,0.2718998862343571,2012,153
6.4868421052631575,213.8421052631579,2.4444444444444446,0.00594,0.43536,0.55869,0.2971768202080237,2012,108
6.388888888888888,199.3333333333333,2.6666666666666665,0.0,0.40981,0.59019,0.1645021645021644,2012,2352
6.421875,204.0,2.555555555555556,0.0,0.53922,0.46078,0.2732843137254902,2012,84
6.544871794871794,219.6153846153846,2.7777777777777777,0.01266,0.55696,0.43038,0.2822784810126582,2012,2608
6.544444444444443,219.66666666666663,3.0,0.15835,0.39401,0.44763,0.2044887780548628,2012,238
6.470588235294118,203.52941176470588,3.2222222222222223,0.22476,0.214,0.56124,0.2893674293405114,2012,2450
6.5625,215.5,2.111111111111111,0.19368,0.46703,0.33929,0.2417582417582417,2012,46
6.380952380952381,198.2142857142857,2.888888888888889,0.03657,0.43632,0.52711,0.2585119798234552,2012,2329
6.402777777777779,203.91666666666663,3.111111111111111,0.00255,0.34483,0.65262,0.2017879948914431,2012,299
6.444444444444445,213.26666666666668,2.555555555555556,0.06796,0.35922,0.57282,0.2801664355062413,2012,258
6.394444444444444,203.8,2.333333333333333,0.0,0.40297,0.59703,0.3607305936073059,2012,235
6.4375,206.25,2.7777777777777777,0.11111,0.18642,0.70247,0.2444444444444443,2012,218
6.487179487179485,211.3846153846154,3.111111111111111,0.1787,0.28152,0.53978,0.2998776009791922,2012,2724
6.388888888888889,209.3333333333333,1.7777777777777777,0.0,0.38306,0.61694,0.3548387096774194,2012,98
6.467948717948717,224.30769230769232,2.0,0.03201,0.4251,0.54289,0.3226632522407171,2012,333
6.505555555555556,204.53333333333333,2.555555555555556,0.0,0.467,0.533,0.2303860523038604,2012,2166
6.363636363636363,205.0909090909091,2.888888888888889,0.0107,0.37299,0.61631,0.2847593582887701,2012,36
6.392857142857144,206.42857142857144,2.2222222222222223,0.15498,0.3813,0.46371,0.2829028290282903,2012,156
6.416666666666666,225.9090909090909,2.555555555555556,0.06031,0.41978,0.5199,0.2569360675512666,2012,269
6.441666666666667,206.8,2.2222222222222223,0.0,0.25931,0.74069,0.2617866004962779,2012,2571
6.366666666666666,204.3333333333333,3.111111111111111,0.03683,0.36161,0.60156,0.2466517857142856,2012,2427
6.352564102564102,202.46153846153845,3.2222222222222223,0.0,0.23567,0.76433,0.3299363057324841,2012,2572
6.461538461538461,211.07692307692307,2.555555555555556,0.03247,0.27662,0.69091,0.2233766233766233,2012,2132
6.300000000000001,199.8,3.5,0.17896,0.19945,0.62158,0.2718579234972677,2012,145
6.519230769230769,219.3846153846154,2.2222222222222223,0.02372,0.54806,0.42821,0.2072409488139825,2012,194
6.53030303030303,215.0,2.4444444444444446,0.0,0.42642,0.57358,0.2452830188679245,2012,150
6.392857142857143,208.28571428571428,2.333333333333333,0.00276,0.33517,0.66207,0.2579310344827586,2012,195
6.4444444444444455,204.3333333333333,2.4444444444444446,0.0,0.58552,0.41448,0.2496878901373283,2012,239
6.516666666666666,213.9333333333333,2.555555555555556,0.10263,0.52816,0.36921,0.2340425531914894,2012,152
6.477777777777778,213.53333333333333,2.6666666666666665,0.0,0.38826,0.61174,0.2596754057428215,2012,25
6.386904761904761,205.57142857142856,2.888888888888889,0.13655,0.22088,0.64257,0.2248995983935742,2012,2752
6.435897435897435,209.6153846153846,2.6666666666666665,0.0902,0.42876,0.48105,0.2300653594771242,2012,149
6.394444444444445,212.66666666666663,3.111111111111111,0.03023,0.35465,0.61512,0.3360465116279071,2012,2057
6.381944444444444,205.75,2.4444444444444446,0.11096,0.10964,0.77939,0.4240422721268165,2012,68
6.506410256410256,210.0,2.555555555555556,0.01416,0.36827,0.61756,0.2294617563739376,2012,38
6.41025641025641,211.92307692307693,2.888888888888889,0.09402,0.39072,0.51526,0.4041514041514042,2012,147
6.301282051282052,196.15384615384616,2.2222222222222223,0.10235,0.07884,0.81881,0.2959889349930844,2012,2755
6.404761904761905,196.07142857142856,2.2222222222222223,0.11653,0.18699,0.69648,0.3495934959349593,2012,47
6.409722222222222,201.66666666666663,2.555555555555556,0.0568,0.16777,0.77543,0.2708058124174373,2012,2681
6.444444444444445,213.26666666666668,2.555555555555556,0.06796,0.35922,0.57282,0.2801664355062413,2012,258
6.363636363636363,205.0909090909091,2.888888888888889,0.0107,0.37299,0.61631,0.2847593582887701,2012,36
6.483333333333333,208.53333333333333,2.333333333333333,0.11243,0.50132,0.38624,0.2275132275132275,2013,183
6.371794871794872,212.46153846153845,2.75,0.0,0.25626,0.74374,0.2533136966126657,2013,2306
6.363636363636363,199.54545454545453,3.25,0.0,0.62639,0.37361,0.4212860310421286,2013,112358
6.486111111111111,208.0,2.4444444444444446,0.0,0.52157,0.47843,0.2941176470588235,2013,2439
6.380952380952381,212.8571428571429,3.2222222222222223,0.05307,0.31958,0.62736,0.2747641509433962,2013,66
6.422619047619048,201.0,2.7777777777777777,0.15789,0.39612,0.44598,0.2049861495844875,2013,2086
6.422619047619048,213.3571428571429,2.555555555555556,0.01923,0.36538,0.61538,0.2656249999999999,2013,145
6.381944444444444,201.66666666666663,2.7777777777777777,0.17042,0.1493,0.68028,0.2309859154929577,2013,167
6.506410256410256,216.3846153846154,2.7777777777777777,0.0,0.41322,0.58678,0.3128689492325856,2013,142
6.479166666666667,209.16666666666663,2.2222222222222223,0.01401,0.31513,0.67087,0.1904761904761904,2013,38
6.541666666666667,219.6428571428572,2.555555555555556,0.23674,0.40814,0.35512,0.3625154130702836,2013,166
6.4423076923076925,211.15384615384616,2.555555555555556,0.15148,0.43596,0.41256,0.2586206896551724,2013,2250
6.473958333333334,217.0625,2.111111111111111,0.28216,0.1964,0.52144,0.2309820193637621,2013,127
6.435897435897436,211.15384615384616,2.4444444444444446,0.0,0.43959,0.56041,0.197962154294032,2013,222
6.4,206.3333333333333,2.6666666666666665,0.0,0.31311,0.68689,0.3434466019417476,2013,21
6.458333333333333,194.0833333333333,2.555555555555556,0.0,0.372,0.628,0.248,2013,526
6.5984848484848495,223.1818181818182,2.555555555555556,0.09032,0.37548,0.53419,0.3096774193548388,2013,87
6.520833333333333,212.66666666666663,2.4444444444444446,0.0,0.35567,0.64433,0.3505154639175258,2013,256
6.428571428571428,209.7142857142857,2.4444444444444446,0.07215,0.54978,0.37807,0.2972582972582973,2013,275
6.45,218.3333333333333,1.6666666666666667,0.03409,0.31439,0.65152,0.2095959595959596,2013,130
6.371212121212121,206.8181818181818,2.555555555555556,0.08568,0.13811,0.77621,0.190537084398977,2013,2325
6.346153846153848,203.15384615384616,2.888888888888889,0.01967,0.25792,0.7224,0.2480874316939891,2013,314
6.423611111111111,204.0,2.888888888888889,0.13307,0.31489,0.55204,0.2635046113306984,2013,57
6.371794871794871,210.3846153846154,3.2222222222222223,0.02222,0.55294,0.42484,0.3071895424836601,2013,139
6.433333333333334,207.46666666666667,2.555555555555556,0.20681,0.50063,0.29256,0.3505674653215636,2013,2006
6.5,212.0833333333333,2.6666666666666665,0.02417,0.23537,0.74046,0.2455470737913485,2013,2670
6.363636363636362,196.8181818181818,3.111111111111111,0.24718,0.02119,0.73164,0.2048022598870056,2013,2582
6.404761904761906,198.2142857142857,2.25,0.19599,0.11874,0.68526,0.2646638054363376,2013,2305
6.467948717948719,209.07692307692307,2.888888888888889,0.00282,0.30508,0.69209,0.2372881355932203,2013,356
6.363095238095239,203.92857142857144,2.555555555555556,0.14086,0.32107,0.53807,0.2842639593908629,2013,97
6.453125,211.625,2.0,0.0,0.35025,0.64975,0.271039603960396,2013,153
6.466666666666666,214.4,2.111111111111111,0.0326,0.19325,0.77416,0.280558789289872,2013,197
6.493589743589744,212.46153846153845,2.75,0.03184,0.38929,0.57887,0.2170767004341534,2013,135
6.437499999999999,208.91666666666663,2.7777777777777777,0.00959,0.45068,0.53973,0.2876712328767123,2013,201
6.494791666666666,207.25,2.555555555555556,0.0,0.55043,0.44957,0.2515188335358445,2013,84
6.512820512820512,211.15384615384616,2.0,0.08215,0.22096,0.69688,0.2181303116147308,2013,108
6.458333333333333,212.5,2.888888888888889,0.05832,0.40219,0.53949,0.3207776427703523,2013,2608
6.416666666666666,203.63636363636363,3.6666666666666665,0.01419,0.23613,0.74968,0.3574193548387097,2013,2674
6.571428571428572,216.5,2.111111111111111,0.01745,0.59195,0.3906,0.3167785234899329,2013,46
6.357142857142857,205.5,2.555555555555556,0.0,0.48148,0.51852,0.314176245210728,2013,235
6.534722222222222,215.0,3.111111111111111,0.0,0.53614,0.46386,0.2141918528252299,2013,218
6.444444444444444,218.41666666666663,2.6666666666666665,0.03163,0.38564,0.58273,0.3795620437956205,2013,2724
6.390625,206.8125,3.0,0.10024,0.38186,0.5179,0.328162291169451,2013,2466
6.493589743589744,216.3846153846154,3.2222222222222223,0.10358,0.27621,0.6202,0.2813299232736573,2013,2390
6.333333333333334,204.375,3.4444444444444446,0.03181,0.48548,0.48271,0.3997233748271093,2013,279
6.369791666666667,206.5,2.555555555555556,0.0,0.41624,0.58376,0.3020304568527918,2013,98
6.500000000000001,198.6428571428572,3.0,0.0,0.42105,0.57895,0.2354570637119113,2013,2166
6.391025641025641,200.7692307692308,2.7777777777777777,0.05913,0.22076,0.72011,0.2917214191852825,2013,2335
6.384615384615385,205.6153846153846,3.111111111111111,0.0,0.47175,0.52825,0.2194480946123521,2013,36
6.416666666666666,219.6153846153846,2.7777777777777777,0.07123,0.3757,0.55307,0.2807262569832402,2013,269
6.427083333333334,208.75,2.888888888888889,0.1707,0.38862,0.44068,0.3159806295399516,2013,156
6.479166666666667,211.66666666666663,2.4444444444444446,0.06505,0.14158,0.79337,0.2283163265306121,2013,68
6.511904761904761,225.3571428571429,2.111111111111111,0.06463,0.23129,0.70408,0.3049886621315192,2013,26
6.372222222222221,208.66666666666663,3.555555555555556,0.03252,0.3794,0.58808,0.4051490514905149,2013,2393
6.477777777777779,209.6,2.7777777777777777,0.0,0.50278,0.49722,0.2277777777777777,2013,2083
6.381944444444443,203.5833333333333,2.6666666666666665,0.0,0.30984,0.69016,0.2841163310961969,2013,2571
6.452380952380952,208.2142857142857,2.4444444444444446,0.0865,0.38139,0.53211,0.2621231979030143,2013,12
6.493589743589743,210.30769230769232,3.0,0.11248,0.21674,0.67078,0.2921810699588477,2013,2132
6.486111111111111,213.75,2.4444444444444446,0.06566,0.56772,0.36662,0.2462380300957592,2013,194
6.44047619047619,212.07142857142856,2.7777777777777777,0.14268,0.47601,0.38131,0.337121212121212,2013,2483
6.590909090909091,217.72727272727272,2.555555555555556,0.00119,0.46961,0.5292,0.1561382598331346,2013,150
6.355555555555555,194.0,3.4444444444444446,0.0,0.50972,0.49028,0.2765321375186846,2013,2448
6.512820512820513,211.15384615384616,2.4444444444444446,0.0083,0.68683,0.30486,0.2301304863582443,2013,152
6.55128205128205,215.92307692307693,2.888888888888889,0.0,0.33011,0.66989,0.2058011049723757,2013,25
6.435897435897435,206.23076923076923,2.7777777777777777,0.06625,0.4,0.53375,0.27375,2013,149
6.5,216.3,2.555555555555556,0.10227,0.3821,0.51562,0.3423295454545454,2013,221
6.371794871794871,211.53846153846155,3.2222222222222223,0.01399,0.31807,0.66794,0.1806615776081425,2013,2057
6.361111111111111,205.41666666666663,3.0,0.13975,0.25,0.61025,0.234472049689441,2013,399
6.479166666666667,211.66666666666663,2.4444444444444446,0.06505,0.14158,0.79337,0.2283163265306121,2013,68
6.479166666666667,209.16666666666663,2.2222222222222223,0.01401,0.31513,0.67087,0.1904761904761904,2013,38
6.371794871794872,206.92307692307693,3.0,0.12783,0.26471,0.60747,0.3676470588235294,2013,147
6.243589743589744,198.84615384615384,2.5,0.08264,0.20992,0.70744,0.5388429752066116,2013,2755
6.3819444444444455,195.0,2.875,0.18182,0.20583,0.61235,0.2349914236706689,2013,47
6.416666666666666,200.9090909090909,2.375,0.03916,0.17363,0.78721,0.2702349869451697,2013,2681
6.435897435897437,213.30769230769232,2.0,0.0,0.44105,0.55895,0.2794759825327511,2013,258
6.384615384615385,205.6153846153846,3.111111111111111,0.0,0.47175,0.52825,0.2194480946123521,2013,36
6.488888888888889,206.2,2.6666666666666665,0.05297,0.28165,0.66537,0.2545219638242893,2014,41
6.452380952380953,201.07142857142856,3.4444444444444446,0.05604,0.43587,0.50809,0.3748443337484435,2014,2382
6.494047619047619,205.1428571428572,2.333333333333333,0.08069,0.54762,0.37169,0.2142857142857143,2014,183
6.493055555555556,210.16666666666663,2.6666666666666665,0.0,0.39394,0.60606,0.2896969696969696,2014,45
6.369047619047619,211.92857142857144,2.555555555555556,0.0,0.40303,0.59697,0.2916093535075654,2014,2306
6.433333333333333,206.46666666666667,2.555555555555556,0.13772,0.2982,0.56407,0.2586826347305389,2014,9
6.494444444444444,212.66666666666663,3.333333333333333,0.10859,0.35985,0.53157,0.1957070707070707,2014,24
6.444444444444444,215.16666666666663,2.333333333333333,0.01338,0.53623,0.45039,0.2162764771460423,2014,66
6.398809523809524,200.0,2.7777777777777777,0.00372,0.42308,0.5732,0.2841191066997519,2014,2363
6.489583333333333,218.4375,2.4444444444444446,0.18679,0.27335,0.53986,0.2767653758542141,2014,127
6.444444444444444,205.66666666666663,1.7777777777777777,0.01434,0.28196,0.7037,0.2783751493428912,2014,38
6.384615384615385,209.0,2.4444444444444446,0.0,0.30643,0.69357,0.2370744010088272,2014,222
6.477272727272728,209.3636363636364,2.7777777777777777,0.15722,0.36727,0.47552,0.2796391752577319,2014,113
6.487179487179487,212.84615384615384,3.0,0.31719,0.05448,0.62833,0.3026634382566586,2014,2250
6.4,198.66666666666663,2.555555555555556,0.0,0.61718,0.38282,0.3460122699386502,2014,21
6.454545454545454,214.27272727272728,2.6666666666666665,0.24432,0.18864,0.56705,0.3409090909090909,2014,166
6.35,198.66666666666663,2.555555555555556,0.19096,0.17784,0.6312,0.205539358600583,2014,44
6.458333333333335,216.28571428571428,3.111111111111111,0.0,0.62943,0.37057,0.1576872536136662,2014,2603
6.506410256410256,212.15384615384616,2.6666666666666665,0.18596,0.31469,0.49935,0.2379713914174251,2014,275
6.446428571428572,212.8571428571429,2.111111111111111,0.04524,0.36429,0.59048,0.3083333333333333,2014,130
6.416666666666667,205.8571428571429,2.888888888888889,0.14474,0.38553,0.46974,0.2236842105263157,2014,57
6.397435897435897,213.30769230769232,1.7777777777777777,0.19066,0.25422,0.55512,0.2814526588845655,2014,251
6.477777777777778,212.53333333333333,1.5555555555555556,0.06582,0.39494,0.53924,0.2316455696202531,2014,96
6.479166666666667,204.16666666666663,2.4444444444444446,0.0,0.20761,0.79239,0.196078431372549,2014,252
6.369047619047619,210.3571428571429,3.2222222222222223,0.03463,0.50831,0.45706,0.2340720221606649,2014,139
6.3571428571428585,204.28571428571428,2.555555555555556,0.0,0.25064,0.74936,0.2710997442455243,2014,2670
6.447916666666667,208.125,1.7777777777777777,0.13069,0.29638,0.57293,0.2998833138856477,2014,2305
6.5227272727272725,212.54545454545453,2.888888888888889,0.0,0.54942,0.45058,0.1258023106546854,2014,2507
6.378205128205129,198.07692307692307,2.6666666666666665,0.0,0.57798,0.42202,0.238532110091743,2014,270
6.355555555555556,199.13333333333333,3.333333333333333,0.0,0.14994,0.85006,0.2379182156133829,2014,2198
6.561111111111109,211.66666666666663,3.0,0.14104,0.40116,0.4578,0.3942196531791907,2014,2294
6.339285714285714,200.07142857142856,2.333333333333333,0.0,0.36415,0.63585,0.2588904694167852,2014,2747
6.392857142857143,205.3571428571429,2.7777777777777777,0.0,0.56781,0.43219,0.3065049614112458,2014,97
6.472222222222222,217.4,2.0,0.0,0.58128,0.41872,0.2401477832512315,2014,153
6.4490740740740735,208.88888888888889,3.0,0.0,0.38835,0.61165,0.3276699029126213,2014,108
6.492424242424243,211.63636363636363,2.6666666666666665,0.15333,0.22533,0.62133,0.2346666666666667,2014,2692
6.427083333333334,206.3125,2.333333333333333,0.0,0.20377,0.79623,0.2403100775193798,2014,197
6.345238095238094,201.8571428571429,2.333333333333333,0.0,0.23349,0.76651,0.2570754716981132,2014,201
6.410714285714286,204.07142857142856,2.6666666666666665,0.10724,0.44236,0.4504,0.3150134048257372,2014,2168
6.446428571428572,205.0,2.2222222222222223,0.20747,0.22165,0.57088,0.2010309278350515,2014,2711
6.455555555555555,213.9333333333333,2.4444444444444446,0.0,0.41532,0.58468,0.2945508100147276,2014,258
6.477777777777777,213.06666666666663,2.6666666666666665,0.01128,0.32707,0.66165,0.231829573934837,2014,2633
6.322222222222222,196.66666666666663,3.4444444444444446,0.25745,0.28605,0.4565,0.2610250297973778,2014,2640
6.311111111111112,203.26666666666668,2.7777777777777777,0.0,0.39884,0.60116,0.3497109826589595,2014,13
6.422619047619047,211.1428571428572,2.7777777777777777,0.0,0.44823,0.55177,0.3227771010962241,2014,235
6.423611111111111,216.41666666666663,3.111111111111111,0.03426,0.4137,0.55204,0.2187088274044796,2014,2724
6.395833333333333,205.0,3.111111111111111,0.0,0.4239,0.5761,0.2415094339622641,2014,2449
6.375,208.07142857142856,2.875,0.06473,0.43304,0.50223,0.3426339285714286,2014,309
6.444444444444444,211.66666666666663,2.4444444444444446,0.06144,0.24052,0.69804,0.2496732026143791,2014,324
6.464285714285714,206.42857142857144,3.2222222222222223,0.08333,0.48571,0.43095,0.3011904761904762,2014,156
6.371794871794871,195.7692307692308,2.555555555555556,0.08648,0.23386,0.67966,0.2691839220462849,2014,116
6.452380952380952,209.28571428571428,2.2222222222222223,0.0,0.26118,0.73882,0.2847058823529412,2014,26
6.383333333333334,202.66666666666663,2.4444444444444446,0.0,0.35287,0.64713,0.3736263736263736,2014,202
6.473958333333333,207.5,2.111111111111111,0.12029,0.42406,0.45565,0.3183475091130012,2014,12
6.5,207.7692307692308,2.555555555555556,0.01991,0.53201,0.44808,0.2674253200568989,2014,2132
6.35,195.3333333333333,2.888888888888889,0.0,0.35385,0.64615,0.191025641025641,2014,2617
6.477272727272728,210.45454545454547,2.888888888888889,0.1392,0.40199,0.45881,0.2656249999999999,2014,194
6.547619047619049,217.5,2.555555555555556,0.01593,0.56005,0.42402,0.2083333333333333,2014,150
6.380208333333334,205.6875,3.0,0.0,0.37428,0.62572,0.2973593570608496,2014,2483
6.42857142857143,206.7142857142857,2.4444444444444446,0.0133,0.19548,0.79122,0.2965425531914895,2014,158
6.486111111111112,214.5833333333333,2.7777777777777777,0.14756,0.45191,0.40053,0.2727272727272727,2014,239
6.433333333333334,206.0,2.2222222222222223,0.1419,0.41901,0.43909,0.2463186077643908,2014,2752
6.488095238095239,217.5,2.0,0.06166,0.48525,0.45308,0.2345844504021448,2014,152
6.33974358974359,195.30769230769232,3.4444444444444446,0.0,0.21093,0.78907,0.2998729351969504,2014,2428
6.529761904761905,210.0,2.555555555555556,0.18694,0.29065,0.52241,0.1933418693982074,2014,167
6.482142857142857,210.57142857142856,2.333333333333333,0.00505,0.45328,0.54167,0.3156565656565656,2014,221
6.476190476190475,210.7142857142857,2.555555555555556,0.0,0.19244,0.80756,0.1190211345939933,2014,48
6.416666666666666,209.6153846153846,2.7777777777777777,0.08914,0.47214,0.43872,0.2228412256267409,2014,399
6.467948717948717,211.15384615384616,2.7777777777777777,0.0,0.23775,0.76225,0.2732843137254903,2014,68
6.444444444444444,205.66666666666663,1.7777777777777777,0.01434,0.28196,0.7037,0.2783751493428912,2014,38
6.361111111111111,205.0,3.0,0.14208,0.46721,0.39071,0.3825136612021856,2014,147
6.305555555555555,196.9333333333333,2.0,0.0,0.25101,0.74899,0.246979865771812,2014,2755
6.339285714285715,188.92857142857144,1.3333333333333333,0.10294,0.15441,0.74265,0.2441176470588235,2014,47
6.4375,203.75,3.111111111111111,0.05237,0.2606,0.68703,0.2842892768079801,2014,2681
6.455555555555555,213.9333333333333,2.4444444444444446,0.0,0.41532,0.58468,0.2945508100147276,2014,258
6.409722222222222,198.5833333333333,2.555555555555556,0.0,0.32727,0.67273,0.2142857142857142,2014,36
6.529761904761905,214.42857142857144,2.888888888888889,0.24318,0.2072,0.54963,0.4193548387096772,2015,300
6.291666666666667,197.4375,2.888888888888889,0.04654,0.13208,0.82138,0.3031446540880503,2015,2261
6.434523809523808,207.42857142857144,3.111111111111111,0.0,0.52213,0.47787,0.3518728717366629,2015,66
6.409722222222222,205.5,2.7777777777777777,0.0,0.60519,0.39481,0.2199453551912568,2015,2086
6.487179487179487,211.69230769230768,3.333333333333333,0.07059,0.28497,0.64444,0.2849673202614379,2015,145
6.506410256410256,204.23076923076923,2.6666666666666665,0.01346,0.72948,0.25707,0.2637954239569314,2015,2363
6.423076923076922,213.84615384615384,2.555555555555556,0.0,0.43467,0.56533,0.2373333333333332,2015,127
6.506410256410257,215.92307692307693,2.2222222222222223,0.0,0.3717,0.6283,0.2278177458033572,2015,87
6.437500000000001,212.16666666666663,2.6666666666666665,0.0,0.34968,0.65032,0.3019354838709677,2015,222
6.416666666666667,200.3125,2.7777777777777777,0.0,0.65698,0.34302,0.4080221300138312,2015,21
6.428571428571428,205.57142857142856,2.888888888888889,0.12587,0.34411,0.53002,0.3117782909930716,2015,2250
6.3125,206.5625,2.333333333333333,0.0,0.36995,0.63005,0.3851010101010101,2015,277
6.474358974358975,214.6153846153846,2.6666666666666665,0.04586,0.39108,0.56306,0.2547770700636942,2015,8
6.525641025641026,208.30769230769232,3.0,0.2401,0.42273,0.33716,0.2286079182630906,2015,275
6.442307692307693,201.15384615384616,2.888888888888889,0.20939,0.29723,0.49338,0.3850782190132371,2015,2567
6.432291666666667,214.875,2.6666666666666665,0.12673,0.36637,0.5069,0.370138017565872,2015,251
6.366666666666665,195.5,2.7777777777777777,0.06777,0.26343,0.6688,0.2365728900255755,2015,58
6.458333333333334,210.125,1.6666666666666667,0.07853,0.45767,0.4638,0.3926380368098159,2015,96
6.522222222222222,207.0,2.555555555555556,0.03684,0.1441,0.81907,0.2340195016251354,2015,252
6.538461538461538,203.46153846153845,2.4444444444444446,0.07383,0.41969,0.50648,0.3341968911917098,2015,254
6.380952380952381,199.28571428571428,2.333333333333333,0.0,0.18875,0.81125,0.3612499999999999,2015,2670
6.438888888888887,211.0,2.111111111111111,0.26,0.18267,0.55733,0.3413333333333332,2015,2509
6.41025641025641,207.46153846153845,3.111111111111111,0.0,0.45068,0.54932,0.3323216995447648,2015,2460
6.473958333333334,205.625,1.8888888888888888,0.0,0.40255,0.59745,0.335031847133758,2015,2305
6.506410256410257,207.92307692307693,2.111111111111111,0.03616,0.60223,0.36161,0.1891515994436718,2015,2507
6.527777777777777,204.9333333333333,2.7777777777777777,0.00391,0.31682,0.67927,0.2099087353324642,2015,322
6.4761904761904745,201.5,3.0,0.19865,0.42027,0.38108,0.3067567567567567,2015,2294
6.273809523809524,195.42857142857144,2.888888888888889,0.0,0.35591,0.64409,0.2579250720461095,2015,2747
6.473958333333333,202.8125,2.2222222222222223,0.01279,0.47954,0.50767,0.2046035805626598,2015,97
6.421568627450981,209.35294117647047,2.2222222222222223,0.0,0.70639,0.29361,0.2948402948402948,2015,153
6.3511904761904745,201.7142857142857,2.7777777777777777,0.0,0.34871,0.65129,0.1899592944369064,2015,201
6.404761904761904,206.42857142857144,2.6666666666666665,0.0,0.47347,0.52653,0.2421768707482993,2015,61
6.421875,207.1875,2.555555555555556,0.0,0.13686,0.86314,0.2479674796747967,2015,197
6.427083333333334,206.25,3.2222222222222223,0.06117,0.33144,0.6074,0.2859174964438121,2015,108
6.51111111111111,211.13333333333333,2.0,0.01796,0.37725,0.60479,0.2754491017964072,2015,84
6.282051282051283,187.7692307692308,2.555555555555556,0.0,0.49813,0.50187,0.2801992528019925,2015,2168
6.488095238095239,207.8571428571429,2.333333333333333,0.03523,0.31843,0.64634,0.2452574525745257,2015,120
6.462121212121212,209.3636363636364,2.111111111111111,0.09151,0.38727,0.52122,0.3249336870026525,2015,2674
6.561111111111111,227.0,2.555555555555556,0.18389,0.42416,0.39195,0.3167785234899329,2015,46
6.477777777777778,211.9333333333333,2.555555555555556,0.0,0.44118,0.55882,0.2675070028011204,2015,258
6.35897435897436,201.15384615384616,3.4444444444444446,0.009,0.33419,0.65681,0.2789203084832904,2015,2640
6.397435897435897,203.46153846153845,2.6666666666666665,0.0,0.5068,0.4932,0.2301587301587302,2015,331
6.333333333333334,192.5,3.0,0.0,0.30245,0.69755,0.2213642213642213,2015,2247
6.458333333333332,206.66666666666663,3.0,0.02047,0.44737,0.53216,0.2251461988304093,2015,2751
6.40625,208.8125,2.333333333333333,0.04474,0.32105,0.63421,0.2868421052631578,2015,2724
6.467948717948719,203.0,2.888888888888889,0.08422,0.0361,0.87968,0.1430481283422459,2015,2599
6.446969696969697,204.54545454545453,2.7777777777777777,0.0,0.45649,0.54351,0.195435092724679,2015,111
6.388888888888889,204.5833333333333,2.0,0.0,0.20626,0.79374,0.2290184921763869,2015,2449
6.369791666666666,198.125,2.0,0.0,0.32359,0.67641,0.277056277056277,2015,2166
6.444444444444444,208.86666666666667,3.0,0.03825,0.25355,0.7082,0.4251366120218579,2015,68
6.39102564102564,207.69230769230768,2.888888888888889,0.00253,0.3287,0.66877,0.2793931731984829,2015,324
6.506410256410256,208.84615384615384,2.0,0.05135,0.35,0.59865,0.1148648648648648,2015,26
6.446428571428571,202.5,2.2222222222222223,0.15757,0.51489,0.32754,0.2940446650124069,2015,12
6.476190476190476,211.28571428571428,2.4444444444444446,0.06176,0.55588,0.38235,0.3779411764705882,2015,2132
6.3484848484848495,195.45454545454547,2.6666666666666665,0.0,0.46341,0.53659,0.2297817715019255,2015,2084
6.440476190476191,202.8571428571429,2.333333333333333,0.0,0.23558,0.76442,0.2895705521472392,2015,2523
6.488888888888888,217.0,2.333333333333333,0.01765,0.48045,0.50189,0.1891551071878941,2015,99
6.283333333333332,193.8,2.888888888888889,0.0,0.34508,0.65492,0.3329283110571081,2015,2617
6.515151515151515,205.9090909090909,2.4444444444444446,0.11795,0.45641,0.42564,0.2794871794871794,2015,194
6.479166666666667,213.3333333333333,2.111111111111111,0.22543,0.25087,0.5237,0.2705202312138728,2015,150
6.366666666666666,195.2,2.333333333333333,0.02774,0.49937,0.47289,0.2206809583858764,2015,2483
6.363636363636365,212.72727272727272,2.625,0.0,0.63319,0.36681,0.2384937238493722,2015,239
6.438888888888889,213.13333333333333,2.333333333333333,0.0,0.38996,0.61004,0.3075933075933076,2015,152
6.365384615384615,198.53846153846155,2.0,0.0,0.43412,0.56588,0.3841886269070734,2015,5
6.422222222222222,204.8,2.4444444444444446,0.15953,0.35409,0.48638,0.3151750972762646,2015,2752
6.5069444444444455,212.0,2.4444444444444446,0.14358,0.36849,0.48793,0.2897077509529859,2015,166
6.411111111111111,204.3333333333333,2.0,0.03023,0.38161,0.58816,0.2657430730478589,2015,2057
6.383333333333334,209.0,2.333333333333333,0.03208,0.34868,0.61925,0.2203626220362621,2015,399
6.444444444444444,208.86666666666667,3.0,0.03825,0.25355,0.7082,0.4251366120218579,2015,68
6.422619047619048,204.28571428571428,2.4444444444444446,0.0,0.36727,0.63273,0.2989690721649484,2015,38
6.403846153846154,203.07692307692307,2.7777777777777777,0.02985,0.31493,0.65522,0.2149253731343283,2015,147
6.35897435897436,191.15384615384616,2.2222222222222223,0.0,0.35304,0.64696,0.3074324324324324,2015,2755
6.276041666666667,184.0625,2.6666666666666665,0.08683,0.04902,0.86415,0.2647058823529411,2015,47
6.391025641025641,201.92307692307693,1.8888888888888888,0.0,0.39079,0.60921,0.3710526315789473,2015,2681
6.477777777777778,211.9333333333333,2.555555555555556,0.0,0.44118,0.55882,0.2675070028011204,2015,258
6.430555555555556,202.66666666666663,3.0,0.0,0.44872,0.55128,0.2717948717948718,2015,36
6.49404761904762,208.3571428571429,3.111111111111111,0.08355,0.25064,0.66581,0.2647814910025706,2016,41
6.317708333333334,195.75,2.4444444444444446,0.08253,0.50069,0.41678,0.1375515818431912,2016,183
6.433333333333334,202.66666666666663,2.6666666666666665,0.21682,0.14336,0.63981,0.3210900473933649,2016,245
6.298611111111111,197.0,3.25,0.0,0.20363,0.79637,0.1880674448767834,2016,2261
6.499999999999999,213.41666666666663,3.333333333333333,0.00313,0.47445,0.52242,0.2773722627737227,2016,66
6.4375,208.5,3.111111111111111,0.01444,0.65223,0.33333,0.2274368231046931,2016,2086
6.384615384615385,194.6153846153846,2.75,0.0,0.30212,0.69788,0.3008739076154806,2016,314
6.470238095238096,210.07142857142856,2.555555555555556,0.10138,0.17512,0.7235,0.3214285714285714,2016,350
6.453125,214.0625,2.6666666666666665,0.0,0.38444,0.61556,0.2903600464576075,2016,127
6.5,213.92307692307693,2.555555555555556,0.0,0.59108,0.40892,0.1808917197452228,2016,87
6.378205128205128,201.15384615384616,2.6666666666666665,0.0,0.37468,0.62532,0.2906976744186045,2016,38
6.5,211.0,2.6666666666666665,0.1294,0.43133,0.43927,0.2576617480136209,2016,2250
6.403846153846155,202.53846153846155,2.333333333333333,0.0,0.45366,0.54634,0.298780487804878,2016,526
6.488095238095239,214.7142857142857,2.6666666666666665,0.0,0.44975,0.55025,0.3235294117647059,2016,277
6.437500000000001,207.8333333333333,2.4444444444444446,0.0,0.42556,0.57444,0.2406947890818858,2016,222
6.40625,210.125,2.6666666666666665,0.0,0.81582,0.18418,0.2336217552533992,2016,2603
6.4375,205.0625,2.0,0.0,0.64664,0.35336,0.1645207439198855,2016,275
6.493589743589744,204.23076923076923,2.333333333333333,0.0,0.3209,0.6791,0.4237288135593219,2016,130
6.477272727272728,209.63636363636363,3.0,0.0,0.21631,0.78369,0.2836879432624112,2016,2739
6.422222222222222,214.8,2.7777777777777777,0.21911,0.17133,0.60956,0.444055944055944,2016,251
6.448717948717948,207.3846153846154,2.111111111111111,0.0,0.38863,0.61137,0.2322274881516587,2016,96
6.611111111111111,207.0833333333333,2.2222222222222223,0.0,0.42687,0.57313,0.286563614744352,2016,30
6.493589743589743,207.30769230769232,2.111111111111111,0.1363,0.31979,0.54391,0.1795543905635648,2016,2550
6.466666666666667,205.13333333333333,2.7777777777777777,0.10612,0.33708,0.5568,0.3670411985018726,2016,2641
6.409722222222221,197.91666666666663,2.875,0.0,0.30272,0.69728,0.2535575679172057,2016,2582
6.472222222222222,199.9333333333333,2.888888888888889,0.0,0.55568,0.44432,0.3374164810690423,2016,254
6.307692307692308,198.46153846153845,2.888888888888889,0.0,0.3325,0.6675,0.2812499999999999,2016,2670
6.532051282051281,218.7692307692308,2.6666666666666665,0.29524,0.28452,0.42024,0.35,2016,2509
6.407407407407408,204.66666666666663,2.875,0.01306,0.22061,0.76633,0.1959361393323657,2016,2460
6.505555555555556,206.46666666666667,2.7777777777777777,0.0,0.40438,0.59562,0.3006912442396313,2016,2305
6.410256410256411,204.7692307692308,1.8888888888888888,0.0,0.44416,0.55584,0.2066752246469832,2016,2507
6.326923076923077,188.6153846153846,2.4444444444444446,0.23412,0.10959,0.65629,0.2378580323785803,2016,2046
6.5777777777777775,214.86666666666667,2.555555555555556,0.03355,0.42065,0.54581,0.3070967741935484,2016,204
6.320512820512821,202.92307692307693,1.6666666666666667,0.04579,0.35891,0.5953,0.2351485148514851,2016,161
6.401041666666666,210.0625,3.0,0.0,0.63086,0.36914,0.2742857142857143,2016,153
6.38095238095238,198.6428571428572,3.4444444444444446,0.01095,0.42059,0.56846,0.4600219058050384,2016,236
6.384615384615383,197.3846153846154,2.111111111111111,0.0,0.40776,0.59224,0.3325499412455934,2016,2692
6.416666666666667,203.66666666666663,3.2222222222222223,0.0,0.46882,0.53118,0.2709832134292566,2016,43
6.4611111111111095,207.66666666666663,2.888888888888889,0.04463,0.24367,0.7117,0.1990349819059107,2016,201
6.45,208.4,2.6666666666666665,0.125,0.3645,0.5105,0.3823529411764705,2016,84
6.411111111111111,198.86666666666667,2.333333333333333,0.07475,0.39216,0.53309,0.2867647058823528,2016,2168
6.452380952380953,205.92857142857144,2.555555555555556,0.18734,0.36203,0.45063,0.2088607594936709,2016,120
6.464285714285714,205.57142857142856,2.4444444444444446,0.21481,0.23951,0.54568,0.3098765432098764,2016,238
6.299999999999999,201.0,2.875,0.17241,0.19894,0.62865,0.2108753315649867,2016,2934
6.559523809523809,218.0,3.0,0.02183,0.40246,0.57572,0.2510231923601636,2016,258
6.534722222222222,209.5833333333333,2.7777777777777777,0.025,0.35139,0.62361,0.2402777777777777,2016,218
6.442708333333333,212.25,2.7777777777777777,0.03178,0.4143,0.55392,0.4540295119182746,2016,2724
6.472222222222221,208.3333333333333,3.0,0.12298,0.13665,0.74037,0.2782608695652174,2016,2390
6.303571428571428,189.6428571428572,3.0,0.05826,0.35434,0.5874,0.2996432818073722,2016,62
6.416666666666667,205.0,2.888888888888889,0.0,0.42751,0.57249,0.2292441140024783,2016,2619
6.346153846153848,199.07692307692307,2.375,0.0939,0.43822,0.46787,0.3163097199341021,2016,107
6.388888888888889,202.25,3.555555555555556,0.0,0.25231,0.74769,0.2549537648612946,2016,202
6.363636363636363,204.72727272727272,2.875,0.0,0.23468,0.76532,0.3213751868460389,2016,2393
6.397435897435897,207.0,3.111111111111111,0.04561,0.33216,0.62222,0.352046783625731,2016,278
6.422619047619047,205.0,2.7777777777777777,0.0,0.29652,0.70348,0.2496998799519808,2016,2571
6.461538461538462,195.7692307692308,2.7777777777777777,0.20153,0.24425,0.55422,0.3110624315443593,2016,12
6.41025641025641,199.84615384615384,2.4444444444444446,0.04038,0.38717,0.57245,0.2992874109263657,2016,2427
6.462121212121213,210.45454545454547,2.888888888888889,0.08031,0.4728,0.44689,0.3225388601036269,2016,2132
6.325,195.7,3.25,0.01665,0.29834,0.68502,0.204865556978233,2016,2617
6.363095238095238,194.57142857142856,2.4444444444444446,0.0,0.22076,0.77924,0.3102625298329355,2016,2084
6.372222222222223,205.0,3.333333333333333,0.0,0.48674,0.51326,0.3169761273209549,2016,2031
6.372222222222223,189.86666666666667,2.333333333333333,0.0,0.73469,0.26531,0.2220888355342136,2016,2483
6.597222222222222,217.0,2.111111111111111,0.12623,0.12514,0.74863,0.2381997804610318,2016,150
6.386363636363637,214.54545454545453,2.555555555555556,0.0,0.57034,0.42966,0.2598225602027882,2016,239
6.494444444444443,203.2,2.4444444444444446,0.0,0.52226,0.47774,0.3116726835138388,2016,2752
6.488888888888888,206.53333333333333,2.4444444444444446,0.06273,0.37638,0.56089,0.1845018450184501,2016,25
6.517857142857143,208.42857142857144,2.6666666666666665,0.02519,0.56675,0.40806,0.3136020151133502,2016,221
6.51111111111111,202.9333333333333,2.6666666666666665,0.08817,0.45012,0.46172,0.308584686774942,2016,2294
6.507575757575757,205.63636363636363,2.888888888888889,0.02286,0.41155,0.56558,0.2851985559566786,2016,68
6.378205128205128,201.15384615384616,2.6666666666666665,0.0,0.37468,0.62532,0.2906976744186045,2016,38
6.430555555555556,203.3333333333333,2.6666666666666665,0.02911,0.21646,0.75443,0.2468354430379747,2016,147
6.333333333333332,188.63636363636363,2.857142857142857,0.0,0.30828,0.69172,0.2914110429447853,2016,2755
6.234375,185.3125,2.888888888888889,0.13477,0.19753,0.6677,0.389917695473251,2016,47
6.381944444444444,200.0,2.6666666666666665,0.0,0.25802,0.74198,0.2874331550802139,2016,2681
6.559523809523809,218.0,3.0,0.02183,0.40246,0.57572,0.2510231923601636,2016,258
6.431818181818182,197.27272727272728,3.0,0.0,0.23736,0.76264,0.3787409700722393,2016,36
6.455555555555555,208.9333333333333,2.333333333333333,0.0,0.60944,0.39056,0.2529488859764089,2017,2306
6.484375,205.1875,2.4444444444444446,0.03851,0.45508,0.50642,0.2380396732788798,2017,2692
6.409722222222222,201.8333333333333,3.0,0.0,0.26179,0.73821,0.2912735849056604,2017,314
6.455128205128204,210.3846153846154,3.333333333333333,0.01748,0.15851,0.82401,0.2389277389277389,2017,66
6.403846153846154,206.6153846153846,2.888888888888889,0.06463,0.4878,0.44756,0.3463414634146342,2017,2086
6.354166666666667,204.66666666666663,2.7777777777777777,0.01685,0.17303,0.81011,0.2325842696629213,2017,350
6.358974358974359,194.30769230769232,3.555555555555556,0.01986,0.32944,0.6507,0.3539719626168224,2017,2193
6.365384615384615,206.15384615384616,2.111111111111111,0.0,0.44994,0.55006,0.3016476552598225,2017,127
6.435897435897436,208.69230769230768,2.555555555555556,0.0,0.4284,0.5716,0.2231503579952267,2017,222
6.553571428571428,214.5,2.4444444444444446,0.16303,0.31803,0.51894,0.3134328358208956,2017,2250
6.422619047619047,208.07142857142856,2.4444444444444446,0.0,0.51316,0.48684,0.2291666666666667,2017,2440
6.403846153846154,210.0,3.333333333333333,0.14797,0.15536,0.69667,0.2626387176325523,2017,8
6.532051282051281,218.23076923076923,2.7777777777777777,0.0,0.53904,0.46096,0.1914357682619647,2017,87
6.466666666666668,213.7333333333333,3.111111111111111,0.0,0.49717,0.50283,0.4031710079275198,2017,277
6.344444444444446,196.7333333333333,2.6666666666666665,0.0,0.33296,0.66704,0.3495575221238938,2017,526
6.505555555555556,211.13333333333333,2.888888888888889,0.0,0.57708,0.42292,0.2411067193675889,2017,275
6.423611111111111,197.0,3.0,0.0,0.47484,0.52516,0.3277419354838709,2017,261
6.487179487179487,205.0,2.6666666666666665,0.00391,0.46354,0.53255,0.2096354166666666,2017,130
6.534722222222221,210.5,2.888888888888889,0.2,0.26467,0.53533,0.3580838323353292,2017,57
6.506944444444444,204.16666666666663,2.333333333333333,0.05395,0.38645,0.5596,0.1631116687578419,2017,2567
6.299999999999999,191.0,3.2222222222222223,0.03819,0.26372,0.69809,0.2840095465393795,2017,2737
6.352564102564102,199.0,2.333333333333333,0.14805,0.18439,0.66756,0.2759084791386272,2017,55
6.5256410256410255,203.46153846153845,2.111111111111111,0.0,0.44584,0.55416,0.2770809578107183,2017,30
6.470238095238095,210.0,2.2222222222222223,0.0,0.34368,0.65632,0.2394678492239468,2017,96
6.4125,199.4,3.0,0.01672,0.48049,0.50279,0.3678929765886287,2017,163
6.394444444444445,199.0,2.4444444444444446,0.20078,0.32725,0.47197,0.1590612777053455,2017,2550
6.608974358974359,219.23076923076923,2.111111111111111,0.09573,0.25721,0.64706,0.3875432525951556,2017,52
6.312500000000001,196.25,3.0,0.0,0.35115,0.64885,0.3104325699745547,2017,2670
6.340277777777776,210.3333333333333,2.6666666666666665,0.15126,0.43097,0.41777,0.2352941176470588,2017,2509
6.458333333333334,211.5625,2.333333333333333,0.0,0.2378,0.7622,0.2302878598247809,2017,2579
6.5128205128205146,207.07692307692307,2.555555555555556,0.07469,0.16054,0.76477,0.2374581939799331,2017,2305
6.44871794871795,205.0,2.111111111111111,0.0,0.42035,0.57965,0.250334672021419,2017,2507
6.375000000000001,201.3571428571429,2.4444444444444446,0.04374,0.31442,0.64184,0.3073286052009456,2017,2309
6.500000000000001,208.8333333333333,2.555555555555556,0.14115,0.30226,0.55659,0.2529960053262317,2017,77
6.326388888888889,199.91666666666663,3.0,0.0,0.37483,0.62517,0.2422192151556157,2017,302
6.422222222222223,206.0,2.888888888888889,0.0,0.66955,0.33045,0.304535637149028,2017,153
6.482142857142857,200.7142857142857,2.6666666666666665,0.02026,0.53635,0.44338,0.33373063170441,2017,97
6.411111111111111,207.66666666666663,2.333333333333333,0.02526,0.1,0.87474,0.3305263157894736,2017,197
6.476190476190476,213.0,2.333333333333333,0.12642,0.22756,0.64602,0.25031605562579,2017,135
6.33888888888889,204.06666666666663,2.111111111111111,0.0,0.51249,0.48751,0.2960760998810939,2017,94
6.3611111111111125,197.0,3.0,0.0,0.43977,0.56023,0.3193181818181819,2017,2168
6.423076923076922,204.84615384615384,2.4444444444444446,0.09429,0.31017,0.59553,0.3573200992555831,2017,120
6.46969696969697,205.63636363636363,2.4444444444444446,0.02469,0.35117,0.62414,0.2290809327846365,2017,238
6.486111111111111,210.41666666666663,2.6666666666666665,0.229,0.40244,0.36856,0.2642276422764227,2017,2608
6.482142857142857,208.78571428571428,2.333333333333333,0.04689,0.32953,0.62357,0.4385297845373891,2017,258
6.256410256410256,193.46153846153845,3.0,0.09561,0.22947,0.67492,0.3464566929133859,2017,2640
6.375000000000001,208.3571428571429,2.6666666666666665,0.0,0.39098,0.60902,0.2844611528822055,2017,227
6.423076923076924,202.53846153846155,3.0,0.0,0.39852,0.60148,0.2730627306273063,2017,2653
6.432291666666666,207.0625,2.6666666666666665,0.05931,0.55397,0.38671,0.3926453143534993,2017,2724
6.507575757575757,207.72727272727272,2.111111111111111,0.07303,0.18118,0.74579,0.2401685393258427,2017,2390
6.352564102564103,199.46153846153845,2.6666666666666665,0.15,0.1,0.75,0.3352272727272727,2017,269
6.428571428571429,204.3571428571429,2.888888888888889,0.13738,0.23855,0.62407,0.3035143769968051,2017,156
6.423611111111111,200.25,2.555555555555556,0.06213,0.26377,0.67409,0.2614302461899179,2017,155
6.314102564102564,194.23076923076923,2.555555555555556,0.11723,0.14407,0.7387,0.2146892655367231,2017,116
6.493589743589744,205.7692307692308,2.555555555555556,0.11423,0.25649,0.62928,0.2440290758047767,2017,26
6.357142857142857,204.2142857142857,3.111111111111111,0.0,0.50262,0.49738,0.2414698162729659,2017,2393
6.357142857142856,203.92857142857144,2.7777777777777777,0.0,0.3377,0.6623,0.3213114754098361,2017,2571
6.416666666666667,206.30769230769232,2.2222222222222223,0.18987,0.14304,0.66709,0.2569620253164557,2017,2083
6.305555555555556,198.26666666666668,3.2222222222222223,0.0,0.43408,0.56592,0.2798507462686567,2017,249
6.474358974358975,212.30769230769232,2.333333333333333,0.03145,0.50852,0.46003,0.2660550458715595,2017,2132
6.435897435897436,197.69230769230768,2.2222222222222223,0.19413,0.20429,0.60158,0.3690744920993228,2017,12
6.616666666666665,217.0,2.111111111111111,0.07021,0.37766,0.55213,0.2276595744680851,2017,150
6.416666666666667,195.41666666666663,2.888888888888889,0.0,0.56019,0.43981,0.255787037037037,2017,2483
6.462121212121213,208.9090909090909,2.888888888888889,0.0,0.49427,0.50573,0.2980891719745223,2017,239
6.488888888888889,204.06666666666663,2.555555555555556,0.0,0.5,0.5,0.2665876777251185,2017,2752
6.294871794871795,198.84615384615384,3.6666666666666665,0.0,0.34809,0.65191,0.2841328413284133,2017,2428
6.487179487179485,205.84615384615384,2.555555555555556,0.02749,0.3391,0.6334,0.3991853360488798,2017,166
6.492424242424243,217.0909090909091,2.625,0.04258,0.37284,0.58458,0.2945914844649021,2017,259
6.5,208.3846153846154,2.2222222222222223,0.02893,0.24528,0.72579,0.2893081761006289,2017,68
6.423076923076924,202.53846153846155,3.0,0.0,0.18711,0.81289,0.2961586121437422,2017,38
6.3910256410256405,195.0,2.6666666666666665,0.01524,0.23095,0.75381,0.2708089097303634,2017,147
6.283333333333334,193.3333333333333,2.6666666666666665,0.01225,0.21569,0.77206,0.3002450980392158,2017,2755
6.333333333333333,192.3333333333333,3.2222222222222223,0.05736,0.19805,0.74459,0.4047619047619047,2017,47
6.416666666666666,206.78571428571428,2.4444444444444446,0.0,0.22332,0.77668,0.4070407040704071,2017,2681
6.482142857142857,208.78571428571428,2.333333333333333,0.04689,0.32953,0.62357,0.4385297845373891,2017,258
6.424242424242425,201.0909090909091,2.4444444444444446,0.0615,0.34738,0.59112,0.3006833712984054,2017,36
6.422619047619048,195.28571428571428,1.8888888888888888,0.07287,0.36572,0.5614,0.194331983805668,2018,183
6.312499999999999,190.41666666666663,2.4444444444444446,0.0,0.32985,0.67015,0.2160278745644599,2018,9
6.303030303030303,185.0909090909091,2.7777777777777777,0.0,0.13252,0.86748,0.1877300613496932,2018,112358
6.442708333333334,209.125,2.2222222222222223,0.1075,0.39625,0.49625,0.25875,2018,2306
6.3939393939393945,201.3636363636364,3.111111111111111,0.0,0.25957,0.74043,0.3062200956937798,2018,314
6.446428571428572,218.3571428571429,3.111111111111111,0.02861,0.31716,0.65423,0.2786069651741294,2018,248
6.416666666666668,211.25,2.4444444444444446,0.07169,0.47752,0.45079,0.2235722964763062,2018,2086
6.338888888888889,203.86666666666667,2.4444444444444446,0.24856,0.25201,0.49942,0.3256616800920598,2018,245
6.5,218.0833333333333,2.2222222222222223,0.0,0.60148,0.39852,0.2041820418204181,2018,127
6.431818181818182,204.0909090909091,3.333333333333333,0.0,0.6203,0.3797,0.1949828962371722,2018,2440
6.392857142857144,207.0,2.0,0.0,0.48124,0.51876,0.2108167770419426,2018,222
6.444444444444444,212.25,2.888888888888889,0.0,0.38288,0.61712,0.2592152199762188,2018,8
6.487179487179485,208.0,2.4444444444444446,0.0,0.63379,0.36621,0.3571428571428571,2018,142
6.527777777777779,213.66666666666663,2.4444444444444446,0.0,0.53448,0.46552,0.3206896551724138,2018,277
6.446428571428571,207.57142857142856,2.888888888888889,0.0,0.44104,0.55896,0.2087264150943397,2018,228
6.5069444444444455,205.66666666666663,2.333333333333333,0.03372,0.53837,0.42791,0.2686046511627906,2018,2250
6.506944444444444,209.5,2.4444444444444446,0.03464,0.52425,0.44111,0.3475750577367205,2018,21
6.477777777777778,205.0,2.4444444444444446,0.04282,0.39295,0.56423,0.2821158690176322,2018,130
6.507575757575759,209.1818181818182,2.555555555555556,0.08674,0.1834,0.72986,0.2540272614622056,2018,57
6.371794871794872,220.7692307692308,2.888888888888889,0.02046,0.34898,0.63057,0.1756919374247894,2018,232
6.487179487179487,209.0,1.8888888888888888,0.0,0.38808,0.61192,0.3520809898762654,2018,251
6.532051282051283,206.07692307692307,1.2222222222222223,0.0,0.58788,0.41212,0.2715151515151515,2018,96
6.423611111111112,201.25,2.7777777777777777,0.16445,0.35671,0.47884,0.181378476420798,2018,2550
6.476190476190476,203.2142857142857,3.111111111111111,0.04786,0.15995,0.79219,0.3324937027707809,2018,2641
6.44871794871795,207.69230769230768,2.888888888888889,0.0,0.56925,0.43075,0.3391494002181025,2018,2628
6.563725490196079,217.7058823529412,2.4444444444444446,0.10034,0.25884,0.64082,0.3865450399087799,2018,52
6.461538461538462,199.69230769230768,2.333333333333333,0.00889,0.30114,0.68996,0.2172808132147395,2018,149
6.513888888888888,217.66666666666663,2.888888888888889,0.22995,0.23231,0.53774,0.2063679245283018,2018,2509
6.483333333333334,202.8,2.5,0.157,0.05435,0.78865,0.1400966183574879,2018,2305
6.388888888888889,202.91666666666663,2.6666666666666665,0.0,0.34394,0.65606,0.1982864137086904,2018,93
6.407407407407407,201.66666666666663,2.6666666666666665,0.00458,0.3135,0.68192,0.3592677345537758,2018,219
6.340277777777778,202.5,2.555555555555556,0.0,0.31719,0.68281,0.3462469733656175,2018,2750
6.480769230769231,206.92307692307693,2.555555555555556,0.10945,0.23756,0.65299,0.3097014925373135,2018,2507
6.358974358974359,198.3846153846154,2.888888888888889,0.05233,0.19767,0.75,0.2476744186046511,2018,179
6.522222222222223,210.13333333333333,2.333333333333333,0.0,0.4496,0.5504,0.2287655719139298,2018,153
6.547619047619048,213.42857142857144,2.333333333333333,0.09207,0.2296,0.67832,0.2459207459207459,2018,201
6.438888888888888,206.53333333333333,2.6666666666666665,0.14322,0.15463,0.70215,0.2801013941698352,2018,2350
6.352564102564102,198.30769230769232,2.888888888888889,0.02955,0.36643,0.60402,0.2505910165484634,2018,288
6.512820512820513,213.84615384615384,2.555555555555556,0.04677,0.21733,0.7359,0.2902338376891334,2018,258
6.416666666666667,201.6875,2.4444444444444446,0.0,0.34217,0.65783,0.2878787878787879,2018,2633
6.30952380952381,189.57142857142856,3.2222222222222223,0.09203,0.11575,0.79222,0.3320683111954458,2018,2640
6.397435897435898,196.53846153846155,2.6666666666666665,0.0,0.26842,0.73158,0.1973684210526315,2018,2247
6.279761904761905,201.78571428571428,2.7777777777777777,0.12143,0.3,0.57857,0.3399999999999999,2018,2515
6.339285714285715,206.28571428571428,3.111111111111111,0.0,0.24201,0.75799,0.2911547911547912,2018,227
6.432291666666667,207.75,3.4444444444444446,0.06223,0.48176,0.45601,0.3766094420600858,2018,2724
6.430555555555556,203.16666666666663,2.111111111111111,0.07702,0.18385,0.73913,0.3751552795031056,2018,2390
6.529761904761906,211.2142857142857,1.7777777777777777,0.05054,0.36221,0.58724,0.3176895306859206,2018,333
6.386904761904762,198.2142857142857,2.888888888888889,0.0,0.44554,0.55446,0.2079207920792079,2018,2166
6.4375,202.5,2.7777777777777777,0.0235,0.28329,0.69321,0.314621409921671,2018,2430
6.455128205128204,207.3846153846154,2.333333333333333,0.06383,0.23607,0.7001,0.3667679837892604,2018,156
6.440476190476192,204.6428571428572,2.6666666666666665,0.03515,0.18788,0.77697,0.2727272727272727,2018,2378
6.409722222222221,213.66666666666663,2.375,0.0,0.3681,0.6319,0.2257668711656442,2018,2
6.506410256410257,206.92307692307693,2.4444444444444446,0.15952,0.1381,0.70238,0.2190476190476191,2018,26
6.410714285714286,205.5,2.7777777777777777,0.17726,0.15608,0.66667,0.2686733556298772,2018,2083
6.466666666666668,204.0,2.4444444444444446,0.13451,0.28445,0.58104,0.2138919514884233,2018,12
6.371212121212121,202.27272727272728,3.111111111111111,0.0,0.34792,0.65208,0.2379349046015713,2018,2571
6.422222222222222,208.3333333333333,2.555555555555556,0.03316,0.40306,0.56378,0.2780612244897958,2018,2132
6.458333333333333,206.91666666666663,2.888888888888889,0.01738,0.50637,0.47625,0.287369640787949,2018,2617
6.394444444444445,203.86666666666667,2.4444444444444446,0.0,0.30703,0.69297,0.2712700369913686,2018,2239
6.4375,206.91666666666663,2.7777777777777777,0.01286,0.2508,0.73633,0.2422293676312968,2018,2084
6.403846153846152,204.07692307692307,2.6666666666666665,0.0,0.63716,0.36284,0.2032418952618454,2018,194
6.595238095238095,215.8571428571429,1.5555555555555556,0.05246,0.46146,0.48608,0.1991434689507494,2018,150
6.411111111111111,200.9333333333333,2.2222222222222223,0.0,0.32553,0.67447,0.2127659574468085,2018,276
6.493589743589743,207.07692307692307,2.7777777777777777,0.0,0.68372,0.31628,0.3081395348837208,2018,2752
6.423611111111112,206.66666666666663,2.7777777777777777,0.14884,0.2161,0.63506,0.3285556780595369,2018,152
6.138888888888889,185.8333333333333,3.5,0.0,0.51542,0.48458,0.484581497797357,2018,2428
6.320512820512821,196.07692307692307,2.888888888888889,0.00628,0.37186,0.62186,0.2889447236180905,2018,166
6.409722222222222,211.3333333333333,2.555555555555556,0.0,0.3063,0.6937,0.2602905569007264,2018,259
6.544871794871796,204.3846153846154,3.0,0.01827,0.24117,0.74056,0.2496954933008526,2018,68
6.5,208.28571428571428,2.111111111111111,0.0,0.24568,0.75432,0.3691358024691358,2018,38
6.402777777777779,198.3333333333333,3.0,0.02029,0.25298,0.72673,0.3389021479713604,2018,147
6.402777777777779,191.25,2.888888888888889,0.0,0.30233,0.69767,0.3574051407588741,2018,2755
6.368055555555556,191.8333333333333,2.0,0.0,0.18421,0.81579,0.1960526315789473,2018,47
6.3680555555555545,207.91666666666663,2.6666666666666665,0.0,0.25059,0.74941,0.3056206088992974,2018,2681
6.512820512820513,213.84615384615384,2.555555555555556,0.04677,0.21733,0.7359,0.2902338376891334,2018,258
6.40909090909091,196.72727272727272,2.6666666666666665,0.11316,0.32226,0.56458,0.3296432964329643,2018,36
6.411458333333333,194.4375,2.333333333333333,0.05836,0.45491,0.48674,0.2175066312997347,2019,183
6.44871794871795,213.07692307692307,3.111111111111111,0.01665,0.45839,0.52497,0.4058898847631241,2019,300
6.451388888888889,215.41666666666663,2.555555555555556,0.03487,0.25405,0.71108,0.3237858032378581,2019,248
6.5,211.8571428571429,3.0,0.09642,0.38843,0.51515,0.2272727272727272,2019,2306
6.40625,202.5,2.2222222222222223,0.0,0.49647,0.50353,0.2835294117647059,2019,9
6.416666666666668,201.3636363636364,2.7777777777777777,0.0,0.26222,0.73778,0.1966626936829558,2019,314
6.483333333333333,210.9333333333333,2.2222222222222223,0.0,0.26897,0.73103,0.2834821428571429,2019,66
6.375000000000001,213.0,2.555555555555556,0.07057,0.19308,0.73635,0.1984021304926765,2019,145
6.479166666666666,211.875,2.6666666666666665,0.00638,0.44468,0.54894,0.3680851063829788,2019,127
6.469696969696969,208.72727272727272,3.4444444444444446,0.0,0.8164,0.1836,0.1738066095471236,2019,2440
6.470238095238096,211.1428571428572,2.333333333333333,0.0,0.5372,0.4628,0.2358133669609079,2019,222
6.49404761904762,203.42857142857144,2.888888888888889,0.0,0.63512,0.36488,0.2586750788643533,2019,2250
6.448717948717948,204.23076923076923,2.333333333333333,0.07671,0.09344,0.82985,0.2691771269177127,2019,295
6.416666666666666,210.23076923076923,2.7777777777777777,0.0,0.51111,0.48889,0.2472222222222223,2019,275
6.446428571428572,205.8571428571429,2.333333333333333,0.01203,0.44645,0.54152,0.2900120336943441,2019,261
6.433333333333334,212.4,2.2222222222222223,0.13032,0.36077,0.50892,0.2030178326474623,2019,130
6.243589743589744,182.6153846153846,3.4444444444444446,0.0,0.20854,0.79146,0.2902010050251256,2019,300
6.428571428571429,208.1428571428572,2.4444444444444446,0.10821,0.29465,0.59713,0.3885267275097783,2019,57
6.462121212121213,207.8181818181818,1.6666666666666667,0.0,0.40283,0.59717,0.2744405182567727,2019,96
6.562499999999999,214.5833333333333,2.2222222222222223,0.03022,0.30618,0.6636,0.2036793692509855,2019,2550
6.435897435897436,211.69230769230768,2.555555555555556,0.0,0.54058,0.45942,0.281413612565445,2019,139
6.536458333333333,216.625,3.111111111111111,0.08078,0.3317,0.58752,0.412484700122399,2019,52
6.416666666666665,202.5,2.4444444444444446,0.0,0.42995,0.57005,0.3049450549450549,2019,2670
6.487179487179487,205.7692307692308,2.875,0.05966,0.15341,0.78693,0.1974431818181818,2019,2641
6.520833333333332,210.41666666666663,2.333333333333333,0.11854,0.25977,0.62169,0.2597730138713746,2019,2509
6.451388888888889,197.66666666666663,3.2222222222222223,0.01026,0.20296,0.78677,0.2348916761687571,2019,149
6.467948717948719,209.6153846153846,2.111111111111111,0.13929,0.29938,0.56133,0.3607068607068606,2019,2305
6.402777777777778,208.75,2.4444444444444446,0.0,0.3561,0.6439,0.2474804031354983,2019,93
6.529761904761905,216.2142857142857,2.555555555555556,0.0,0.52446,0.47554,0.3230944254835039,2019,2294
6.270833333333332,198.3333333333333,3.0,0.0,0.33532,0.66468,0.2410501193317422,2019,2241
6.440476190476191,206.78571428571428,2.6666666666666665,0.05556,0.31597,0.62847,0.2673611111111111,2019,2747
6.358974358974359,210.3846153846154,2.888888888888889,0.10013,0.54486,0.35501,0.2951885565669701,2019,97
6.461538461538462,215.0,2.6666666666666665,0.18158,0.27763,0.54079,0.2013157894736842,2019,135
6.546875,207.625,2.6666666666666665,0.0,0.42007,0.57993,0.2690187431091511,2019,153
6.557692307692308,215.53846153846155,3.2222222222222223,0.07817,0.38679,0.53504,0.3032345013477089,2019,201
6.462962962962963,205.0,3.0,0.0,0.41055,0.58945,0.2912844036697248,2019,43
6.402777777777778,198.0,2.333333333333333,0.00731,0.419,0.57369,0.2216808769792935,2019,161
6.467948717948717,210.0,2.333333333333333,0.05402,0.41657,0.52941,0.2220888355342136,2019,94
6.455555555555555,203.2,1.5555555555555556,0.0,0.37772,0.62228,0.2146739130434783,2019,120
6.4930555555555545,216.25,3.0,0.10882,0.31956,0.57163,0.2988980716253443,2019,71
6.3809523809523805,206.42857142857144,2.888888888888889,0.18382,0.34314,0.47304,0.3223039215686273,2019,2000
6.487179487179487,210.3846153846154,2.4444444444444446,0.00846,0.29625,0.69528,0.2732769044740024,2019,344
6.534722222222221,214.5833333333333,2.2222222222222223,0.0283,0.47035,0.50135,0.2008086253369272,2019,2608
6.467948717948717,208.6153846153846,2.4444444444444446,0.04894,0.24339,0.70767,0.242063492063492,2019,258
6.470238095238095,204.92857142857144,2.888888888888889,0.0,0.36621,0.63379,0.2029478458049886,2019,2633
6.455128205128206,201.92307692307693,3.0,0.0,0.20813,0.79187,0.1982758620689655,2019,2247
6.409722222222222,207.5,2.2222222222222223,0.13548,0.20896,0.65557,0.3455797933409874,2019,328
6.455128205128204,197.92307692307693,2.7777777777777777,0.11355,0.19097,0.69548,0.2116129032258064,2019,218
6.388888888888888,200.0833333333333,2.2222222222222223,0.0,0.22372,0.77628,0.3777506112469437,2019,2449
6.492424242424243,208.45454545454547,3.111111111111111,0.10046,0.15868,0.74087,0.3105022831050228,2019,111
6.339285714285714,202.2142857142857,2.4444444444444446,0.00929,0.18467,0.80604,0.1916376306620209,2019,2599
6.341666666666667,195.5,2.625,0.02014,0.40288,0.57698,0.2503597122302158,2019,2335
6.464285714285714,210.57142857142856,2.4444444444444446,0.01024,0.62612,0.36364,0.1882202304737515,2019,269
6.480769230769231,209.23076923076923,3.2222222222222223,0.25365,0.06375,0.6826,0.2390438247011951,2019,2116
6.441176470588236,213.41176470588235,3.2222222222222223,0.0807,0.32398,0.59532,0.3309941520467836,2019,2
6.35897435897436,201.15384615384616,2.7777777777777777,0.10887,0.17339,0.71774,0.2620967741935484,2019,2132
6.4375,203.66666666666663,3.0,0.01281,0.28871,0.69849,0.240977881257276,2019,2084
6.425,214.5,2.125,0.0,0.4178,0.5822,0.242274412855377,2019,99
6.427777777777778,206.66666666666663,2.888888888888889,0.00278,0.32823,0.66898,0.1947148817802503,2019,264
6.384615384615385,206.53846153846155,2.2222222222222223,0.0,0.47903,0.52097,0.3112313937753721,2019,194
6.565476190476192,214.28571428571428,1.8888888888888888,0.07363,0.75385,0.17253,0.1934065934065933,2019,150
6.570512820512819,208.3846153846154,2.111111111111111,0.22678,0.42549,0.34773,0.4557235421166307,2019,2483
6.477272727272728,205.0,2.555555555555556,0.08886,0.46308,0.44806,0.2415519399249061,2019,2142
6.451388888888889,220.41666666666663,2.4444444444444446,0.0,0.32254,0.67746,0.4084821428571429,2019,239
6.298611111111111,200.41666666666663,3.333333333333333,0.0,0.48912,0.51088,0.2727272727272726,2019,2428
6.372222222222222,201.0,3.111111111111111,0.0,0.4469,0.5531,0.4734513274336283,2019,166
6.410256410256411,198.07692307692307,2.2222222222222223,0.21476,0.3315,0.45374,0.2400881057268723,2019,2057
6.383333333333334,210.1,2.555555555555556,0.0,0.22864,0.77136,0.1670854271356784,2019,259
6.5625,204.25,3.125,0.0,0.30087,0.69913,0.1642441860465116,2019,68
6.392857142857144,205.0,2.2222222222222223,0.0,0.22965,0.77035,0.339003645200486,2019,38
6.5,205.5,2.875,0.12025,0.22405,0.6557,0.1468354430379747,2019,147
6.53030303030303,199.0909090909091,3.25,0.05217,0.47536,0.47246,0.3014492753623189,2019,2755
6.427083333333334,198.6875,1.7777777777777777,0.0176,0.21452,0.76788,0.2981298129812981,2019,47
6.340277777777779,200.41666666666663,2.7777777777777777,0.0,0.28997,0.71003,0.3333333333333333,2019,2681
6.467948717948717,208.6153846153846,2.4444444444444446,0.04894,0.24339,0.70767,0.242063492063492,2019,258
6.369047619047619,189.3571428571429,2.555555555555556,0.1811,0.21822,0.60067,0.3239595050618673,2019,36
6.480769230769231,200.53846153846155,3.111111111111111,0.04567,0.29687,0.65745,0.219951923076923,2020,68
6.5,212.4375,2.888888888888889,0.0,0.27086,0.72914,0.253077975376197,2020,38
6.534722222222222,204.5833333333333,2.555555555555556,0.05882,0.42857,0.51261,0.2464985994397758,2020,147
6.411111111111111,191.66666666666663,3.4444444444444446,0.07541,0.2065,0.7181,0.4443155452436195,2020,2755
6.43452380952381,193.7142857142857,2.2222222222222223,0.04,0.13625,0.82375,0.2850000000000001,2020,47
6.479166666666667,205.0,2.888888888888889,0.00956,0.25329,0.73716,0.3608124253285543,2020,2681
6.442307692307692,204.3846153846154,2.4444444444444446,0.02236,0.52875,0.44888,0.2092651757188498,2020,258
6.340909090909091,202.1818181818182,2.2222222222222223,0.16226,0.1761,0.66164,0.2855345911949685,2020,36
6.559523809523809,212.1428571428572,2.888888888888889,0.02328,0.33295,0.64377,0.3422584400465658,2021,41
6.526041666666667,199.0625,2.2222222222222223,0.04332,0.38869,0.56799,0.2250300842358603,2021,183
6.422222222222223,203.0,2.6666666666666665,0.03347,0.24544,0.7211,0.4087221095334685,2021,248
6.517857142857143,204.28571428571428,3.2222222222222223,0.0,0.41452,0.58548,0.3220140515222481,2021,2540
6.446078431372548,197.94117647058823,2.333333333333333,0.0,0.44258,0.55742,0.2503225806451613,2021,314
6.441666666666667,198.6,2.6666666666666665,0.0,0.37027,0.62973,0.2608108108108108,2021,249
6.477777777777777,197.0,2.888888888888889,0.17088,0.36582,0.4633,0.3453670276774971,2021,2253
6.553030303030304,217.8181818181818,3.333333333333333,0.0,0.37549,0.62451,0.235836627140975,2021,142
6.467592592592593,205.66666666666663,3.111111111111111,0.0,0.47481,0.52519,0.3324937027707809,2021,38
6.380208333333333,199.375,3.2222222222222223,0.0,0.46763,0.53237,0.3549160671462829,2021,21
6.529761904761904,207.3571428571429,2.333333333333333,0.02637,0.47785,0.49578,0.2278481012658227,2021,2250
6.416666666666667,204.0,3.0,0.01907,0.27771,0.70322,0.2145411203814064,2021,59
6.45,213.53333333333333,2.7777777777777777,0.0,0.46799,0.53201,0.2607683352735739,2021,277
6.477777777777777,210.9333333333333,2.7777777777777777,0.01571,0.42,0.56429,0.3528571428571428,2021,228
6.5,214.2,2.6666666666666665,0.0,0.50313,0.49687,0.1964956195244055,2021,222
6.544444444444446,207.13333333333333,2.555555555555556,0.0,0.45103,0.54897,0.285876993166287,2021,8
6.53125,211.6875,3.111111111111111,0.00544,0.52381,0.47075,0.273469387755102,2021,275
6.398809523809524,198.0,2.7777777777777777,0.01633,0.30612,0.67755,0.296938775510204,2021,198
6.450980392156863,212.94117647058823,3.0,0.17195,0.31951,0.50854,0.2902439024390244,2021,130
6.385416666666666,195.75,2.888888888888889,0.0,0.27062,0.72938,0.3518041237113402,2021,325
6.467948717948717,202.30769230769232,2.555555555555556,0.0,0.46143,0.53857,0.2019635343618513,2021,2182
6.355555555555555,192.3333333333333,2.555555555555556,0.0,0.30355,0.69645,0.302233902759527,2021,42
6.511904761904764,202.07142857142856,3.111111111111111,0.0,0.4197,0.5803,0.3141852286049237,2021,251
6.466666666666666,207.46666666666667,2.555555555555556,0.00973,0.45622,0.53405,0.3708108108108108,2021,57
6.489583333333334,203.0625,2.888888888888889,0.19818,0.28018,0.52164,0.4054669703872437,2021,252
6.618055555555556,202.5,2.7777777777777777,0.00384,0.47442,0.52174,0.2672634271099744,2021,30
6.488095238095238,210.0,2.2222222222222223,0.0,0.20161,0.79839,0.3410138248847926,2021,2641
6.609375,219.4375,2.888888888888889,0.15228,0.27458,0.57314,0.3573141486810551,2021,52
6.455128205128205,200.7692307692308,2.4444444444444446,0.00633,0.34051,0.65316,0.3620253164556963,2021,2670
6.458333333333334,207.5,2.0,0.10875,0.33875,0.5525,0.3424999999999999,2021,2509
6.482142857142857,202.0,2.333333333333333,0.0,0.36595,0.63405,0.2376111817026683,2021,2305
6.462121212121213,209.8181818181818,2.888888888888889,0.0,0.19066,0.80934,0.2108585858585858,2021,179
6.583333333333333,212.07142857142856,2.888888888888889,0.07235,0.36951,0.55814,0.3423772609819121,2021,204
6.515625,208.75,2.4444444444444446,0.22754,0.08985,0.68261,0.2368728121353559,2021,356
6.553921568627452,209.1764705882353,2.0,0.0,0.47296,0.52704,0.3610062893081761,2021,153
6.5,206.625,3.111111111111111,0.00952,0.29762,0.69286,0.2952380952380952,2021,201
6.435897435897437,200.0,2.2222222222222223,0.0,0.22562,0.77438,0.336734693877551,2021,197
6.410714285714285,208.2142857142857,3.0,0.0,0.18237,0.81763,0.3586291309669522,2021,2450
6.48888888888889,201.26666666666668,2.6666666666666665,0.02062,0.29768,0.6817,0.2693298969072165,2021,120
6.33888888888889,202.4,2.6666666666666665,0.14337,0.35422,0.50241,0.4240963855421688,2021,2000
6.380208333333333,202.625,3.0,0.22637,0.16791,0.60572,0.4141791044776118,2021,2350
6.551282051282052,198.15384615384616,2.7777777777777777,0.19772,0.32573,0.47655,0.2585551330798479,2021,46
6.402777777777778,193.3333333333333,3.4444444444444446,0.0,0.52393,0.47607,0.2770780856423174,2021,2640
6.535714285714286,205.78571428571428,2.555555555555556,0.01455,0.2963,0.68915,0.3002645502645502,2021,2633
6.46078431372549,202.8235294117647,2.6666666666666665,0.01569,0.46536,0.51895,0.2875816993464052,2021,258
6.402777777777778,190.41666666666663,2.555555555555556,0.0,0.20764,0.79236,0.2995226730310262,2021,331
6.609375,206.6875,2.4444444444444446,0.20807,0.26356,0.52837,0.3165195460277427,2021,328
6.522222222222223,211.66666666666663,2.6666666666666665,0.0504,0.15385,0.79576,0.2612732095490717,2021,164
6.428571428571428,201.42857142857144,2.6666666666666665,0.09284,0.30371,0.60345,0.3023872679045093,2021,2430
6.458333333333333,197.0,2.7777777777777777,0.0,0.37175,0.62825,0.335593220338983,2021,333
6.327777777777778,178.4,2.555555555555556,0.0,0.51875,0.48125,0.34875,2021,2335
6.377777777777778,201.66666666666663,3.0,0.08717,0.1457,0.76712,0.2391033623910335,2021,156
6.523809523809524,215.3571428571429,2.6666666666666665,0.0,0.21099,0.78901,0.3516483516483517,2021,26
6.466666666666668,215.66666666666663,2.0,0.01309,0.45474,0.53217,0.2246455834242094,2021,99
6.403846153846154,201.30769230769232,2.6666666666666665,0.0,0.42507,0.57493,0.2615803814713896,2021,2413
6.464285714285714,211.78571428571428,2.888888888888889,0.0,0.60987,0.39013,0.2784958871915393,2021,194
6.428571428571429,208.2142857142857,2.6666666666666665,0.08889,0.13,0.78111,0.3066666666666667,2021,2142
6.380952380952381,199.2142857142857,3.111111111111111,0.0,0.41833,0.58167,0.3254994124559343,2021,2181
6.422222222222223,196.13333333333333,3.0,0.08789,0.24652,0.66559,0.2733118971061093,2021,2483
6.427777777777777,202.8,2.333333333333333,0.00338,0.52027,0.47635,0.2612612612612612,2021,195
6.467948717948717,208.84615384615384,2.7777777777777777,0.0,0.2025,0.7975,0.2741751990898748,2021,239
6.366666666666666,205.66666666666663,2.888888888888889,0.01206,0.39324,0.59469,0.4053075995174909,2021,2737
6.473958333333334,212.25,2.4444444444444446,0.0,0.50333,0.49667,0.2882483370288248,2021,2294
6.450000000000001,205.66666666666663,2.333333333333333,0.0,0.34375,0.65625,0.3460648148148148,2021,259
6.529761904761906,198.8571428571429,3.111111111111111,0.02897,0.25608,0.71495,0.3499420625724218,2021,68
6.467592592592593,205.66666666666663,3.111111111111111,0.0,0.47481,0.52519,0.3324937027707809,2021,38
6.43452380952381,197.8571428571429,2.6666666666666665,0.01859,0.27509,0.70632,0.3048327137546467,2021,147
6.455128205128205,201.15384615384616,3.2222222222222223,0.0,0.19767,0.80233,0.4392764857881137,2021,2755
6.461538461538462,199.0,2.2222222222222223,0.19909,0.34243,0.45848,0.4482366325369737,2021,47
6.416666666666668,197.5,2.7777777777777777,0.00499,0.14107,0.85393,0.2084893882646691,2021,2681
6.46078431372549,202.8235294117647,2.6666666666666665,0.01569,0.46536,0.51895,0.2875816993464052,2021,258
6.348484848484848,203.72727272727272,2.111111111111111,0.0,0.28552,0.71448,0.2377158034528552,2021,36
6.5,204.28571428571428,3.0,0.0,0.43608,0.56392,0.2891278375149342,2022,41
6.423076923076923,204.23076923076923,3.111111111111111,0.0,0.42655,0.57345,0.409321175278622,2022,248
6.409090909090909,203.27272727272728,3.2222222222222223,0.0,0.20205,0.79795,0.2693997071742313,2022,66
6.429487179487181,203.23076923076923,2.7777777777777777,0.01499,0.59264,0.39237,0.3555858310626703,2022,127
6.433333333333333,199.3333333333333,3.4444444444444446,0.0,0.3263,0.6737,0.3502109704641351,2022,21
6.5,215.7692307692308,3.2222222222222223,0.0,0.40314,0.59686,0.2028795811518324,2022,222
6.511904761904761,198.78571428571428,2.2222222222222223,0.15512,0.32893,0.51595,0.2596259625962596,2022,2250
6.423611111111111,203.8333333333333,3.333333333333333,0.0,0.2488,0.7512,0.2800480769230768,2022,8
6.520833333333333,202.75,3.111111111111111,0.0,0.32025,0.67975,0.2531645569620253,2022,87
6.483333333333333,207.7333333333333,2.4444444444444446,0.03903,0.31359,0.64738,0.1668909825033647,2022,275
6.371794871794871,201.15384615384616,3.7777777777777777,0.0,0.37485,0.62515,0.336075205640423,2022,261
6.529761904761904,208.57142857142856,2.2222222222222223,0.23077,0.22084,0.54839,0.2456575682382134,2022,130
6.351190476190476,203.92857142857144,2.888888888888889,0.0,0.33415,0.66585,0.3255813953488372,2022,2344
6.444444444444443,204.3333333333333,3.6666666666666665,0.11805,0.34057,0.54138,0.3066485753052918,2022,251
6.416666666666666,202.7142857142857,2.555555555555556,0.0,0.47706,0.52294,0.2866972477064219,2022,96
6.458333333333333,192.8125,3.2222222222222223,0.03951,0.46173,0.49877,0.2864197530864197,2022,30
6.416666666666667,197.0833333333333,3.333333333333333,0.04188,0.17016,0.78796,0.2787958115183246,2022,55
6.523809523809525,210.5,3.4444444444444446,0.03073,0.27423,0.69504,0.4078014184397163,2022,2550
6.395833333333333,206.0833333333333,2.2222222222222223,0.03869,0.35187,0.60943,0.2950423216444982,2022,2006
6.416666666666667,208.7142857142857,2.333333333333333,0.1025,0.21419,0.68331,0.3088042049934296,2022,2628
6.532051282051283,217.53846153846155,3.555555555555556,0.0,0.39927,0.60073,0.366504854368932,2022,2641
6.464285714285714,208.2142857142857,2.6666666666666665,0.17287,0.27491,0.55222,0.276110444177671,2022,2509
6.410714285714285,203.0,3.333333333333333,0.0,0.3467,0.6533,0.2547169811320755,2022,2305
6.347222222222221,202.66666666666663,2.888888888888889,0.0,0.37636,0.62364,0.2376357056694812,2022,93
6.371794871794871,200.3846153846154,3.555555555555556,0.17139,0.27964,0.54897,0.2409793814432989,2022,2507
6.423076923076923,199.84615384615384,2.555555555555556,0.06338,0.30399,0.63263,0.210093896713615,2022,2750
6.416666666666666,201.5625,3.555555555555556,0.0,0.58926,0.41074,0.2187919463087247,2022,257
6.550000000000001,207.46666666666667,3.0,0.24603,0.10544,0.64853,0.2902494331065759,2022,356
6.494444444444444,201.13333333333333,2.4444444444444446,0.0,0.4763,0.5237,0.2584650112866817,2022,153
6.416666666666667,206.7692307692308,3.4444444444444446,0.05569,0.24576,0.69855,0.2929782082324455,2022,236
6.438596491228071,202.3684210526316,2.888888888888889,0.0,0.32898,0.67102,0.3954869358669834,2022,43
6.488095238095239,214.2142857142857,3.0,0.00875,0.52875,0.4625,0.3287499999999999,2022,84
6.392857142857143,199.7142857142857,3.2222222222222223,0.0,0.18035,0.81965,0.3167630057803468,2022,2450
6.480769230769231,205.0,3.0,0.04527,0.3594,0.59534,0.2688614540466392,2022,2608
6.429487179487178,204.6153846153846,3.4444444444444446,0.06394,0.29668,0.63939,0.3631713554987211,2022,2350
6.361111111111111,195.8333333333333,3.888888888888889,0.0,0.44016,0.55984,0.4188829787234042,2022,2640
6.463541666666666,201.875,2.333333333333333,0.0503,0.28144,0.66826,0.355688622754491,2022,2633
6.266666666666668,195.26666666666668,3.111111111111111,0.0,0.30342,0.69658,0.3624557260920897,2022,2247
6.450000000000001,199.3333333333333,2.6666666666666665,0.18552,0.25339,0.56109,0.4151583710407239,2022,235
6.479166666666668,202.0833333333333,3.0,0.01963,0.18717,0.79319,0.1623036649214659,2022,2390
6.470588235294119,197.64705882352945,2.6666666666666665,0.07746,0.31561,0.60694,0.3317919075144508,2022,333
6.534722222222222,204.5,3.333333333333333,0.01593,0.44853,0.53554,0.3174019607843137,2022,68
6.340277777777778,188.0833333333333,2.7777777777777777,0.0,0.27415,0.72585,0.3707386363636362,2022,2612
6.428571428571429,200.0,1.8888888888888888,0.0,0.40026,0.59974,0.3363754889178618,2022,269
6.402777777777778,195.66666666666663,2.125,0.20695,0.21643,0.57662,0.263823064770932,2022,156
6.386904761904761,202.7142857142857,2.7777777777777777,0.0,0.16176,0.83824,0.2620320855614972,2022,36
6.46078431372549,212.7058823529412,2.4444444444444446,0.03924,0.42331,0.53746,0.3079667063020214,2022,2
6.428571428571429,204.28571428571428,2.888888888888889,0.0,0.33535,0.66465,0.1949152542372881,2022,2166
6.506410256410256,213.46153846153845,3.111111111111111,0.0,0.14439,0.85561,0.2732696897374702,2022,26
6.405555555555556,199.66666666666663,2.6666666666666665,0.0,0.39162,0.60838,0.3113772455089821,2022,48
6.583333333333333,210.2142857142857,2.4444444444444446,0.21295,0.16356,0.62349,0.3205268935236005,2022,12
6.424242424242423,202.63636363636363,2.6666666666666665,0.0,0.27958,0.72042,0.3790575916230365,2022,2571
6.422222222222222,193.3333333333333,2.888888888888889,0.0,0.35526,0.64474,0.3516746411483253,2022,147
6.55,210.4,3.4444444444444446,0.02628,0.3859,0.58781,0.2664277180406212,2022,2539
6.397435897435899,196.84615384615384,3.0,0.0,0.35241,0.64759,0.2821846553966189,2022,2239
6.477777777777779,205.9333333333333,2.2222222222222223,0.08364,0.52153,0.39483,0.2693726937269373,2022,99
6.461538461538462,205.92307692307693,2.7777777777777777,0.0,0.58493,0.41507,0.3277511961722488,2022,194
6.462121212121213,210.9090909090909,3.25,0.07494,0.15457,0.77049,0.3032786885245901,2022,2142
6.4930555555555545,218.8333333333333,2.4444444444444446,0.13429,0.59952,0.26619,0.2362110311750599,2022,150
6.511904761904761,208.57142857142856,2.555555555555556,0.0,0.28725,0.71275,0.3997856377277599,2022,239
6.34375,202.25,3.333333333333333,0.07551,0.18554,0.73894,0.3441208198489752,2022,5
6.467948717948717,206.7692307692308,3.111111111111111,0.0,0.6383,0.3617,0.392434988179669,2022,166
6.488095238095238,209.0,2.4444444444444446,0.01012,0.57368,0.4162,0.3014623172103487,2022,2294
6.465277777777778,210.41666666666663,2.888888888888889,0.00956,0.44809,0.54235,0.2691256830601092,2022,259
6.534722222222222,204.5,3.333333333333333,0.01593,0.44853,0.53554,0.3174019607843137,2022,68
6.452380952380953,198.92857142857144,2.2222222222222223,0.02439,0.4801,0.49551,0.2952503209242618,2022,38
6.422222222222222,193.3333333333333,2.888888888888889,0.0,0.35526,0.64474,0.3516746411483253,2022,147
6.416666666666666,194.53846153846155,3.6666666666666665,0.07739,0.18501,0.73761,0.430471584038694,2022,2755
6.340909090909091,186.27272727272728,3.0,0.0,0.37611,0.62389,0.2325285895806861,2022,47
6.402777777777779,196.66666666666663,3.25,0.0,0.11757,0.88243,0.3381770145310436,2022,2681
6.3910256410256405,198.92307692307693,2.6666666666666665,0.06515,0.33636,0.59848,0.2196969696969697,2022,258
6.386904761904761,202.7142857142857,2.7777777777777777,0.0,0.16176,0.83824,0.2620320855614972,2022,36
6.515625,199.5,2.7777777777777777,0.08456,0.34559,0.56985,0.2683823529411765,2023,41
6.384615384615385,197.07692307692307,2.555555555555556,0.0,0.26379,0.73621,0.3465227817745803,2023,2226
6.409722222222221,207.0833333333333,2.4444444444444446,0.0,0.3567,0.6433,0.2665832290362953,2023,248
6.393939393939394,201.9090909090909,3.4444444444444446,0.0,0.53218,0.46782,0.25,2023,2306
6.392857142857143,202.42857142857144,2.7777777777777777,0.0213,0.26692,0.71178,0.2832080200501253,2023,245
6.475490196078432,204.1176470588236,2.888888888888889,0.0,0.37313,0.62687,0.2972636815920398,2023,2540
6.5,206.66666666666663,3.6666666666666665,0.0,0.39526,0.60474,0.3254281949934124,2023,66
6.470238095238096,199.6428571428572,2.6666666666666665,0.0,0.51564,0.48436,0.3290183387270766,2023,314
6.384259259259259,195.88888888888889,3.111111111111111,0.00796,0.36746,0.62457,0.3765642775881684,2023,9
6.506410256410256,201.92307692307693,3.0,0.0,0.31167,0.68833,0.3953744493392069,2023,2253
6.345238095238095,199.78571428571428,2.6666666666666665,0.08816,0.34605,0.56579,0.1999999999999999,2023,127
6.453125,200.9375,3.7777777777777777,0.0,0.46213,0.53787,0.399229781771502,2023,21
6.45,206.13333333333333,3.555555555555556,0.0,0.47836,0.52164,0.3462819089900112,2023,142
6.549999999999999,205.53333333333333,2.555555555555556,0.0,0.39914,0.60086,0.4216738197424892,2023,8
6.548611111111111,208.5833333333333,3.0,0.02318,0.45033,0.52649,0.2682119205298014,2023,2250
6.470238095238095,213.42857142857144,3.333333333333333,0.14356,0.3227,0.53374,0.2834355828220858,2023,277
6.3910256410256405,197.07692307692307,3.4444444444444446,0.0,0.24433,0.75567,0.3261964735516372,2023,261
6.474358974358975,201.23076923076923,3.4444444444444446,0.0205,0.33257,0.64692,0.2722095671981777,2023,198
6.388888888888888,197.5,3.111111111111111,0.0,0.45623,0.54377,0.2786683107274968,2023,251
6.428571428571429,197.42857142857144,2.888888888888889,0.0,0.40171,0.59829,0.3223443223443224,2023,232
6.422619047619048,201.42857142857144,3.0,0.0,0.5,0.5,0.273696682464455,2023,96
6.583333333333334,198.46153846153845,2.4444444444444446,0.08827,0.23203,0.6797,0.2484237074401008,2023,30
6.365384615384615,191.53846153846155,2.555555555555556,0.0,0.4777,0.5223,0.2523474178403755,2023,231
6.377777777777777,190.3333333333333,3.4444444444444446,0.01207,0.31284,0.67508,0.3315038419319429,2023,357
6.533333333333333,205.3333333333333,2.555555555555556,0.0,0.46959,0.53041,0.3357664233576643,2023,163
6.377450980392156,200.2941176470588,3.2222222222222223,0.08045,0.28268,0.63687,0.3396648044692738,2023,2628
6.467948717948716,199.23076923076923,2.7777777777777777,0.00534,0.42857,0.56609,0.2950600801068091,2023,2670
6.519230769230769,210.0,2.333333333333333,0.29458,0.22853,0.47688,0.2628797886393659,2023,2509
6.424242424242423,197.54545454545453,3.111111111111111,0.06642,0.33825,0.59533,0.3099630996309963,2023,2309
6.505555555555556,209.66666666666663,2.333333333333333,0.0321,0.43333,0.53457,0.2049382716049383,2023,2305
6.354166666666667,199.66666666666663,2.7777777777777777,0.0,0.4471,0.5529,0.2052896725440806,2023,2507
6.479166666666668,204.5833333333333,3.0,0.08491,0.20485,0.71024,0.2587601078167116,2023,77
6.40625,202.875,3.0,0.0,0.3061,0.6939,0.2373540856031128,2023,213
6.24404761904762,192.0,2.888888888888889,0.0,0.25691,0.74309,0.2857142857142857,2023,161
6.541666666666666,202.5,2.111111111111111,0.01073,0.23361,0.75566,0.301549463647199,2023,356
6.361111111111111,188.13333333333333,2.6666666666666665,0.04045,0.11576,0.84379,0.2510460251046024,2023,94
6.519607843137255,213.64705882352945,2.888888888888889,0.03187,0.54615,0.42198,0.3736263736263737,2023,84
6.523809523809525,202.7142857142857,3.2222222222222223,0.01116,0.35565,0.63319,0.2008368200836819,2023,120
6.55,205.5,2.4444444444444446,0.1986,0.1049,0.6965,0.1832167832167832,2023,2608
6.455555555555555,205.86666666666667,3.0,0.06042,0.34402,0.59556,0.3773119605425399,2023,2633
6.4375,201.25,3.111111111111111,0.02751,0.36314,0.60935,0.2943603851444292,2023,258
6.403846153846154,193.84615384615384,4.0,0.06264,0.28462,0.65275,0.3252747252747253,2023,235
6.435897435897436,198.53846153846155,3.555555555555556,0.00733,0.43276,0.5599,0.2200488997555012,2023,328
6.464285714285714,203.0,3.0,0.00733,0.20538,0.78729,0.1858190709046454,2023,2390
6.388888888888889,192.3333333333333,3.333333333333333,0.0,0.48989,0.51011,0.3032104637336504,2023,309
6.364583333333334,194.75,3.2222222222222223,0.00983,0.22727,0.7629,0.3255528255528256,2023,338
6.442708333333334,195.5,2.111111111111111,0.07264,0.437,0.49035,0.3620885357548241,2023,333
6.544871794871796,205.23076923076923,2.888888888888889,0.06452,0.32516,0.61032,0.184516129032258,2023,68
6.375,194.6875,2.0,0.0,0.31166,0.68834,0.2503067484662576,2023,269
6.416666666666666,194.7692307692308,2.4444444444444446,0.23798,0.19236,0.56967,0.1837237977805179,2023,156
6.4375,207.625,3.0,0.05148,0.39897,0.54955,0.2522522522522523,2023,2
6.446428571428572,208.92857142857144,2.555555555555556,0.0,0.14424,0.85576,0.2193939393939394,2023,26
6.537037037037036,205.61111111111111,2.6666666666666665,0.15708,0.3208,0.52212,0.288716814159292,2023,12
6.344444444444444,187.3333333333333,3.7777777777777777,0.0,0.40838,0.59162,0.3017964071856288,2023,2427
6.43452380952381,198.2142857142857,2.888888888888889,0.0,0.57177,0.42823,0.3208685162846804,2023,147
6.544444444444445,210.2,2.0,0.27525,0.2298,0.49495,0.2992424242424243,2023,150
6.4444444444444455,203.66666666666663,3.2222222222222223,0.0,0.26382,0.73618,0.3341013824884792,2023,2181
6.5,208.3333333333333,3.111111111111111,0.08042,0.24825,0.67133,0.2890442890442891,2023,2142
6.517857142857143,207.1428571428572,2.6666666666666665,0.0,0.33489,0.66511,0.2707117852975496,2023,239
6.46875,202.9375,3.333333333333333,0.0,0.4448,0.5552,0.2315112540192925,2023,2752
6.377777777777778,193.53333333333333,3.111111111111111,0.0,0.32018,0.67982,0.2311161217587372,2023,152
6.390625,193.375,2.7777777777777777,0.0,0.47636,0.52364,0.3933102652825837,2023,47
6.486111111111111,200.0,2.888888888888889,0.07876,0.1957,0.72554,0.279236276849642,2023,221
6.464285714285714,209.1428571428572,2.6666666666666665,0.01002,0.51225,0.47773,0.2572383073496658,2023,2294
6.544871794871796,205.23076923076923,2.888888888888889,0.06452,0.32516,0.61032,0.184516129032258,2023,68
6.487179487179487,192.30769230769232,2.555555555555556,0.0611,0.19825,0.74065,0.3665835411471322,2023,38
6.43452380952381,198.2142857142857,2.888888888888889,0.0,0.57177,0.42823,0.3208685162846804,2023,147
6.411111111111111,196.53333333333333,3.4444444444444446,0.0,0.35473,0.64527,0.3975225225225225,2023,2755
6.390625,193.375,2.7777777777777777,0.0,0.47636,0.52364,0.3933102652825837,2023,47
6.384615384615385,203.07692307692307,2.4444444444444446,0.0,0.19475,0.80525,0.4046961325966851,2023,2681
6.4375,201.25,3.111111111111111,0.02751,0.36314,0.60935,0.2943603851444292,2023,258
6.384615384615383,195.6153846153846,3.111111111111111,0.0,0.24311,0.75689,0.288622754491018,2023,36
6.523809523809523,202.6428571428572,2.4444444444444446,0.14548,0.26117,0.59336,0.2336769759450172,2024,41
6.42857142857143,199.07142857142856,3.333333333333333,0.0,0.31492,0.68508,0.2961325966850828,2024,2226
6.505555555555555,190.2,3.0,0.04881,0.27657,0.67462,0.3221258134490239,2024,56
6.297619047619049,192.42857142857144,3.2222222222222223,0.0,0.30762,0.69238,0.4013671874999999,2024,2377
6.462121212121212,201.3636363636364,2.555555555555556,0.0,0.39268,0.60732,0.2317073170731706,2024,2571
6.395833333333333,194.625,2.888888888888889,0.0,0.4851,0.5149,0.33492252681764,2024,232
6.493055555555556,199.41666666666663,2.7777777777777777,0.01091,0.4831,0.506,0.2791712104689204,2024,167
6.448717948717948,203.84615384615384,3.2222222222222223,0.0,0.50054,0.49946,0.2669537136706135,2024,356
6.538461538461537,205.3846153846154,2.555555555555556,0.07135,0.36232,0.56633,0.2931995540691193,2024,328
6.532051282051283,201.07692307692307,3.0,0.0,0.381,0.619,0.3048016701461378,2024,333
6.493055555555556,208.75,2.555555555555556,0.0,0.37033,0.62967,0.3080407701019252,2024,239
6.385416666666666,195.0,2.555555555555556,0.03919,0.46776,0.49305,0.2225031605562578,2024,2168
6.428571428571428,201.78571428571428,3.6666666666666665,0.08664,0.3586,0.55475,0.3188929001203369,2024,2628
6.511904761904761,207.5,3.555555555555556,0.01384,0.35525,0.63091,0.28719723183391,2024,2253
6.42857142857143,199.07142857142856,3.333333333333333,0.0,0.31492,0.68508,0.2961325966850828,2024,2226
6.480769230769231,203.92307692307693,2.888888888888889,0.0,0.47153,0.52847,0.2982673267326732,2024,66
6.46875,204.875,2.6666666666666665,0.02653,0.44175,0.53172,0.2987312572087658,2024,43
6.511111111111112,205.4,3.111111111111111,0.0,0.35595,0.64405,0.4311064718162838,2024,252
6.520833333333333,204.66666666666663,3.2222222222222223,0.06503,0.18405,0.75092,0.1828220858895705,2024,77
6.428571428571429,205.3571428571429,2.7777777777777777,0.0,0.37572,0.62428,0.3052023121387283,2024,158
6.368055555555556,197.16666666666663,2.7777777777777777,0.0,0.22684,0.77316,0.2232779097387173,2024,2181
6.377777777777778,194.13333333333333,3.2222222222222223,0.0,0.44111,0.55889,0.3333333333333333,2024,256
6.427777777777779,196.6,1.8888888888888888,0.11019,0.10915,0.78067,0.2817047817047817,2024,96
6.535714285714285,208.42857142857144,2.555555555555556,0.20591,0.19387,0.60022,0.2836801752464402,2024,12
6.436274509803922,204.1176470588236,3.0,0.06368,0.37146,0.56486,0.3466981132075472,2024,2
6.380952380952381,199.78571428571428,3.2222222222222223,0.0,0.48329,0.51671,0.2708830548926015,2024,2473
6.5,199.6153846153846,2.888888888888889,0.19658,0.20391,0.59951,0.2881562881562881,2024,2608
6.453125,201.125,3.0,0.0,0.23318,0.76682,0.3004640371229698,2024,2633
6.363095238095238,196.57142857142856,2.888888888888889,0.0,0.37354,0.62646,0.32903981264637,2024,5
6.470238095238095,198.07142857142856,3.0,0.24787,0.17881,0.57332,0.4323557237464522,2024,2483
6.4375,202.5833333333333,3.4444444444444446,0.0,0.2176,0.7824,0.2946210268948656,2024,245
6.338541666666667,193.8125,3.2222222222222223,0.0,0.28775,0.71225,0.3020214030915576,2024,152
6.523809523809523,202.6428571428572,2.4444444444444446,0.14548,0.26117,0.59336,0.2336769759450172,2024,41
6.466666666666668,203.3333333333333,2.4444444444444446,0.0,0.35742,0.64258,0.2529032258064517,2024,275
6.431818181818182,202.27272727272728,3.0,0.0299,0.40072,0.56938,0.2069377990430621,2024,2413
6.397435897435897,191.15384615384616,3.2222222222222223,0.0,0.35488,0.64512,0.4018801410105758,2024,261
6.472222222222222,198.26666666666668,2.4444444444444446,0.05876,0.28381,0.65743,0.2560975609756098,2024,57
6.458333333333333,202.07142857142856,2.7777777777777777,0.21765,0.18138,0.60097,0.204353083434099,2024,2305
6.467948717948719,200.92307692307693,2.555555555555556,0.05926,0.55926,0.38148,0.2592592592592592,2024,265
6.462121212121212,198.63636363636363,2.555555555555556,0.0,0.45392,0.54608,0.3163686382393397,2024,2612
6.384615384615386,205.92307692307693,3.0,0.12192,0.36084,0.51724,0.3177339901477832,2024,2344
6.519230769230769,209.23076923076923,2.0,0.2151,0.20137,0.58352,0.2299771167048055,2024,150
6.433333333333334,194.46666666666667,3.333333333333333,0.0,0.50534,0.49466,0.2645314353499407,2024,251
6.429487179487181,203.07692307692307,3.0,0.0,0.3377,0.6623,0.3584699453551912,2024,2641
6.545454545454546,199.8181818181818,2.7777777777777777,0.23918,0.1238,0.63702,0.1646634615384615,2024,156
6.394444444444445,199.06666666666663,3.333333333333333,0.10989,0.21209,0.67802,0.4241758241758241,2024,98
6.407407407407407,195.94444444444449,3.2222222222222223,0.04276,0.42518,0.53207,0.3931116389548693,2024,2184
6.311111111111109,196.13333333333333,2.6666666666666665,0.0,0.37204,0.62796,0.2615558060879368,2024,269
6.333333333333333,199.46153846153845,3.555555555555556,0.0,0.53044,0.46956,0.3103044496487119,2024,2006
6.461111111111111,211.2,3.333333333333333,0.02519,0.4644,0.51041,0.3811610076670318,2024,344
6.434523809523811,197.1428571428572,3.0,0.02847,0.31435,0.65718,0.2336892052194543,2024,299
6.345238095238095,199.78571428571428,2.7777777777777777,0.08745,0.2725,0.64005,0.2674271229404309,2024,127
6.5,205.9,2.5,0.0,0.62264,0.37736,0.2075471698113207,2024,2250
6.3425925925925934,190.0555555555556,3.111111111111111,0.05556,0.37963,0.56481,0.3950617283950617,2024,2535
6.467261904761904,200.7142857142857,3.0,0.0,0.48223,0.51777,0.2630331753554502,2024,228
6.446428571428572,201.42857142857144,2.7777777777777777,0.0413,0.46934,0.48936,0.2966207759699625,2024,2579
6.476190476190476,196.6428571428572,3.333333333333333,0.02973,0.40309,0.56718,0.2936979785969084,2024,2440
6.422222222222222,195.6,3.111111111111111,0.0,0.51028,0.48972,0.2570694087403599,2024,21
6.458333333333334,203.0,3.0,0.0,0.4316,0.5684,0.2169811320754717,2024,153
6.514705882352941,210.2941176470588,2.555555555555556,0.30901,0.23261,0.45838,0.2405929304446978,2024,2509
6.3680555555555545,201.66666666666663,3.0,0.00253,0.24461,0.75285,0.2864385297845373,2024,248
6.450000000000001,203.3333333333333,3.111111111111111,0.09045,0.23241,0.67714,0.3907035175879397,2024,2142
6.488095238095239,209.8571428571429,2.7777777777777777,0.01389,0.48485,0.50126,0.2133838383838384,2024,68
6.538888888888888,201.0,2.7777777777777777,0.10921,0.33726,0.55353,0.2494646680942184,2024,38
6.416666666666666,196.15384615384616,3.111111111111111,0.0,0.21506,0.78494,0.402378592666006,2024,147
6.442307692307692,200.15384615384616,3.125,0.0,0.46575,0.53425,0.2835616438356165,2024,2755
6.377777777777776,198.86666666666667,2.888888888888889,0.0,0.34483,0.65517,0.3887147335423198,2024,47
6.368055555555556,197.91666666666663,2.4444444444444446,0.0,0.24565,0.75435,0.4368482039397451,2024,2681
6.448717948717948,194.23076923076923,2.555555555555556,0.0,0.11942,0.88058,0.3251798561151078,2024,258
6.392857142857143,193.8571428571429,3.2222222222222223,0.0,0.30815,0.69185,0.2949640287769783,2024,36
