AdjEM,AdjO,AdjD,AdjT,Luck,SoS,OppO,OppD,NSoS,Year,Team_ID
33.29,121.0,87.7,64.7,0.009,11.53,107.9,96.4,2.5,2010,150
31.85,120.4,88.5,67.2,0.038,9.53,108.2,98.7,1.13,2010,2305
27.62,118.5,90.9,68.7,-0.008,8.62,108.5,99.8,-2.96,2010,183
26.54,114.9,88.3,68.3,0.06,7.06,106.5,99.5,-1.28,2010,96
25.54,117.2,91.7,62.6,0.057,12.58,110.0,97.5,5.45,2010,277
25.52,116.1,90.6,69.4,-0.008,11.99,109.5,97.5,2.37,2010,2306
24.99,117.5,92.5,64.6,0.007,7.88,106.3,98.4,-2.92,2010,194
24.95,119.2,94.3,64.5,-0.021,10.59,108.3,97.7,-2.79,2010,239
23.56,115.2,91.6,59.2,-0.013,8.69,107.9,99.2,1.01,2010,275
23.27,117.3,94.0,71.1,0.012,3.88,104.9,101.0,-0.03,2010,252
22.64,116.8,94.2,65.8,-0.035,11.55,109.0,97.4,3.35,2010,46
22.45,111.0,88.5,63.0,0.032,6.85,106.7,99.9,11.11,2010,2086
22.37,118.3,95.9,68.7,-0.023,8.87,106.7,97.8,-4.35,2010,120
22.15,119.6,97.4,67.1,-0.043,9.03,106.5,97.5,8.46,2010,25
22.05,109.8,87.7,66.2,0.07,8.81,107.8,99.0,-1.26,2010,2509
21.33,112.6,91.2,64.3,-0.005,11.51,109.4,97.9,0.15,2010,245
21.24,117.2,96.0,71.2,0.025,10.03,108.7,98.7,-0.91,2010,222
20.87,115.5,94.6,68.9,0.01,8.04,106.2,98.2,7.27,2010,2752
20.75,113.9,93.1,71.5,-0.014,9.01,107.2,98.2,-1.32,2010,251
20.13,112.8,92.7,65.3,0.027,9.03,107.5,98.5,-0.94,2010,127
20.12,107.8,87.7,60.4,0.076,6.07,106.4,100.3,5.68,2010,218
19.99,111.5,91.5,68.8,-0.035,8.17,107.1,98.9,-6.1,2010,142
19.9,116.0,96.1,59.8,-0.026,1.81,105.0,103.2,0.16,2010,328
19.65,115.1,95.5,62.3,-0.064,9.05,108.0,98.9,-6.52,2010,269
19.28,110.9,91.6,67.6,-0.041,8.76,106.3,97.6,-2.85,2010,228
18.92,108.1,89.1,65.5,-0.097,6.43,105.8,99.3,3.5,2010,2168
18.87,109.6,90.8,58.9,0.034,4.08,105.7,101.6,-1.58,2010,2460
18.66,111.4,92.8,61.3,0.041,7.87,107.7,99.8,-2.76,2010,221
18.59,116.5,97.9,66.2,0.038,2.72,105.4,102.7,1.18,2010,2608
18.5,108.9,90.4,67.5,0.082,8.67,107.4,98.7,-0.48,2010,2633
18.22,109.2,91.0,68.2,-0.034,10.94,107.4,96.4,-2.46,2010,59
18.19,111.7,93.6,71.7,0.029,6.97,106.7,99.7,1.13,2010,264
18.02,105.0,87.0,65.3,0.009,9.01,107.3,98.3,-2.88,2010,52
17.97,112.0,94.1,65.6,-0.055,8.37,107.7,99.3,-3.72,2010,135
17.71,119.4,101.7,62.4,-0.068,6.28,106.5,100.2,-9.08,2010,87
17.54,113.7,96.2,68.7,0.019,8.14,107.1,99.0,1.5,2010,238
17.51,107.8,90.3,62.6,0.009,3.17,105.0,101.9,6.16,2010,295
16.91,114.5,97.6,66.3,-0.038,8.87,107.8,99.0,-1.62,2010,97
16.72,112.2,95.4,66.2,0.011,8.47,107.2,98.7,-4.33,2010,197
16.58,111.4,94.9,63.1,0.006,5.4,105.3,99.9,2.24,2010,21
16.56,110.6,94.0,66.3,-0.013,4.08,104.8,100.7,0.67,2010,2439
16.53,107.7,91.2,67.9,0.024,2.62,104.1,101.5,-4.26,2010,218
16.18,113.6,97.4,67.4,0.096,4.09,105.0,100.9,1.85,2010,167
16.14,112.3,96.1,67.5,0.079,3.42,105.5,102.1,4.43,2010,2250
15.98,109.7,93.7,66.5,-0.049,5.51,105.5,100.0,-2.76,2010,344
15.92,117.4,101.5,63.9,0.068,-0.66,101.2,101.9,4.12,2010,2083
15.77,112.9,97.2,68.7,-0.034,5.66,105.6,100.0,-2.73,2010,145
15.23,113.0,97.8,63.9,-0.061,7.75,106.6,98.8,-1.96,2010,57
15.19,107.7,92.5,67.5,-0.078,10.27,108.5,98.2,2.59,2010,41
15.06,109.0,94.0,65.6,-0.011,-5.78,100.2,106.0,-5.24,2010,93
15.01,108.8,93.8,62.5,0.047,5.7,105.4,99.7,2.39,2010,257
14.12,107.1,93.0,68.7,0.067,10.51,107.4,96.9,-0.82,2010,2692
13.86,109.4,95.5,69.2,0.027,-0.51,100.9,101.4,3.22,2010,314
11.97,106.5,94.5,64.2,-0.032,9.38,108.5,99.1,-1.66,2010,2599
11.32,106.5,95.2,60.3,-0.057,3.89,105.0,101.1,7.58,2010,111
10.12,104.6,94.4,63.5,-0.023,-1.55,102.2,103.8,4.23,2010,2747
9.77,113.0,103.2,62.8,0.002,5.19,104.8,99.6,-9.74,2010,77
8.79,112.0,103.2,71.1,-0.083,3.76,105.0,101.2,0.68,2010,248
8.25,107.3,99.0,68.8,-0.068,0.76,103.1,102.3,-0.9,2010,195
8.08,106.5,98.4,62.0,-0.042,-2.21,103.4,105.6,-0.86,2010,149
7.42,110.2,102.7,69.3,0.052,-3.33,101.3,104.6,4.67,2010,248
6.03,111.6,105.5,70.3,0.122,4.03,105.8,101.7,2.09,2010,166
3.19,107.5,104.3,69.5,0.173,-2.75,101.6,104.4,10.65,2010,2473
3.08,104.1,101.0,66.1,0.068,-6.32,98.8,105.1,-3.11,2010,261
2.75,102.2,99.5,68.0,0.043,-2.07,101.2,103.3,6.53,2010,2427
2.47,100.9,98.4,66.8,-0.004,-1.26,102.1,103.3,8.97,2010,2193
2.11,100.0,97.9,66.3,0.125,-1.0,102.8,103.8,3.46,2010,2540
1.58,105.5,104.0,68.6,0.078,-7.71,98.2,105.9,0.13,2010,204
-0.47,103.4,103.8,67.4,0.113,-5.87,99.9,105.7,-2.96,2010,249
-0.97,99.9,100.8,66.1,0.074,-7.18,98.1,105.3,3.47,2010,2523
-0.97,105.6,106.6,68.9,0.018,-10.02,96.8,106.8,-8.95,2010,2329
-5.63,90.7,96.3,64.0,0.049,-7.35,98.6,106.0,6.9,2010,2737
-6.44,93.1,99.5,65.1,0.053,-7.62,96.4,104.0,17.98,2010,8
33.47,125.0,91.5,63.8,0.031,8.82,108.9,100.0,-4.08,2011,194
28.42,119.7,91.3,68.6,0.017,8.43,107.3,98.9,3.48,2011,150
28.38,118.9,90.6,68.4,0.06,7.75,108.2,100.5,-0.29,2011,2305
27.08,120.6,93.5,61.8,-0.023,8.17,107.6,99.4,-3.68,2011,221
25.93,115.5,89.6,65.5,-0.058,7.61,107.5,99.9,0.6,2011,251
25.84,122.3,96.5,56.9,-0.003,10.81,110.0,99.2,-3.58,2011,275
25.82,117.8,92.0,65.0,-0.044,9.81,108.4,98.5,4.46,2011,96
24.98,114.1,89.1,62.3,0.059,7.48,107.6,100.1,4.1,2011,21
24.79,115.9,91.1,66.0,0.007,10.16,108.8,98.7,1.21,2011,2509
23.93,115.8,91.9,64.5,0.048,12.78,110.1,97.4,-0.77,2011,41
23.25,120.9,97.7,63.1,0.074,9.92,108.2,98.3,-3.83,2011,87
23.22,117.5,94.3,70.2,0.055,7.04,106.8,99.8,3.59,2011,252
22.49,114.9,92.4,64.6,0.032,9.03,108.3,99.3,-2.31,2011,183
22.26,111.4,89.2,66.8,-0.037,8.77,108.3,99.5,-5.13,2011,97
22.18,111.8,89.6,70.6,0.064,11.14,109.9,98.8,6.01,2011,153
21.69,117.7,96.0,69.9,-0.099,7.21,106.9,99.7,1.07,2011,264
20.61,115.8,95.2,62.5,0.038,7.73,106.8,99.1,1.55,2011,57
20.14,113.3,93.1,64.8,-0.074,12.29,110.6,98.3,3.15,2011,356
20.11,114.9,94.8,62.5,-0.018,12.7,111.0,98.3,7.1,2011,277
19.65,117.4,97.8,65.3,0.064,7.69,107.7,100.0,-0.36,2011,12
19.41,111.1,91.7,62.6,0.04,6.23,106.8,100.6,-9.35,2011,2132
19.32,111.2,91.8,62.4,0.033,-0.29,103.8,104.1,-2.4,2011,328
18.48,112.6,94.1,68.4,-0.006,-4.71,100.5,105.2,-1.05,2011,2057
18.3,114.1,95.8,64.5,0.028,2.06,105.0,103.0,0.66,2011,2244
18.16,109.6,91.5,63.9,-0.087,6.99,106.7,99.7,-2.81,2011,228
18.14,115.5,97.3,66.2,-0.058,11.06,109.4,98.4,-5.91,2011,269
17.94,113.9,95.9,64.9,-0.041,0.89,102.9,102.0,-4.72,2011,2724
17.83,114.9,97.0,65.0,-0.04,9.07,108.3,99.3,-0.79,2011,222
17.75,110.6,92.9,66.4,0.003,5.99,106.2,100.2,1.85,2011,2439
17.69,112.8,95.1,61.5,-0.014,12.0,110.7,98.7,-1.19,2011,130
17.65,114.2,96.6,63.4,0.048,12.51,110.2,97.7,5.8,2011,46
17.42,111.1,93.6,66.4,0.01,9.23,108.5,99.3,0.73,2011,2306
17.33,116.6,99.2,66.1,-0.05,6.66,106.5,99.8,2.52,2011,238
16.84,110.5,93.7,64.2,0.014,4.04,105.5,101.5,5.83,2011,218
16.76,104.5,87.7,66.7,-0.017,7.01,107.1,100.1,-1.82,2011,52
16.46,112.3,95.9,63.5,0.033,6.11,106.4,100.3,6.67,2011,2086
16.45,112.1,95.6,66.1,-0.007,3.82,106.4,102.6,4.5,2011,2250
16.02,112.8,96.8,64.3,0.035,4.49,105.4,100.9,6.02,2011,2752
16.01,112.6,96.5,62.1,0.052,3.11,104.8,101.7,1.0,2011,257
15.91,109.7,93.7,63.7,-0.029,6.4,106.5,100.1,-0.08,2011,259
15.87,111.2,95.3,66.0,0.047,10.98,110.0,99.0,1.69,2011,2599
15.54,113.4,97.8,70.7,-0.013,6.5,106.9,100.4,-4.76,2011,142
15.49,117.2,101.7,64.9,-0.027,1.46,104.7,103.2,1.3,2011,2608
15.08,109.5,94.4,65.0,0.01,13.7,111.0,97.3,6.7,2011,127
14.88,113.1,98.3,59.4,0.037,12.46,110.7,98.3,-0.62,2011,213
14.66,110.0,95.4,60.4,0.059,2.38,105.2,102.8,2.76,2011,295
14.62,110.0,95.4,60.9,0.05,5.43,105.9,100.5,-7.5,2011,245
13.57,108.7,95.1,65.5,0.033,6.92,107.3,100.4,0.26,2011,26
13.49,112.0,98.5,65.6,0.021,4.79,105.8,101.0,2.26,2011,2670
13.31,118.6,105.3,71.1,0.021,2.01,106.0,104.0,14.82,2011,2473
13.29,107.9,94.6,61.7,-0.05,7.56,107.8,100.2,2.66,2011,30
12.41,108.0,95.6,66.1,-0.013,9.07,108.6,99.6,6.45,2011,2633
12.24,108.2,95.9,63.5,-0.003,5.83,106.2,100.4,-0.69,2011,61
11.82,104.9,93.1,62.2,-0.049,4.21,105.6,101.4,-11.74,2011,158
11.64,108.8,97.2,61.8,0.025,2.16,104.3,102.1,-2.02,2011,5
11.06,114.0,102.9,62.0,0.025,0.71,103.3,102.6,-1.53,2011,142
10.99,114.5,103.5,65.9,-0.014,-0.11,103.6,103.7,4.59,2011,232
9.09,107.2,98.1,62.6,0.091,-0.72,104.0,104.7,0.33,2011,163
8.17,112.3,104.2,63.2,-0.024,-0.59,104.0,104.6,6.96,2011,2747
7.01,105.6,98.6,63.4,0.023,-2.89,102.2,105.1,2.66,2011,2413
6.98,104.5,97.6,67.6,0.117,2.11,104.8,102.7,-4.74,2011,235
6.66,106.7,100.1,68.7,0.06,1.86,104.0,102.2,12.23,2011,299
6.57,105.8,99.2,64.5,0.068,-3.41,102.7,106.1,1.56,2011,2083
5.45,102.8,97.4,65.0,0.051,3.4,105.8,102.4,2.76,2011,282
5.43,109.6,104.2,73.3,0.053,-6.02,99.7,105.8,-5.31,2011,112358
4.52,104.9,100.4,65.8,0.101,-6.53,99.6,106.2,-4.21,2011,324
4.09,103.7,99.6,65.9,0.043,-1.7,102.5,104.2,-0.43,2011,2006
4.05,106.3,102.2,66.6,0.023,-2.41,102.4,104.8,2.87,2011,2458
3.15,103.7,100.5,64.1,0.002,0.29,104.1,103.9,6.12,2011,2540
2.73,95.2,92.5,64.1,0.073,0.88,103.2,102.3,4.62,2011,2612
1.91,101.9,100.0,67.4,-0.011,-3.97,101.1,105.1,7.07,2011,2427
-0.5,103.4,103.9,62.6,0.045,-4.62,100.5,105.1,0.49,2011,104
-4.21,94.4,98.7,66.1,0.108,-10.7,97.4,108.1,-4.84,2011,2261
-4.53,101.1,105.6,64.1,0.032,-3.85,102.2,106.1,0.85,2011,2031
-5.32,101.8,107.1,66.7,0.085,-5.71,100.3,106.1,-1.85,2011,2636
-13.19,92.8,106.0,63.6,0.032,-11.26,94.9,106.1,6.29,2011,333
32.59,122.2,89.6,65.4,0.032,7.99,106.8,98.8,-1.06,2012,96
30.07,118.1,88.1,66.9,-0.05,10.1,108.9,98.8,-3.34,2012,194
27.87,114.7,86.9,64.3,-0.027,10.21,108.6,98.4,-1.07,2012,127
26.91,114.0,87.1,66.3,0.027,11.15,108.8,97.6,5.21,2012,2305
26.04,117.7,91.7,64.4,0.06,7.98,107.0,99.0,-2.11,2012,183
25.44,116.1,90.7,70.9,0.016,7.41,107.2,99.8,1.89,2012,153
25.28,125.1,99.8,65.4,0.017,5.8,105.7,99.9,-6.18,2012,142
24.09,113.7,89.6,57.5,-0.018,8.8,107.6,98.8,-3.88,2012,275
22.55,120.2,97.6,66.7,0.007,8.41,107.4,99.0,-4.96,2012,84
22.47,120.4,98.0,64.2,-0.043,7.18,105.4,98.2,-1.67,2012,57
22.36,116.1,93.8,65.7,-0.017,3.97,105.1,101.2,3.5,2012,2724
21.9,114.2,92.3,67.5,-0.064,5.1,104.9,99.8,6.96,2012,235
21.29,116.0,94.7,65.6,0.059,9.61,108.1,98.5,-2.7,2012,239
21.2,111.9,90.7,61.9,-0.056,4.36,105.0,100.6,-2.55,2012,139
21.05,111.2,90.1,62.1,-0.014,8.32,107.3,99.0,-1.04,2012,46
20.9,115.6,94.7,64.7,-0.048,8.48,107.7,99.2,3.03,2012,238
20.67,106.2,85.5,66.1,0.031,10.06,108.6,98.6,0.11,2012,97
20.22,111.5,91.3,70.0,0.042,8.24,106.6,98.3,-0.95,2012,269
19.7,117.7,98.0,66.4,0.057,8.18,107.3,99.1,7.68,2012,150
19.45,110.8,91.4,65.5,0.003,2.65,103.9,101.3,-4.16,2012,167
18.39,113.1,94.7,64.8,-0.018,2.08,104.9,102.8,1.05,2012,2250
17.52,114.3,96.8,60.1,0.058,10.65,109.0,98.3,-0.11,2012,130
17.52,109.8,92.3,66.5,-0.024,7.98,107.0,99.1,-3.29,2012,2306
17.14,107.6,90.4,66.6,0.034,7.54,106.9,99.4,0.82,2012,52
16.96,117.1,100.1,67.2,-0.017,-0.32,103.4,103.7,4.69,2012,2057
16.69,113.9,97.2,65.8,-0.004,7.22,107.0,99.8,-4.08,2012,66
16.69,106.1,89.5,61.9,-0.067,7.07,107.4,100.3,3.98,2012,333
16.47,119.2,102.7,65.9,0.079,3.79,104.9,101.1,-0.47,2012,156
16.37,111.3,94.9,65.7,-0.007,3.61,104.5,100.9,-1.83,2012,25
16.25,116.2,99.9,64.3,-0.003,8.81,108.4,99.6,-2.64,2012,2509
16.03,109.5,93.5,62.9,0.023,6.9,105.7,98.8,-9.17,2012,2132
15.9,112.9,97.0,64.9,-0.065,8.45,107.8,99.4,-1.52,2012,251
15.85,105.2,89.3,59.3,-0.024,4.05,105.0,101.0,-5.7,2012,258
15.48,114.3,98.8,63.4,0.036,0.17,104.1,103.9,-2.17,2012,2608
15.34,108.5,93.2,65.0,0.031,-2.34,102.9,105.2,3.63,2012,93
15.27,111.7,96.4,66.4,-0.047,1.25,104.0,102.8,14.84,2012,299
14.97,109.2,94.2,68.7,0.006,3.54,104.5,100.9,-0.24,2012,2439
14.53,111.3,96.8,63.0,-0.032,8.25,107.3,99.1,-0.46,2012,41
14.49,113.3,98.9,65.9,0.055,6.1,106.5,100.4,6.2,2012,218
14.36,106.7,92.4,67.2,-0.017,2.5,104.2,101.7,-4.51,2012,24
14.34,108.8,94.4,60.7,0.027,-0.87,101.4,102.2,0.65,2012,108
14.22,110.9,96.7,60.2,0.032,6.94,106.4,99.4,-4.28,2012,87
14.22,112.1,97.9,67.0,-0.004,6.22,105.9,99.7,1.18,2012,152
13.56,111.4,97.9,64.0,-0.019,8.32,107.3,99.0,2.04,2012,277
13.45,106.9,93.5,65.0,0.024,0.53,101.9,101.4,1.9,2012,2670
13.18,111.0,97.9,63.6,-0.038,5.45,105.3,99.9,1.06,2012,2390
13.13,103.9,90.8,58.5,0.04,8.17,107.2,99.0,1.27,2012,58
12.92,108.5,95.6,65.4,-0.003,-0.13,103.1,103.3,4.47,2012,2393
12.79,106.3,93.5,72.6,0.02,1.31,105.1,103.8,0.38,2012,252
12.77,107.6,94.9,64.3,-0.051,3.71,105.2,101.5,1.3,2012,12
12.77,108.5,95.8,63.9,0.018,8.15,107.8,99.6,-5.15,2012,135
12.59,108.7,96.1,66.4,0.031,7.24,107.4,100.1,4.56,2012,2752
12.26,115.5,103.2,70.0,-0.011,-1.04,102.6,103.7,4.87,2012,314
11.88,106.6,94.7,66.0,0.022,0.8,103.6,102.8,-2.97,2012,195
11.78,110.6,98.9,63.0,-0.024,3.83,104.9,101.1,0.1,2012,179
11.62,113.7,102.1,64.8,0.03,-1.92,103.2,105.1,2.04,2012,2571
11.22,109.3,98.1,69.4,-0.041,-0.88,103.4,104.3,-0.87,2012,166
11.16,107.0,95.8,65.8,0.059,3.33,104.8,101.5,-3.76,2012,21
10.83,111.2,100.4,63.8,0.041,4.41,104.7,100.3,2.32,2012,2572
10.66,108.3,97.7,66.4,-0.021,2.81,104.6,101.8,3.86,2012,2006
10.65,112.0,101.4,67.4,0.008,-3.0,101.5,104.5,8.78,2012,2166
9.57,106.9,97.3,61.6,0.002,5.57,106.7,101.1,4.18,2012,2460
9.29,108.6,99.3,67.6,-0.026,-5.57,100.3,105.8,-5.17,2012,2329
8.89,104.8,95.9,65.1,0.081,5.35,105.7,100.4,0.06,2012,38
8.17,111.9,103.7,63.6,0.075,4.39,104.7,100.3,0.85,2012,36
8.11,107.4,99.3,63.2,0.007,-3.12,101.5,104.6,1.59,2012,2083
6.76,103.7,96.9,64.2,0.064,-5.3,102.5,107.8,-0.72,2012,149
6.33,107.6,101.3,66.0,-0.028,-3.98,99.4,103.4,5.21,2012,333
5.5,110.4,104.9,68.2,-0.001,-4.12,101.8,105.9,7.91,2012,2427
5.48,108.1,102.6,67.1,-0.008,0.35,102.2,101.8,1.14,2012,2174
5.17,105.3,100.1,61.9,-0.024,-5.44,99.1,104.6,-1.55,2012,261
3.91,103.9,100.0,63.6,0.114,-2.7,101.8,104.5,-0.69,2012,2352
0.75,108.7,107.9,73.4,0.117,-5.25,99.8,105.0,-2.27,2012,112358
-1.82,100.9,102.7,66.6,0.189,-6.31,100.3,106.6,1.39,2012,2450
-2.67,97.8,100.5,67.9,0.083,-0.0,102.3,102.3,2.63,2012,98
-6.3,98.0,104.2,68.9,0.125,-8.67,96.5,105.2,14.37,2012,145
32.92,117.7,84.8,65.8,-0.016,10.23,107.4,97.2,2.15,2013,97
31.18,117.2,86.0,61.9,-0.089,7.0,105.6,98.6,4.09,2013,57
29.31,120.8,91.5,66.0,-0.021,8.86,106.7,97.8,-5.16,2013,84
27.86,121.9,94.0,64.0,-0.007,11.13,108.2,97.0,-3.09,2013,130
27.81,120.5,92.7,63.3,0.026,4.37,105.4,101.0,5.03,2013,2250
26.98,119.1,92.1,66.7,0.033,9.95,108.4,98.5,6.85,2013,150
25.42,115.1,89.7,63.6,0.02,10.18,107.3,97.1,-5.53,2013,194
25.23,112.7,87.5,66.4,0.01,7.05,106.8,99.8,2.64,2013,2305
24.83,113.1,88.3,63.1,-0.004,9.46,106.8,97.4,-4.44,2013,183
24.17,112.6,88.5,63.1,0.001,11.91,108.8,96.9,-0.75,2013,127
24.08,115.6,91.5,59.3,-0.058,4.52,104.9,100.4,-9.69,2013,221
22.57,108.3,85.7,60.4,-0.033,11.08,108.8,97.7,-3.2,2013,275
22.37,113.6,91.3,61.9,0.028,8.41,107.7,99.3,4.96,2013,2390
21.88,115.4,93.5,65.5,-0.012,7.99,106.4,98.5,1.45,2013,12
21.75,118.3,96.5,63.8,-0.009,5.73,105.5,99.7,1.63,2013,156
21.24,107.6,86.4,61.2,0.038,7.42,106.3,98.9,-6.15,2013,46
20.31,111.8,91.5,63.8,-0.002,6.71,106.9,100.2,0.17,2013,2724
20.28,114.0,93.7,66.4,0.002,5.09,105.8,100.7,-0.22,2013,2670
20.01,108.6,88.6,63.8,0.0,3.91,104.5,100.6,-3.98,2013,139
19.85,114.8,95.0,62.3,-0.036,11.22,108.5,97.3,2.07,2013,135
19.33,116.1,96.8,62.9,0.023,3.18,104.9,101.7,-0.49,2013,2608
19.12,117.9,98.8,63.8,0.02,7.17,105.8,98.6,-0.49,2013,36
19.02,109.9,90.9,63.7,0.073,7.98,106.4,98.4,4.42,2013,167
18.69,109.0,90.3,66.1,-0.016,6.38,106.8,100.4,-2.26,2013,197
18.53,114.9,96.4,66.3,-0.032,5.62,105.1,99.5,-2.02,2013,142
18.32,113.2,94.9,63.3,0.09,9.28,105.9,96.6,-1.14,2013,269
18.16,113.5,95.3,61.4,0.051,6.82,106.1,99.3,-3.29,2013,2306
17.89,114.3,96.4,66.4,-0.09,6.92,106.0,99.1,1.45,2013,239
17.83,109.8,91.9,66.3,-0.029,7.0,106.0,99.0,-9.03,2013,2294
17.63,117.5,99.8,68.3,-0.046,6.74,105.5,98.7,-3.12,2013,66
17.43,107.7,90.3,65.5,-0.049,7.65,106.6,98.9,1.92,2013,21
17.14,112.2,95.1,69.6,0.038,8.57,106.6,98.0,-0.95,2013,153
16.99,116.8,99.8,66.8,-0.032,6.54,106.1,99.5,-0.36,2013,152
16.95,112.3,95.3,69.2,-0.011,3.19,103.4,100.2,-7.55,2013,145
16.78,106.6,89.8,67.9,0.052,5.92,105.1,99.2,-8.08,2013,2483
16.65,114.6,97.9,60.3,0.046,6.53,105.1,98.6,-6.61,2013,87
16.33,107.3,91.0,68.3,0.056,1.9,104.8,102.9,0.43,2013,235
16.07,106.0,90.0,67.9,-0.015,6.23,106.1,99.9,-0.28,2013,2439
15.82,110.6,94.8,64.6,0.042,10.84,108.1,97.3,-0.8,2013,356
15.57,105.9,90.4,63.0,-0.012,7.31,105.6,98.3,-5.68,2013,2132
15.51,107.5,92.0,59.3,-0.067,2.47,103.0,100.6,-8.69,2013,258
15.41,110.5,95.1,63.6,0.087,7.53,106.8,99.3,4.18,2013,2086
14.92,111.6,96.6,65.9,0.013,-0.74,103.8,104.6,5.39,2013,2057
14.77,107.3,92.5,63.4,0.052,-2.3,100.7,103.0,4.87,2013,2393
14.62,106.5,91.9,63.7,0.029,9.15,107.3,98.1,3.8,2013,38
14.53,111.1,96.6,68.1,0.068,8.06,105.9,97.9,0.43,2013,26
14.18,109.9,95.7,66.7,-0.075,7.88,106.3,98.5,2.77,2013,24
13.89,111.8,98.0,64.6,0.051,5.67,105.8,100.1,-0.5,2013,2325
13.8,111.1,97.3,65.2,0.004,7.8,106.4,98.6,2.47,2013,201
13.57,106.3,92.7,66.4,0.011,9.41,106.5,97.1,0.3,2013,222
13.54,113.2,99.7,64.8,0.004,6.74,105.9,99.2,-1.38,2013,68
13.11,107.3,94.2,64.9,0.041,8.35,106.0,97.6,2.12,2013,25
12.72,107.3,94.6,61.9,-0.014,-1.72,102.4,104.1,2.78,2013,2083
12.67,111.3,98.6,65.6,0.038,5.48,105.7,100.2,0.82,2013,218
12.25,106.7,94.4,62.9,-0.034,-2.71,100.3,103.0,1.32,2013,2619
11.52,106.8,95.2,65.2,0.085,-0.35,102.4,102.7,0.28,2013,2006
11.42,110.7,99.3,64.3,0.021,-1.5,101.5,103.0,-3.18,2013,2674
11.36,112.1,100.7,63.9,-0.002,-5.09,100.3,105.4,6.42,2013,2166
10.68,100.4,89.7,59.5,-0.021,-6.39,99.3,105.7,2.29,2013,2617
9.65,113.7,104.1,69.0,-0.044,2.65,103.2,100.5,7.63,2013,2174
7.68,104.7,97.1,63.8,0.039,0.36,102.7,102.3,3.94,2013,166
7.45,114.4,106.9,69.7,-0.07,0.94,102.4,101.4,4.09,2013,314
7.07,108.1,101.1,63.3,0.037,0.6,102.8,102.2,5.07,2013,108
6.79,112.0,105.2,62.6,0.03,-3.31,102.0,105.3,4.11,2013,2571
6.27,104.9,98.6,67.9,0.039,-2.79,101.3,104.1,4.57,2013,526
3.96,106.1,102.2,62.2,0.074,0.86,104.2,103.3,9.06,2013,279
2.82,106.6,103.8,71.9,0.075,-3.56,99.6,103.2,8.11,2013,2466
2.28,105.1,102.9,63.3,0.038,-5.77,100.4,106.2,-1.83,2013,2523
2.14,104.9,102.8,62.7,0.175,-5.21,101.8,107.0,8.71,2013,149
1.36,102.6,101.3,61.7,0.082,-5.19,98.6,103.8,-6.61,2013,399
0.5,99.3,98.8,63.4,-0.031,-11.47,95.2,106.7,4.12,2013,2582
-0.41,101.8,102.2,64.6,0.029,-2.47,100.9,103.3,3.24,2013,98
-0.92,100.2,101.1,62.9,0.063,-3.42,101.9,105.3,-4.5,2013,256
-2.13,110.5,112.6,67.3,0.015,-6.79,99.3,106.0,-5.01,2013,112358
-5.3,93.2,98.5,65.5,0.037,-6.98,97.2,104.2,-1.55,2013,2448
-9.38,101.3,110.6,64.4,-0.034,-6.47,99.4,105.8,-0.41,2013,2335
30.41,118.9,88.5,67.2,-0.045,4.31,107.0,102.7,-4.65,2014,97
30.11,116.5,86.4,62.8,0.014,9.3,109.9,100.6,1.62,2014,12
28.57,116.5,88.0,61.3,0.053,9.02,109.4,100.4,2.39,2014,57
26.46,114.8,88.3,59.5,0.012,8.67,109.4,100.8,1.57,2014,258
25.89,122.0,96.1,62.4,0.019,11.44,110.2,98.8,3.33,2014,275
25.36,117.8,92.4,63.5,-0.009,1.04,105.8,104.8,2.89,2014,2724
24.6,119.3,94.7,66.6,-0.051,12.13,112.2,100.0,9.47,2014,2305
24.25,124.7,100.4,64.6,-0.035,8.76,109.2,100.5,2.4,2014,150
23.92,118.6,94.7,64.4,-0.003,10.44,110.2,99.7,0.57,2014,127
23.69,117.9,94.2,61.6,-0.099,8.12,108.9,100.8,1.46,2014,2633
23.68,116.3,92.6,66.0,0.075,7.47,110.1,102.6,2.61,2014,222
23.44,123.9,100.5,61.0,0.047,11.65,110.3,98.6,0.62,2014,130
22.55,118.3,95.8,64.0,-0.025,10.73,110.5,99.8,4.19,2014,96
22.53,118.7,96.1,68.4,-0.019,7.63,109.1,101.5,-3.26,2014,26
22.13,113.6,91.5,63.2,0.08,9.43,109.7,100.3,0.91,2014,41
21.89,116.9,95.0,62.2,-0.038,7.62,108.0,100.4,-3.66,2014,221
21.72,124.2,102.5,63.6,0.024,7.5,108.5,101.0,1.31,2014,156
21.62,114.6,93.0,59.6,0.016,7.23,109.4,102.2,-1.01,2014,183
21.3,109.3,88.0,64.0,-0.043,7.8,109.2,101.4,-3.36,2014,194
21.07,118.9,97.8,70.2,0.064,10.77,111.1,100.4,1.44,2014,66
20.98,115.9,95.0,67.2,-0.11,9.06,109.9,100.8,-1.15,2014,197
20.44,120.2,99.8,68.6,-0.116,8.35,108.6,100.2,-6.19,2014,2294
20.38,110.4,90.0,62.3,0.067,5.18,108.0,102.8,2.71,2014,21
20.14,114.0,93.8,65.0,0.016,5.05,109.0,103.9,2.2,2014,2250
19.8,109.2,89.4,68.9,-0.058,5.45,107.4,102.0,1.33,2014,2670
19.39,118.9,99.5,61.3,0.012,10.31,111.0,100.6,-0.36,2014,239
19.24,109.7,90.4,61.1,0.036,4.72,107.3,102.6,-4.57,2014,2132
19.02,118.9,99.9,67.5,-0.037,7.39,109.1,101.8,-1.18,2014,2483
18.44,112.6,94.2,69.2,0.0,8.83,110.5,101.6,1.31,2014,153
17.9,117.9,100.0,69.6,-0.022,9.13,110.2,101.0,0.5,2014,201
17.66,111.3,93.7,64.5,-0.043,4.03,106.3,102.2,-5.22,2014,2567
17.58,112.9,95.3,64.1,0.02,0.13,104.5,104.3,0.98,2014,108
17.15,113.5,96.3,64.4,0.032,4.83,107.7,102.9,3.24,2014,167
16.06,112.4,96.4,65.3,0.016,9.42,110.2,100.7,2.34,2014,24
15.72,105.7,90.0,65.6,0.04,5.04,107.2,102.2,-1.5,2014,139
15.22,112.4,97.1,67.5,0.048,7.25,108.3,101.1,0.02,2014,235
15.1,110.4,95.3,69.6,0.002,-1.67,103.5,105.2,-4.21,2014,309
14.82,111.2,96.4,67.4,0.003,7.5,108.6,101.1,-2.6,2014,9
14.81,110.7,95.9,63.6,-0.052,5.51,107.8,102.3,-11.55,2014,254
14.52,111.8,97.3,66.8,0.092,9.61,110.9,101.3,-1.74,2014,251
14.25,113.8,99.6,63.8,0.038,6.25,107.7,101.4,-0.57,2014,2168
14.1,107.8,93.7,63.3,0.001,8.17,110.5,102.3,-4.06,2014,2306
13.82,110.8,97.0,65.3,0.056,5.56,107.3,101.7,-0.08,2014,45
13.81,114.6,100.8,62.9,0.051,8.35,109.2,100.8,0.81,2014,2507
13.77,114.5,100.7,70.8,-0.004,6.59,109.6,103.0,8.43,2014,252
13.46,110.0,96.5,70.3,0.065,7.33,108.0,100.6,5.53,2014,113
13.11,112.9,99.8,64.2,0.017,7.89,109.1,101.2,0.41,2014,2752
13.1,106.5,93.4,61.2,0.007,9.4,109.8,100.4,-3.73,2014,356
12.93,112.3,99.4,64.3,0.079,6.18,107.5,101.3,0.17,2014,2603
12.64,108.8,96.1,64.7,0.047,9.3,108.4,99.1,-1.95,2014,158
12.39,113.0,100.6,63.3,-0.023,8.32,109.8,101.5,2.53,2014,46
11.76,115.5,103.7,62.3,0.089,1.38,106.8,105.4,5.32,2014,2449
11.6,114.0,102.4,64.7,0.065,7.77,108.4,100.7,-4.31,2014,152
11.28,115.6,104.3,64.3,-0.025,-2.18,103.5,105.7,-0.58,2014,2247
11.2,107.7,96.5,64.8,0.12,8.74,109.5,100.8,1.71,2014,38
10.83,112.3,101.5,61.2,0.073,-7.12,102.0,109.2,-4.19,2014,2617
10.54,112.9,102.4,65.2,-0.03,-3.64,103.0,106.7,2.6,2014,166
10.21,107.2,97.0,67.7,-0.008,-0.2,105.6,105.8,3.46,2014,2363
10.16,109.9,99.7,62.1,-0.064,-3.91,101.8,105.7,7.39,2014,261
8.93,106.1,97.2,66.8,-0.023,0.57,104.9,104.3,2.81,2014,202
8.34,110.8,102.4,63.6,0.022,-4.44,103.6,108.0,4.65,2014,2382
8.16,103.9,95.7,62.8,-0.02,-1.07,105.9,107.0,1.82,2014,300
7.98,108.6,100.7,62.3,0.04,-10.35,98.1,108.5,-1.94,2014,2428
5.83,112.0,106.2,70.4,0.064,-0.68,105.2,105.9,2.88,2014,48
5.19,110.2,105.0,68.5,0.038,-0.57,105.0,105.6,4.65,2014,309
4.57,103.4,98.9,59.7,0.007,-2.59,103.6,106.2,-0.1,2014,44
3.96,112.4,108.4,64.2,0.036,-4.97,104.1,109.0,-5.04,2014,2198
3.36,106.3,103.0,65.2,0.098,-1.86,103.9,105.7,-3.25,2014,2711
0.08,104.7,104.6,65.8,0.119,0.03,104.4,104.4,-2.92,2014,270
-0.62,106.4,107.0,62.9,-0.009,-6.78,103.3,110.0,6.69,2014,2692
-0.82,103.6,104.4,58.8,-0.044,2.38,107.4,105.0,10.19,2014,13
-1.04,102.9,103.9,61.6,0.002,-5.12,101.5,106.6,0.91,2014,399
-1.94,100.6,102.6,60.5,0.025,-5.87,103.5,109.3,7.63,2014,2747
-3.96,107.8,111.7,68.2,0.031,-4.27,102.7,107.0,3.09,2014,116
-4.98,98.2,103.2,65.6,0.04,-8.1,102.1,110.2,-4.94,2014,324
-7.49,106.7,114.1,65.7,-0.004,-11.11,97.6,108.8,2.72,2014,2640
36.91,121.3,84.4,62.4,0.048,8.58,108.7,100.1,3.13,2015,96
33.72,129.0,95.2,58.7,0.015,11.03,109.8,98.8,5.3,2015,275
32.48,124.5,92.0,65.8,0.067,11.17,110.7,99.5,1.31,2015,150
32.36,119.9,87.5,65.8,-0.033,7.37,108.3,100.9,0.09,2015,12
30.65,122.7,92.0,64.2,0.031,7.67,108.2,100.6,0.23,2015,222
30.06,115.6,85.5,58.0,0.023,8.21,108.5,100.3,0.46,2015,258
27.78,121.7,93.9,64.7,0.018,4.37,107.3,102.9,3.0,2015,2250
27.24,116.4,89.2,60.5,-0.054,8.19,108.8,100.6,0.6,2015,254
24.96,125.4,100.4,63.4,0.062,7.59,107.7,100.1,-11.62,2015,87
23.85,119.1,95.3,69.2,-0.026,12.76,111.1,98.3,7.64,2015,153
22.8,112.5,89.7,66.7,-0.045,11.0,110.2,99.2,1.05,2015,201
22.72,114.5,91.8,67.0,0.07,13.17,110.6,97.4,9.57,2015,2305
22.21,115.8,93.6,62.3,0.022,3.24,105.5,102.3,3.44,2015,2724
22.14,116.6,94.5,61.5,-0.035,10.22,108.9,98.7,-0.51,2015,239
21.72,116.6,94.9,63.1,-0.017,10.49,110.3,99.8,-0.88,2015,127
21.49,119.0,97.5,69.6,0.005,10.59,109.0,98.5,-1.18,2015,66
21.21,110.2,88.9,64.6,0.027,9.69,109.5,99.8,-2.36,2015,97
20.98,116.3,95.3,58.2,0.018,1.42,104.4,103.0,0.61,2015,2460
20.75,115.6,94.8,65.2,-0.043,6.76,108.1,101.4,-7.41,2015,194
20.09,110.2,90.1,63.2,-0.023,9.72,110.6,100.9,0.69,2015,2086
19.49,116.6,97.1,65.0,-0.062,10.29,109.5,99.2,2.07,2015,2752
19.13,114.3,95.1,64.0,-0.0,10.23,110.5,100.3,3.24,2015,46
19.02,114.2,95.1,63.7,-0.007,8.58,108.9,100.4,-1.58,2015,2294
18.94,112.4,93.4,62.0,-0.079,9.52,108.3,98.8,-2.47,2015,251
17.64,112.6,94.9,67.9,0.087,9.56,108.9,99.3,-2.65,2015,277
17.51,113.1,95.6,63.1,-0.004,2.52,105.3,102.8,0.99,2015,2567
16.72,112.6,95.9,65.2,0.038,10.26,109.7,99.4,2.18,2015,2507
16.69,119.4,102.7,70.4,-0.055,3.96,107.0,103.0,3.78,2015,252
16.44,114.7,98.3,69.3,0.045,6.09,107.2,101.1,-3.44,2015,8
16.27,111.1,94.9,66.5,0.043,6.65,107.9,101.2,8.77,2015,2670
15.95,104.9,89.0,60.4,0.026,3.63,106.1,102.5,3.5,2015,21
15.93,114.9,98.9,64.1,-0.003,9.84,109.3,99.5,-0.65,2015,152
15.68,111.3,95.7,63.9,0.127,7.15,108.3,101.1,-3.33,2015,120
15.09,109.6,94.5,64.1,0.001,8.73,108.6,99.9,1.41,2015,61
15.0,119.7,104.7,66.7,0.056,3.16,105.3,102.2,-3.78,2015,2166
14.99,115.6,100.6,63.4,-0.11,5.49,106.1,100.6,-3.96,2015,238
14.92,111.8,96.8,63.3,-0.045,10.42,108.2,97.8,-1.65,2015,197
14.72,113.6,98.9,65.2,0.006,6.86,108.2,101.4,0.79,2015,24
14.65,112.9,98.2,65.8,0.032,8.4,107.9,99.5,2.63,2015,26
14.24,109.2,95.0,63.4,0.022,3.39,105.4,102.0,0.07,2015,2168
14.15,108.2,94.0,59.8,-0.016,3.39,104.9,101.5,1.69,2015,2132
13.96,110.9,97.0,64.3,-0.006,7.45,109.0,101.6,-2.75,2015,2509
13.88,115.2,101.3,66.6,0.119,7.28,108.4,101.1,-2.34,2015,2483
13.88,114.5,100.6,66.2,-0.033,7.1,107.3,100.2,-1.19,2015,145
13.85,111.9,98.1,62.8,0.009,0.94,104.8,103.9,-0.31,2015,68
13.83,119.8,106.0,66.6,-0.044,6.92,107.8,100.9,-5.96,2015,84
13.76,108.9,95.1,69.3,-0.043,5.09,106.2,101.2,-4.77,2015,99
13.7,110.7,97.0,66.7,0.05,8.72,109.0,100.3,-1.5,2015,2599
13.64,113.9,100.3,65.4,0.02,-5.56,102.2,107.7,0.63,2015,2617
12.28,111.6,99.3,62.2,-0.032,7.98,108.2,100.3,-1.61,2015,333
12.04,116.5,104.5,66.8,0.076,-2.61,102.8,105.4,-1.08,2015,93
11.87,111.3,99.4,68.3,0.001,1.83,106.0,104.2,0.81,2015,2084
11.76,108.6,96.8,61.8,-0.078,3.33,105.8,102.5,-0.58,2015,257
11.67,107.7,96.1,64.7,-0.05,3.2,106.1,102.9,1.9,2015,356
11.13,107.4,96.3,62.3,0.053,-2.06,104.2,106.3,-3.69,2015,2674
10.32,111.6,101.3,62.4,-0.003,-1.47,102.4,103.9,3.63,2015,2247
9.23,104.8,95.6,61.1,0.091,-0.18,104.3,104.5,0.36,2015,108
7.09,106.3,99.2,63.4,-0.022,0.9,104.7,103.8,2.29,2015,300
6.85,108.8,102.0,66.1,-0.006,-3.73,103.0,106.7,-1.28,2015,2571
6.72,105.2,98.5,60.5,0.122,-3.98,104.0,108.0,6.79,2015,2747
6.63,107.4,100.8,63.0,-0.042,-5.37,101.1,106.5,1.78,2015,166
6.14,112.3,106.2,62.9,0.067,-2.3,103.3,105.6,-5.95,2015,302
5.67,104.8,99.1,59.1,0.083,-1.04,103.0,104.1,-10.31,2015,2751
5.12,108.3,103.1,63.3,0.025,-1.29,104.5,105.7,1.8,2015,111
3.29,107.2,103.9,60.8,0.054,-5.5,100.4,105.9,0.18,2015,399
3.25,112.9,109.6,68.2,0.067,-3.75,104.2,108.0,3.94,2015,331
3.06,104.9,101.9,64.7,0.025,0.29,103.9,103.6,3.4,2015,5
2.38,106.7,104.3,64.1,0.006,-6.45,102.2,108.6,-1.05,2015,324
2.27,110.2,107.9,66.9,0.065,-3.33,102.4,105.7,-1.68,2015,2057
2.26,108.4,106.2,67.1,-0.022,-7.19,101.0,108.2,2.23,2015,58
1.41,103.8,102.4,60.8,0.105,-4.21,102.9,107.1,-5.5,2015,2449
0.31,101.9,101.6,67.7,-0.001,-3.59,102.0,105.6,-0.4,2015,2363
-1.39,103.1,104.5,65.4,0.055,-4.59,102.7,107.3,2.49,2015,2523
-2.14,112.9,115.1,64.6,0.097,-4.01,103.0,107.0,-0.45,2015,322
-3.84,104.1,107.9,63.3,0.128,-6.74,100.0,106.8,15.16,2015,2640
-7.4,96.6,104.0,69.2,0.031,-7.48,99.5,106.9,-0.55,2015,2261
32.01,122.8,90.8,66.0,0.023,10.74,110.5,99.7,2.98,2016,222
29.82,124.4,94.6,70.5,-0.055,11.45,111.7,100.2,3.13,2016,153
29.67,120.0,90.4,69.0,0.044,12.61,111.4,98.8,3.62,2016,2305
29.64,120.6,91.0,61.3,-0.04,12.67,112.1,99.5,4.98,2016,258
27.97,123.4,95.5,66.5,-0.012,7.19,107.5,100.3,0.4,2016,127
25.14,121.8,96.6,67.4,-0.046,8.37,108.6,100.3,3.19,2016,96
24.45,115.3,90.9,69.5,0.003,11.24,110.9,99.6,0.72,2016,277
23.85,116.9,93.1,67.9,-0.046,7.43,109.1,101.7,-2.67,2016,2509
23.78,117.9,94.1,69.8,0.082,13.05,111.5,98.5,2.7,2016,201
23.05,121.7,98.7,68.2,0.0,6.4,108.8,102.4,-3.12,2016,84
22.68,119.1,96.4,68.1,0.041,9.06,109.0,100.0,1.04,2016,2483
22.53,111.3,88.7,66.0,-0.079,3.61,104.8,101.2,6.45,2016,2724
22.52,117.1,94.6,71.9,0.047,8.16,108.2,100.0,1.73,2016,2752
22.44,119.4,96.9,65.9,0.077,11.67,111.6,99.9,2.63,2016,2390
21.87,121.9,100.0,67.7,-0.026,11.23,112.0,100.7,3.52,2016,150
21.26,113.8,92.5,67.1,0.006,8.48,109.6,101.1,3.15,2016,245
20.97,116.8,95.8,68.3,-0.038,6.66,107.9,101.3,-3.66,2016,12
20.95,121.2,100.3,71.2,-0.062,12.05,110.2,98.1,2.54,2016,66
20.82,116.3,95.5,67.3,-0.038,3.51,107.3,103.8,6.12,2016,2250
20.25,116.2,95.9,67.4,0.016,8.6,109.2,100.6,-1.86,2016,120
20.24,116.1,95.9,68.8,-0.071,9.12,110.2,101.1,1.28,2016,2294
19.06,118.9,99.8,66.6,-0.012,11.21,109.7,98.4,-3.12,2016,239
18.76,113.6,94.9,67.8,-0.106,8.6,109.2,100.6,3.68,2016,238
18.71,111.9,93.2,65.9,-0.036,6.17,107.6,101.4,-0.91,2016,41
18.57,112.7,94.1,65.0,-0.027,10.21,110.9,100.7,-0.82,2016,183
18.32,112.5,94.2,68.1,-0.053,7.65,109.4,101.8,-2.58,2016,25
18.27,111.1,92.9,69.7,0.016,8.55,108.5,100.0,-2.92,2016,2550
17.27,118.0,100.7,67.9,-0.009,8.1,108.5,100.4,-4.1,2016,2086
17.07,112.1,95.0,69.6,-0.07,3.82,107.3,103.5,0.95,2016,2670
17.06,111.2,94.1,64.0,-0.067,5.2,107.3,102.1,-1.21,2016,2132
16.79,115.6,98.8,65.3,0.112,9.79,109.8,100.0,1.9,2016,254
16.74,117.3,100.6,61.8,0.025,-1.09,104.0,105.1,-6.66,2016,2608
16.6,120.6,104.0,64.6,0.054,10.75,111.3,100.5,-1.64,2016,87
16.6,114.9,98.3,65.3,-0.011,9.06,110.8,101.7,-7.02,2016,221
16.55,110.1,93.6,63.3,-0.022,9.57,110.3,100.7,1.24,2016,275
16.19,113.0,96.8,65.3,0.022,12.54,111.5,99.0,5.55,2016,251
15.82,113.4,97.6,70.2,-0.095,6.22,107.8,101.6,-4.84,2016,156
15.62,112.2,96.6,67.3,0.007,-5.88,102.7,108.6,4.79,2016,2617
15.46,107.5,92.0,66.8,-0.007,0.55,106.2,105.7,3.83,2016,2674
15.37,114.3,98.9,70.2,0.03,4.66,107.0,102.3,1.97,2016,2603
14.49,110.0,95.5,68.4,0.062,8.93,109.5,100.6,-3.13,2016,2507
14.33,110.4,96.0,66.0,0.026,-0.85,105.5,106.4,-1.0,2016,43
14.25,113.9,99.7,71.0,-0.028,7.61,108.7,101.1,-1.65,2016,30
14.15,114.6,100.5,65.8,0.013,8.96,110.1,101.1,-2.15,2016,130
13.78,113.2,99.4,66.0,0.028,10.66,110.4,99.7,0.62,2016,2641
13.24,109.2,96.0,63.4,0.056,-0.77,104.2,104.9,-0.2,2016,2031
12.91,108.8,95.9,69.0,0.015,7.51,109.5,102.0,-2.15,2016,38
12.63,106.6,94.0,67.8,0.082,3.89,107.3,103.4,2.58,2016,2168
12.16,108.2,96.1,70.6,0.013,-2.32,102.5,104.9,-8.92,2016,62
11.81,116.7,104.9,66.3,-0.006,0.81,103.9,103.1,-11.35,2016,248
11.68,110.6,98.9,69.5,0.015,9.21,110.5,101.2,-8.44,2016,259
11.65,110.7,99.1,67.1,0.043,9.61,109.8,100.2,0.46,2016,204
11.5,111.2,99.7,68.4,-0.003,5.54,107.0,101.4,1.46,2016,202
11.13,109.6,98.5,62.9,0.013,4.8,106.1,101.3,7.57,2016,2460
10.63,112.3,101.7,68.6,0.036,-1.6,104.2,105.8,-1.32,2016,163
9.57,111.4,101.8,68.3,0.004,-0.23,104.6,104.8,1.91,2016,2571
9.21,110.7,101.5,70.3,0.033,0.85,105.7,104.9,-3.9,2016,350
8.82,107.0,98.1,65.9,0.095,6.33,107.8,101.5,3.7,2016,218
8.13,107.3,99.1,67.2,0.049,-5.6,103.3,108.9,4.38,2016,2619
7.13,110.5,103.4,71.9,-0.005,-1.78,103.7,105.5,5.71,2016,314
6.63,107.4,100.8,69.0,0.085,1.65,105.3,103.7,-2.89,2016,278
6.5,107.5,101.0,66.3,0.132,-3.18,104.4,107.6,-0.04,2016,236
6.26,104.0,97.8,67.6,-0.003,-6.5,100.6,107.1,-2.99,2016,2934
6.13,103.3,97.2,65.3,-0.014,-4.68,102.1,106.8,-1.4,2016,166
4.76,104.6,99.9,67.6,0.088,-0.58,105.5,106.1,2.11,2016,2393
3.74,108.3,104.6,76.2,0.057,0.11,104.4,104.3,1.92,2016,2739
3.44,103.6,100.1,70.1,-0.008,-4.12,103.4,107.5,2.64,2016,2427
2.95,105.9,102.9,72.1,0.044,0.97,106.5,105.6,2.0,2016,2084
2.45,103.4,100.9,66.8,0.019,-5.67,103.3,109.0,1.16,2016,2692
1.54,110.8,109.2,66.1,-0.012,-4.65,102.5,107.2,3.08,2016,156
-0.08,103.6,103.7,67.0,-0.038,-5.83,104.1,110.0,-1.87,2016,526
-5.1,104.5,109.6,69.5,0.061,-2.92,105.1,108.0,-0.19,2016,2046
-5.75,100.5,106.3,68.9,0.04,-8.52,99.1,107.6,3.49,2016,2582
-7.4,99.8,107.2,71.2,0.157,-9.75,98.9,108.7,1.91,2016,2261
-10.63,104.4,115.0,71.5,0.097,-9.44,98.7,108.1,-0.17,2016,161
-11.39,97.1,108.5,63.6,0.065,-6.09,101.9,108.0,-6.27,2016,107
32.05,118.4,86.3,70.1,0.02,2.99,106.2,103.3,1.01,2017,2250
29.88,122.4,92.5,64.1,0.01,9.33,109.8,100.5,3.55,2017,222
28.22,120.7,92.5,71.3,0.037,12.49,112.0,99.5,3.87,2017,153
27.72,119.1,91.4,72.0,0.006,10.98,110.5,99.5,3.74,2017,96
27.5,116.9,89.5,69.0,-0.041,12.46,110.3,97.8,8.19,2017,57
27.45,121.9,94.5,70.2,0.067,12.43,111.2,98.8,2.39,2017,2305
27.17,116.5,89.4,69.9,-0.043,10.84,110.1,99.2,-7.97,2017,277
26.14,118.7,92.6,68.0,-0.021,1.5,105.0,103.5,-0.32,2017,2724
25.51,117.2,91.7,67.9,-0.023,11.14,111.6,100.5,4.2,2017,97
25.02,118.2,93.2,67.0,0.034,8.05,109.2,101.2,0.51,2017,2483
24.73,119.8,95.0,63.5,0.003,3.25,105.3,102.1,-0.92,2017,2567
24.29,112.2,88.0,59.2,-0.03,11.68,111.5,99.8,2.29,2017,258
24.23,117.1,92.9,63.7,0.023,13.08,111.7,98.6,1.67,2017,239
24.17,121.0,96.8,68.3,0.014,11.43,111.0,99.6,0.03,2017,150
23.67,118.7,95.0,60.2,0.03,0.41,104.3,103.9,-4.13,2017,2608
23.63,124.0,100.4,72.6,0.021,5.17,108.0,102.8,-4.66,2017,26
23.45,119.7,96.3,68.4,-0.019,14.05,112.6,98.6,-0.74,2017,66
23.31,118.4,95.1,66.0,0.046,7.13,108.7,101.5,1.69,2017,12
23.12,117.0,93.9,69.1,0.016,9.0,109.6,100.6,-2.38,2017,2509
23.05,122.3,99.2,63.1,-0.025,10.76,110.3,99.5,-0.53,2017,130
22.99,115.1,92.1,63.4,-0.003,10.0,110.6,100.6,-1.29,2017,275
22.48,126.0,103.5,70.4,-0.071,14.42,112.0,97.6,3.07,2017,197
22.18,114.9,92.8,63.5,0.026,4.17,107.1,103.0,-0.47,2017,2132
20.8,108.9,88.1,68.6,-0.005,10.63,110.2,99.5,1.93,2017,2579
20.76,117.7,97.0,65.9,0.002,10.81,110.8,100.0,5.12,2017,2086
20.06,115.5,95.5,71.3,0.039,8.82,110.6,101.8,-3.95,2017,52
19.74,118.1,98.4,67.0,0.024,10.24,110.1,99.8,-3.85,2017,87
18.83,115.3,96.5,71.2,0.004,8.97,110.3,101.3,-1.24,2017,156
17.51,114.5,97.0,67.1,-0.008,11.28,110.6,99.3,-3.16,2017,2628
17.44,113.0,95.6,66.2,-0.029,11.56,110.6,99.0,-5.31,2017,2306
16.7,115.7,99.0,67.2,0.044,11.73,111.2,99.5,5.32,2017,2752
16.58,120.8,104.2,70.1,-0.058,9.03,109.1,100.1,-2.16,2017,269
16.53,112.4,95.9,65.8,-0.048,11.43,110.1,98.7,6.3,2017,238
16.26,111.5,95.2,66.4,-0.033,4.27,106.8,102.5,1.62,2017,227
16.25,116.1,99.8,69.7,0.086,8.37,108.6,100.2,-1.55,2017,8
16.25,120.9,104.7,70.7,-0.043,10.54,111.1,100.6,4.51,2017,2692
16.0,109.7,93.7,69.5,0.022,8.09,108.9,100.8,-1.81,2017,135
15.81,111.3,95.5,65.6,0.019,8.32,109.0,100.7,-3.23,2017,77
15.57,111.9,96.3,68.4,-0.021,3.64,105.9,102.3,2.53,2017,2168
15.51,111.4,95.9,66.9,-0.011,10.99,110.6,99.6,4.01,2017,127
15.03,109.9,94.9,63.0,0.031,9.39,110.7,101.3,-4.48,2017,2390
14.95,112.2,97.2,64.6,0.011,-0.93,104.4,105.3,3.86,2017,2393
14.49,116.1,101.6,68.4,-0.09,9.11,109.6,100.5,-5.48,2017,84
14.46,114.9,100.5,66.4,-0.064,10.32,110.8,100.5,2.12,2017,228
14.34,113.1,98.7,67.2,0.061,7.74,108.3,100.6,-1.1,2017,120
14.07,110.1,96.0,68.8,0.026,3.65,105.8,102.2,0.91,2017,2670
14.0,107.6,93.6,64.9,0.081,0.99,104.5,103.5,-0.69,2017,356
13.8,117.3,103.5,68.4,0.053,8.23,110.0,101.7,-7.98,2017,259
13.63,109.4,95.8,67.5,0.058,9.65,110.2,100.6,-2.11,2017,2550
13.45,114.2,100.7,68.7,0.079,5.49,108.8,103.3,-3.37,2017,30
13.31,114.6,101.3,69.7,0.055,1.29,104.5,103.2,-1.12,2017,2440
12.61,109.0,96.4,63.2,0.007,-1.08,103.9,105.0,2.17,2017,163
12.46,118.0,105.5,70.3,0.039,0.4,105.1,104.7,2.17,2017,350
12.43,108.5,96.0,66.2,0.014,7.9,109.1,101.2,-4.48,2017,2507
11.67,111.1,99.4,64.5,0.053,-4.42,103.0,107.4,1.65,2017,261
11.1,108.0,96.9,70.1,0.005,-1.17,105.4,106.6,0.38,2017,2193
10.3,112.6,102.3,67.7,-0.05,5.25,107.7,102.4,-0.92,2017,38
9.8,110.6,100.8,70.6,0.038,-0.01,104.0,104.0,6.3,2017,350
9.38,109.7,100.3,70.0,0.006,-3.62,101.4,105.0,0.89,2017,2083
8.17,110.8,102.7,68.0,0.069,-1.36,103.9,105.2,3.64,2017,2057
7.89,110.5,102.6,67.9,0.063,-4.52,101.0,105.6,-4.82,2017,166
7.24,100.9,93.7,67.2,0.014,-0.84,103.0,103.8,-1.22,2017,2934
5.07,109.4,104.4,65.9,0.037,-4.8,103.7,108.5,2.14,2017,526
4.53,106.1,101.6,71.1,0.029,-7.13,100.7,107.8,1.93,2017,2737
4.2,110.8,106.6,70.6,0.013,-1.94,103.7,105.7,-0.05,2017,314
2.04,109.7,107.6,68.1,-0.023,-2.86,102.4,105.3,-6.78,2017,2653
1.91,106.8,104.9,68.0,0.073,-3.35,102.9,106.3,-2.55,2017,94
1.68,104.9,103.3,68.3,0.024,-1.92,104.4,106.3,-5.91,2017,2309
0.63,105.8,105.2,63.6,0.028,-1.68,104.2,105.9,0.61,2017,55
0.36,102.2,101.9,66.7,-0.055,-12.44,97.7,110.1,-0.66,2017,2428
0.04,103.6,103.5,71.5,0.048,-5.66,103.0,108.6,3.24,2017,155
-0.52,101.3,101.8,66.2,0.046,-5.29,102.3,107.6,8.32,2017,249
-1.19,110.2,111.4,67.2,0.029,-0.59,104.9,105.5,1.66,2017,2571
-3.86,99.5,103.4,66.8,0.074,-4.49,102.0,106.5,11.52,2017,116
-4.04,103.5,107.5,68.6,0.125,-8.49,100.2,108.7,12.68,2017,2640
-4.41,97.8,102.2,68.9,0.131,-5.31,100.8,106.1,-0.94,2017,302
33.76,127.8,94.0,68.7,-0.018,11.31,111.3,100.0,3.98,2018,222
29.53,115.2,85.6,59.4,0.048,9.24,110.0,100.7,-0.08,2018,258
28.86,122.4,93.6,69.7,-0.034,10.6,110.4,99.8,4.09,2018,150
26.6,113.4,86.8,64.5,-0.019,3.46,106.9,103.4,-4.21,2018,2132
26.27,122.7,96.4,67.2,0.006,9.02,109.1,100.1,0.69,2018,2509
25.41,119.2,93.8,67.0,0.038,6.64,108.6,101.9,-5.03,2018,127
24.2,114.7,90.5,64.9,0.052,10.32,111.4,101.1,-4.83,2018,130
23.59,120.3,96.7,71.2,-0.011,13.26,111.6,98.3,7.58,2018,153
23.49,120.9,97.4,68.8,0.076,12.41,111.7,99.3,3.55,2018,2305
23.03,118.1,95.1,69.4,0.009,1.57,106.4,104.8,3.12,2018,2250
22.59,113.3,90.8,66.7,-0.007,10.31,110.7,100.4,-5.24,2018,2641
22.44,119.4,96.9,69.2,-0.014,10.59,109.9,99.3,-4.72,2018,277
22.27,114.6,92.4,66.0,0.019,11.01,111.2,100.2,7.1,2018,2633
21.65,114.2,92.6,66.1,-0.009,10.22,110.6,100.4,-1.91,2018,228
21.51,120.1,98.6,70.5,0.091,9.35,109.9,100.6,1.84,2018,2752
21.16,116.0,94.9,67.0,0.02,8.75,109.8,101.1,0.26,2018,194
20.44,115.8,95.4,68.8,-0.008,10.91,110.8,99.8,4.67,2018,96
20.24,114.6,94.4,68.4,-0.015,3.9,106.6,102.7,-3.08,2018,248
19.18,114.3,95.1,67.3,-0.05,7.6,109.7,102.1,-6.36,2018,213
19.05,116.2,97.2,67.6,-0.047,11.21,112.0,100.8,0.11,2018,2086
19.03,121.0,101.9,68.6,-0.026,5.13,107.3,102.2,1.55,2018,2724
18.96,114.5,95.5,67.1,-0.059,10.74,110.2,99.5,4.57,2018,57
18.69,115.4,96.7,72.6,0.034,7.52,108.8,101.3,-1.86,2018,2
18.47,119.7,101.2,68.6,-0.067,9.67,110.7,101.0,-0.82,2018,2628
18.39,120.2,101.8,69.4,-0.026,5.13,107.0,101.8,3.61,2018,2440
18.04,116.9,98.8,69.5,-0.028,10.12,110.5,100.4,-0.0,2018,2550
17.77,114.3,96.5,71.2,-0.029,9.27,109.6,100.3,-6.91,2018,52
17.7,118.0,100.4,67.1,0.036,5.96,108.5,102.5,2.51,2018,12
16.96,111.3,94.4,69.5,0.014,11.69,111.8,100.1,5.12,2018,245
16.91,115.5,98.6,70.8,-0.028,9.4,110.8,101.4,-4.2,2018,156
16.39,111.4,95.0,65.5,0.077,2.48,104.8,102.3,-5.47,2018,2350
16.13,119.4,103.2,63.5,0.006,-2.12,103.8,105.9,-4.28,2018,2608
16.03,115.3,99.3,68.7,-0.018,7.91,109.2,101.3,-9.76,2018,259
15.43,109.5,94.1,65.2,-0.03,11.77,111.4,99.6,2.05,2018,251
15.43,112.9,97.4,67.0,0.017,8.08,109.1,101.0,-3.82,2018,2390
15.41,112.2,96.8,69.7,-0.005,8.9,109.6,100.7,-2.5,2018,97
14.83,111.9,97.0,65.7,-0.025,9.55,109.8,100.2,1.07,2018,142
14.82,107.0,92.2,62.9,0.021,9.81,111.3,101.5,-0.2,2018,183
14.77,110.1,95.3,65.6,0.071,9.39,111.0,101.6,-6.5,2018,2306
14.7,117.0,102.3,64.5,-0.063,2.11,105.6,103.5,1.33,2018,2166
14.69,116.3,101.7,69.7,0.059,9.9,110.5,100.6,0.87,2018,8
14.68,111.3,96.6,66.5,0.008,3.58,107.5,103.9,7.65,2018,2393
14.52,116.3,101.8,71.4,-0.001,7.71,108.6,100.9,-9.71,2018,152
14.16,114.6,100.5,75.5,-0.008,11.68,111.3,99.6,2.13,2018,201
14.13,116.7,102.6,71.3,-0.083,5.48,107.4,101.9,0.94,2018,9
14.09,110.5,96.4,68.8,-0.032,3.46,107.2,103.8,-0.8,2018,21
13.93,111.1,97.2,68.4,0.063,3.49,107.6,104.1,3.83,2018,227
13.54,110.6,97.1,67.4,0.055,7.14,108.4,101.3,-3.1,2018,158
13.52,115.0,101.4,70.3,-0.027,6.42,108.1,101.7,2.93,2018,26
13.41,108.7,95.2,68.7,0.017,11.17,110.9,99.7,2.54,2018,333
12.92,107.9,95.0,68.5,0.027,-1.4,104.0,105.4,3.7,2018,166
12.19,112.9,100.7,67.2,-0.0,-3.56,102.9,106.4,-0.99,2018,93
12.17,108.9,96.7,67.1,0.074,10.58,111.6,101.1,-1.38,2018,2507
11.53,114.7,103.2,72.7,0.006,-0.06,105.1,105.2,3.87,2018,2084
11.21,110.8,99.5,69.4,0.078,2.8,107.0,104.2,1.17,2018,179
11.14,112.7,101.5,70.6,0.033,-2.59,103.5,106.1,-0.58,2018,309
10.4,108.8,98.4,68.0,-0.0,-1.96,104.0,106.0,2.09,2018,149
10.2,113.8,103.6,70.5,0.097,-0.09,105.8,105.9,3.59,2018,2571
9.22,104.9,95.7,65.2,-0.024,-4.57,103.7,108.2,-3.46,2018,2430
7.93,107.5,99.6,68.6,-0.073,-4.04,102.6,106.6,1.95,2018,94
7.31,109.5,102.2,71.4,0.006,-4.35,102.8,107.1,5.79,2018,2083
6.92,108.8,101.9,66.8,-0.015,-2.51,103.4,105.9,-3.22,2018,2247
6.53,109.4,102.9,74.7,0.06,0.07,105.6,105.5,-7.0,2018,276
5.58,104.5,99.0,71.1,0.031,-7.16,100.6,107.8,-2.26,2018,2617
5.16,108.7,103.6,64.9,0.035,-4.06,104.8,108.9,-7.64,2018,232
3.69,103.1,99.4,68.9,0.076,-4.15,103.7,107.8,-2.98,2018,219
2.89,100.6,97.7,68.3,0.074,-3.79,102.7,106.5,2.23,2018,2750
2.63,110.0,107.3,70.7,-0.008,-2.12,103.1,105.2,2.14,2018,314
0.62,103.7,103.1,69.6,0.097,-1.2,103.8,105.0,2.76,2018,2239
0.5,103.1,102.6,68.4,0.125,-4.38,102.7,107.1,-3.55,2018,2378
0.43,103.2,102.8,74.9,0.112,-4.31,103.2,107.5,5.84,2018,288
0.07,102.9,102.9,63.0,0.063,-4.03,102.8,106.9,3.49,2018,2515
-0.6,103.0,103.6,67.6,0.07,-8.35,101.2,109.5,-0.09,2018,264
-6.65,104.6,111.2,71.7,-0.01,-6.3,101.0,107.3,17.2,2018,2640
-8.27,102.3,110.6,71.6,0.012,-8.68,100.2,108.9,-6.06,2018,112358
-13.41,96.6,110.0,65.0,0.019,-12.78,98.4,111.2,-1.47,2018,2428
34.22,123.4,89.2,59.4,0.05,11.18,109.2,98.1,-3.24,2019,258
32.85,124.5,91.6,70.2,-0.001,4.46,106.9,102.5,1.87,2019,2250
30.81,121.0,90.2,66.9,0.001,13.67,110.6,96.9,3.24,2019,127
30.62,120.0,89.3,72.1,0.018,12.85,110.7,97.8,5.08,2019,150
30.03,114.1,84.1,66.6,0.004,11.18,109.8,98.7,-5.39,2019,2641
28.32,114.5,86.2,64.8,-0.001,11.27,109.2,98.0,-5.42,2019,130
27.69,119.7,92.0,74.3,0.024,12.6,110.7,98.1,5.69,2019,153
27.57,117.6,90.1,65.6,0.033,11.32,110.7,99.4,1.75,2019,96
26.81,122.5,95.6,65.9,-0.015,13.16,110.3,97.1,4.09,2019,2509
26.24,122.7,96.5,67.8,0.034,10.69,109.7,99.0,0.92,2019,2633
25.0,120.9,95.9,67.9,0.008,12.23,110.7,98.5,2.63,2019,2
24.13,115.3,91.2,66.1,0.039,4.45,105.7,101.3,-4.16,2019,248
24.07,118.1,94.0,63.7,-0.005,8.47,108.3,99.9,-6.26,2019,259
22.39,112.8,90.4,68.6,0.046,10.46,109.8,99.3,0.93,2019,52
22.09,118.9,96.8,67.7,-0.063,10.78,109.3,98.5,-1.56,2019,66
21.94,110.4,88.5,63.9,-0.018,12.97,110.3,97.3,3.14,2019,275
21.57,113.9,92.3,70.1,0.076,14.13,111.8,97.7,10.36,2019,2305
20.69,118.1,97.4,65.7,0.046,1.82,106.0,104.2,8.37,2019,2747
20.22,117.7,97.5,70.0,0.063,10.02,109.3,99.3,2.77,2019,99
20.06,108.4,88.4,63.4,0.049,10.22,109.3,99.1,-0.96,2019,2306
20.04,117.7,97.6,67.8,-0.038,10.09,110.1,100.0,2.22,2019,344
19.85,115.2,95.4,73.6,0.056,3.14,105.5,102.4,1.15,2019,2084
19.35,113.7,94.4,67.2,-0.06,11.95,110.4,98.4,5.36,2019,97
19.29,113.4,94.1,66.0,-0.004,10.75,109.8,99.1,-4.92,2019,120
19.11,113.5,94.4,64.7,-0.08,11.96,110.3,98.3,4.98,2019,251
18.3,110.5,92.2,62.9,-0.063,12.0,110.7,98.7,5.12,2019,57
18.18,114.0,95.9,69.3,0.033,1.42,105.4,103.9,1.79,2019,2440
17.86,109.5,91.7,64.2,-0.048,5.47,107.7,102.3,0.43,2019,2483
17.5,112.3,94.8,63.4,0.05,5.12,107.1,102.0,-2.85,2019,2132
17.33,116.5,99.2,63.6,0.044,8.0,108.8,100.8,3.32,2019,222
17.31,114.7,97.4,62.7,-0.045,3.66,106.6,103.0,-0.9,2019,2608
16.94,111.1,94.1,68.6,0.023,13.27,110.3,97.1,7.44,2019,201
16.52,113.2,96.7,68.8,0.01,6.77,107.4,100.7,0.29,2019,269
16.51,112.1,95.6,65.0,0.011,4.99,105.9,100.9,-3.71,2019,2116
16.48,115.3,98.8,65.2,-0.029,10.49,108.8,98.3,-4.04,2019,239
16.02,117.4,101.3,69.5,0.05,10.64,108.9,98.3,-6.49,2019,2294
15.41,112.6,97.2,68.1,0.012,0.02,104.5,104.4,0.81,2019,328
15.13,110.5,95.3,66.1,-0.004,9.4,108.6,99.2,0.17,2019,183
15.04,110.3,95.2,68.9,0.02,9.66,109.1,99.5,-0.99,2019,2628
14.89,104.3,89.5,68.4,0.007,1.37,105.2,103.8,3.6,2019,2670
14.66,109.1,94.4,65.8,0.013,11.68,110.4,98.8,-2.95,2019,194
14.55,111.7,97.2,73.3,-0.013,0.08,103.9,103.8,6.56,2019,288
14.35,111.4,97.0,67.4,0.086,12.18,110.2,98.0,-2.91,2019,135
14.35,113.5,99.1,66.4,-0.046,12.55,109.7,97.2,-0.17,2019,158
14.28,107.7,93.5,66.0,0.088,6.06,107.6,101.5,2.73,2019,264
14.09,115.6,101.5,71.3,0.025,-1.98,103.6,105.6,3.78,2019,2057
13.98,113.2,99.2,68.5,-0.007,8.69,109.1,100.4,-1.11,2019,145
13.83,112.5,98.6,69.4,0.054,-3.32,103.1,106.4,-1.13,2019,93
13.62,113.0,99.3,65.9,0.042,-3.44,102.8,106.2,-3.22,2019,166
11.78,109.2,97.4,74.2,-0.032,4.41,106.0,101.6,0.01,2019,235
11.55,109.7,98.2,70.8,0.051,5.56,107.3,101.7,1.55,2019,9
11.54,111.1,99.6,62.3,0.009,-3.27,102.5,105.8,-3.2,2019,2335
11.5,109.0,97.5,69.1,0.023,8.54,109.2,100.7,3.58,2019,2550
11.29,109.8,98.5,67.8,0.044,0.7,104.9,104.2,-4.05,2019,38
9.72,109.2,99.5,68.9,0.064,4.55,106.3,101.8,-1.07,2019,218
9.16,107.4,98.2,65.3,0.11,-3.28,102.5,105.8,1.25,2019,300
8.86,108.5,99.6,65.5,0.043,-5.55,100.7,106.2,3.2,2019,261
8.79,111.6,102.8,71.0,0.041,-1.1,103.0,104.2,-2.09,2019,43
7.61,108.6,101.0,70.8,0.06,5.0,106.9,101.9,-6.49,2019,2599
7.59,111.0,103.4,66.2,0.05,-0.63,106.3,106.9,6.45,2019,111
7.46,112.7,105.3,71.0,-0.034,-5.84,102.5,108.3,-4.58,2019,2571
7.14,109.4,102.3,68.2,-0.001,-3.37,103.6,107.0,-2.57,2019,94
6.02,102.2,96.2,66.4,0.044,0.49,104.4,103.9,-1.44,2019,139
5.45,101.4,96.0,64.5,0.058,-2.15,102.5,104.7,-6.06,2019,295
4.85,107.7,102.8,70.0,0.143,1.09,105.2,104.1,3.5,2019,2247
4.6,110.5,105.9,66.4,0.012,-3.83,102.4,106.3,0.84,2019,2142
3.53,107.4,103.9,66.9,0.059,-6.07,102.4,108.4,4.03,2019,149
1.35,103.4,102.0,66.1,0.123,-8.67,100.0,108.7,-4.75,2019,2000
0.09,101.5,101.4,65.3,0.035,-1.66,102.6,104.3,-3.94,2019,71
-0.04,107.8,107.8,67.4,0.07,-3.55,103.2,106.8,-4.07,2019,2241
-1.09,106.1,107.2,66.3,0.022,-5.57,101.0,106.6,3.15,2019,248
-2.88,106.9,109.7,70.6,-0.024,-6.27,100.5,106.8,0.44,2019,314
-3.2,107.4,110.6,65.0,0.064,-2.85,104.8,107.6,3.23,2019,2449
-4.13,102.1,106.2,71.1,0.061,-7.85,98.8,106.7,6.15,2019,258
-4.22,106.5,110.7,66.8,0.04,-8.16,99.5,107.7,-1.86,2019,161
-11.55,97.8,109.3,65.3,-0.008,-11.84,97.0,108.9,1.19,2019,2428
30.23,115.8,85.5,67.3,0.04,12.66,107.4,94.7,9.58,2020,2305
26.95,121.3,94.4,71.9,0.05,2.42,103.5,101.0,-2.09,2020,2250
25.49,113.5,88.1,66.2,0.016,10.2,106.4,96.2,1.38,2020,239
24.93,119.1,94.1,67.6,0.002,2.74,104.1,101.3,-0.74,2020,2168
24.62,115.7,91.1,72.0,-0.009,7.28,106.0,98.7,2.6,2020,150
24.48,115.1,90.6,64.6,-0.008,2.98,105.3,102.3,-1.8,2020,21
24.03,115.2,91.2,69.1,-0.012,12.04,108.6,96.5,1.83,2020,127
22.23,114.3,92.0,66.2,-0.038,11.1,108.0,96.9,-1.31,2020,194
21.36,114.5,93.1,67.1,-0.003,7.1,105.3,98.2,-1.09,2020,97
21.26,108.3,87.1,69.4,-0.028,11.28,107.2,95.9,5.8,2020,277
21.12,113.5,92.4,67.0,0.037,11.35,107.9,96.6,-0.44,2020,120
20.93,118.2,97.3,68.3,0.072,10.72,107.9,97.2,2.69,2020,156
20.68,116.3,95.6,69.5,-0.028,6.06,106.0,100.0,7.4,2020,252
20.39,112.7,92.3,65.7,-0.052,6.33,104.2,97.9,2.56,2020,248
20.22,111.7,91.5,69.9,0.065,7.96,106.3,98.4,1.22,2020,52
20.12,113.2,93.0,68.7,-0.048,12.79,110.2,97.4,2.0,2020,130
20.0,117.1,97.1,65.0,0.023,8.15,105.6,97.4,4.11,2020,2483
19.98,113.9,94.0,66.2,0.082,10.88,108.2,97.3,4.22,2020,222
19.6,111.0,91.4,69.3,-0.077,7.72,106.5,98.8,2.41,2020,12
19.54,112.3,92.7,69.8,0.006,11.48,108.4,96.9,4.86,2020,2550
19.28,109.8,90.5,67.3,-0.113,8.74,106.0,97.3,-3.87,2020,2641
18.95,110.8,91.9,63.7,0.031,11.74,108.7,96.9,1.61,2020,275
18.65,117.3,98.6,70.2,0.005,12.28,108.6,96.3,2.4,2020,2294
18.39,112.6,94.2,63.7,0.032,10.22,107.6,97.4,1.07,2020,2086
17.91,110.3,92.4,70.9,0.014,10.72,108.1,97.4,-4.2,2020,213
17.72,107.9,90.2,67.4,-0.042,9.88,107.4,97.5,-4.44,2020,164
17.6,112.7,95.1,67.7,0.018,6.37,105.9,99.6,-0.87,2020,96
17.23,110.9,93.7,66.0,0.022,10.38,107.7,97.3,-5.83,2020,356
17.19,114.0,96.9,70.7,-0.046,10.78,107.6,96.9,2.13,2020,269
16.79,112.5,95.7,64.9,-0.047,8.82,107.8,98.9,6.92,2020,57
15.91,111.4,95.5,69.2,0.103,6.7,107.0,100.3,1.38,2020,2
15.73,108.5,92.7,67.9,0.016,10.71,108.3,97.6,-0.6,2020,84
15.71,109.1,93.4,68.2,-0.01,7.42,105.5,98.0,2.77,2020,38
15.7,108.8,93.1,69.6,0.031,12.22,107.5,95.3,5.86,2020,201
15.62,118.1,102.4,70.0,-0.02,7.18,105.8,98.6,2.01,2020,99
15.19,113.7,98.5,63.9,0.055,4.46,105.4,100.9,-0.32,2020,2608
15.19,105.6,90.4,69.5,0.041,4.78,103.7,98.9,-1.25,2020,2724
15.0,107.8,92.8,68.4,-0.008,8.85,106.7,97.8,-1.12,2020,2507
14.92,109.5,94.6,67.4,0.034,3.09,105.0,101.9,1.55,2020,328
14.22,99.3,85.1,59.4,0.109,6.93,105.6,98.7,-3.7,2020,258
14.02,108.8,94.7,68.0,-0.013,6.52,104.4,97.9,3.6,2020,2132
13.87,109.2,95.3,69.3,0.044,1.86,104.2,102.4,-0.95,2020,257
13.39,110.7,97.3,69.5,-0.02,7.04,105.4,98.3,-2.93,2020,152
12.35,104.3,92.0,68.9,0.083,6.32,105.2,98.8,-1.48,2020,30
12.23,108.2,96.0,66.1,0.067,-1.96,103.0,105.0,-0.64,2020,2193
11.57,107.9,96.4,67.4,-0.026,0.22,102.1,101.9,3.64,2020,43
11.3,106.0,94.7,73.2,0.069,8.22,106.4,98.1,2.65,2020,9
10.1,106.5,96.4,66.3,-0.027,-5.44,98.7,104.2,1.8,2020,261
9.97,111.2,101.2,62.9,-0.032,1.92,102.5,100.6,6.11,2020,249
9.92,109.3,99.4,64.9,0.047,7.16,105.5,98.3,-0.73,2020,26
9.68,106.1,96.4,61.5,0.023,-9.0,98.3,107.3,-5.13,2020,2335
9.54,108.5,98.9,69.4,0.022,-1.21,101.3,102.5,-1.88,2020,2006
8.14,107.6,99.4,63.5,0.06,-4.86,99.7,104.6,1.26,2020,166
7.0,104.1,97.1,71.8,0.042,-8.13,98.6,106.7,0.55,2020,2617
6.11,105.4,99.3,67.7,-0.064,-2.29,101.1,103.4,2.91,2020,300
6.09,106.8,100.7,67.1,0.036,-0.51,101.6,102.2,-4.1,2020,71
6.06,108.7,102.6,67.9,0.064,-4.37,101.1,105.5,-4.39,2020,194
6.02,106.5,100.5,70.5,0.012,-7.08,99.0,106.0,-2.73,2020,2057
5.56,106.8,101.2,66.0,0.032,-3.91,101.8,105.7,-1.84,2020,2449
4.32,105.4,101.1,73.1,0.121,-1.53,102.0,103.5,3.14,2020,331
3.93,106.4,102.5,69.3,0.069,-0.59,102.1,102.7,1.35,2020,2031
2.65,104.7,102.1,71.9,-0.044,-8.04,99.9,107.9,3.54,2020,2737
2.11,102.0,99.8,65.7,0.074,-5.16,100.0,105.2,-0.21,2020,94
2.06,107.2,105.1,66.7,-0.001,-5.42,98.3,103.7,0.29,2020,314
0.78,103.3,102.6,66.3,0.002,-4.98,100.6,105.6,0.04,2020,104
-3.29,100.5,103.8,66.1,0.027,-6.38,99.7,106.1,1.65,2020,2523
-4.16,96.3,100.5,70.7,-0.001,-7.97,96.3,104.3,9.36,2020,258
-9.0,94.2,103.2,66.6,0.065,-8.95,97.3,106.3,6.55,2020,2428
36.48,126.4,89.9,73.8,0.022,11.35,108.1,96.8,6.21,2021,2250
33.87,125.0,91.1,67.4,0.046,13.25,108.7,95.5,-2.83,2021,239
29.67,117.6,87.9,66.6,0.007,16.44,111.7,95.3,2.51,2021,130
29.06,118.0,88.9,70.5,0.022,18.17,112.3,94.1,10.44,2021,356
28.75,118.3,89.6,64.4,0.018,9.21,105.7,96.5,2.11,2021,248
27.58,115.7,88.1,67.0,0.001,16.27,111.1,94.8,6.28,2021,30
26.87,123.5,96.7,69.9,-0.027,16.41,110.4,94.0,-4.9,2021,2294
25.1,116.3,91.2,66.1,-0.025,15.43,110.3,94.9,3.82,2021,38
25.09,112.9,87.8,73.3,0.02,14.8,110.1,95.3,9.45,2021,333
24.32,111.3,87.0,63.7,-0.024,6.27,105.6,99.4,4.81,2021,2350
23.58,120.7,97.1,66.7,-0.012,17.9,111.6,93.7,3.47,2021,194
23.02,119.0,96.0,64.2,-0.007,13.66,109.3,95.7,8.12,2021,222
22.43,116.9,94.5,63.8,0.028,17.38,111.3,93.9,9.87,2021,26
22.4,113.0,90.6,64.6,-0.052,18.13,112.1,93.9,1.24,2021,275
22.12,114.9,92.8,69.9,0.002,13.48,109.5,96.0,4.42,2021,52
21.85,117.2,95.4,67.2,0.049,15.2,110.6,95.4,3.72,2021,2483
21.81,112.7,90.9,65.1,-0.099,12.84,108.5,95.7,-4.88,2021,2641
21.56,111.1,89.6,72.6,0.064,12.69,109.4,96.7,-4.09,2021,8
21.42,114.7,93.3,59.9,0.025,12.05,109.8,97.8,0.24,2021,258
21.12,113.7,92.5,67.6,0.037,12.31,109.1,96.8,10.05,2021,252
20.61,113.1,92.5,65.5,-0.068,12.99,108.2,95.2,-1.27,2021,41
20.59,113.4,92.8,68.7,0.017,13.19,108.8,95.6,-0.73,2021,156
20.51,116.8,96.3,69.2,-0.056,15.18,109.6,94.4,13.77,2021,277
20.35,120.1,99.8,70.6,-0.007,14.77,108.7,93.9,1.13,2021,99
20.33,113.3,92.9,66.1,0.01,16.61,111.2,94.6,5.71,2021,2509
20.31,113.1,92.8,68.6,-0.004,14.52,109.2,94.7,8.2,2021,251
19.98,110.1,90.2,68.2,0.07,15.83,110.7,94.8,10.43,2021,2305
19.95,108.0,88.1,67.1,-0.013,13.11,108.9,95.8,-0.34,2021,2633
19.88,111.0,91.1,65.5,0.027,7.22,106.4,99.2,13.66,2021,21
19.11,105.5,86.4,71.3,-0.068,8.72,105.9,97.2,1.45,2021,235
19.04,110.0,91.0,64.8,0.016,8.53,106.6,98.0,2.44,2021,179
18.95,109.6,90.7,72.4,0.038,15.52,111.1,95.6,5.81,2021,197
18.62,110.3,91.7,71.5,-0.005,14.79,110.9,96.1,8.2,2021,153
17.63,111.8,94.1,64.7,-0.024,17.1,110.2,93.1,-1.11,2021,120
17.5,113.7,96.2,67.3,-0.005,12.7,108.7,96.0,-0.96,2021,59
17.48,108.1,90.6,67.4,0.027,17.99,112.4,94.4,-5.69,2021,164
17.06,112.1,95.1,67.1,-0.025,14.29,109.5,95.2,1.93,2021,201
16.95,111.0,94.1,68.3,-0.004,14.72,109.9,95.2,8.88,2021,57
16.75,113.7,96.9,68.6,0.029,12.94,109.4,96.5,2.09,2021,183
16.4,112.1,95.7,65.5,0.072,16.72,111.2,94.5,-4.52,2021,204
15.48,106.4,90.9,64.0,0.1,14.39,109.7,95.3,11.6,2021,228
15.34,104.8,89.5,68.6,-0.037,5.64,105.4,99.7,8.2,2021,328
15.14,110.6,95.5,68.4,0.07,15.85,110.2,94.4,11.39,2021,142
15.04,105.2,90.2,69.6,0.035,8.57,106.5,98.0,5.66,2021,2670
14.44,109.7,95.3,65.7,0.043,9.69,107.9,98.2,0.63,2021,259
14.27,112.5,98.2,66.3,0.102,3.98,104.1,100.1,-8.21,2021,2181
14.07,110.8,96.8,68.8,-0.012,8.72,105.0,96.2,-8.32,2021,2567
13.63,109.9,96.2,65.6,0.03,1.8,102.8,101.0,4.03,2021,2540
13.13,109.1,96.0,69.1,-0.026,6.12,105.4,99.3,15.51,2021,68
12.91,107.9,95.0,69.7,0.008,14.96,110.6,95.6,4.64,2021,46
12.9,107.1,94.2,68.3,0.09,17.72,112.5,94.8,-1.03,2021,127
12.37,107.7,95.3,65.8,-0.011,12.31,107.5,95.2,-1.44,2021,344
12.3,109.5,97.2,67.0,0.089,10.47,106.4,96.0,13.71,2021,2724
11.76,106.7,95.0,62.7,-0.018,6.35,105.0,98.6,6.16,2021,249
10.47,111.4,100.9,69.2,0.031,5.23,106.1,100.9,1.2,2021,195
10.11,101.7,91.6,69.3,0.009,-5.43,99.4,104.8,4.93,2021,2000
9.25,110.3,101.0,72.2,0.048,-5.8,99.6,105.4,-99.0,2021,2142
8.6,109.8,101.2,63.1,-0.023,-4.82,99.5,104.3,1.58,2021,2335
8.48,105.0,96.5,73.1,0.036,-5.62,99.6,105.2,4.18,2021,2737
8.32,105.4,97.1,64.9,-0.061,-1.44,102.0,103.5,2.54,2021,2253
8.19,109.5,101.3,72.2,-0.085,-0.43,102.0,102.4,21.28,2021,331
7.79,103.6,95.8,68.0,0.003,1.48,103.8,102.3,-2.78,2021,2430
4.83,109.3,104.4,71.4,0.023,4.09,105.2,101.1,22.06,2021,198
3.19,100.6,97.4,65.2,0.146,-1.1,102.1,103.2,16.21,2021,2413
0.67,106.5,105.8,63.9,0.007,-2.28,101.2,103.5,-5.75,2021,2182
-0.13,100.6,100.7,66.1,0.199,-0.83,105.1,106.0,20.35,2021,325
-0.78,100.2,101.0,67.7,0.03,-5.67,98.3,103.9,-0.54,2021,314
-2.98,97.0,100.0,66.9,0.081,-5.09,99.2,104.3,-0.17,2021,42
-4.37,99.8,104.2,71.5,0.059,-7.73,95.5,103.2,14.62,2021,2640
-4.47,99.1,103.6,67.5,0.09,-7.09,98.1,105.2,-0.76,2021,2450
-4.71,98.4,103.1,65.5,0.039,-2.83,100.4,103.3,5.52,2021,127
-6.62,94.5,101.1,61.6,-0.004,-6.45,99.4,105.9,11.14,2021,116
30.95,120.7,89.7,72.5,-0.039,4.24,104.6,100.3,-2.88,2022,2250
27.7,116.8,89.1,63.6,-0.012,5.89,105.5,99.6,0.18,2022,248
27.49,119.2,91.7,69.3,0.041,12.6,108.0,95.4,4.13,2022,2305
27.04,118.0,91.0,67.4,0.004,10.96,107.4,96.5,-1.89,2022,239
25.96,118.6,92.6,72.2,0.048,6.45,105.9,99.5,-0.78,2022,12
25.72,120.0,94.3,67.5,-0.043,8.88,106.5,97.6,-2.72,2022,96
25.64,110.7,85.0,66.5,-0.031,10.98,107.8,96.8,-8.24,2022,2641
25.15,121.1,95.9,67.3,-0.01,8.22,107.8,99.6,-4.58,2022,150
25.1,111.5,86.4,67.4,0.029,11.39,108.5,97.1,4.85,2022,2633
24.56,117.5,92.9,62.3,0.06,11.46,109.1,97.6,8.65,2022,222
24.26,115.9,91.7,65.2,-0.029,8.5,107.2,98.7,3.67,2022,26
23.2,112.7,89.5,70.1,-0.021,8.35,106.9,98.6,3.7,2022,2
22.72,120.5,97.8,69.7,-0.061,7.31,107.1,99.8,-6.82,2022,2294
22.36,121.0,98.6,66.1,0.022,8.81,108.0,99.2,-3.54,2022,2509
20.88,112.5,91.6,63.8,-0.043,10.68,107.7,97.0,-8.15,2022,251
20.13,114.4,94.3,70.2,0.072,9.9,109.0,99.1,3.79,2022,153
19.53,110.1,90.6,63.6,0.039,6.89,106.8,99.9,3.31,2022,2608
19.46,109.9,90.4,70.7,0.038,9.08,107.5,98.4,-2.78,2022,8
18.86,115.0,96.1,63.3,-0.062,7.88,107.4,99.5,-0.53,2022,259
18.75,112.0,93.3,67.2,0.033,10.44,109.0,98.6,1.39,2022,356
18.65,107.3,88.7,68.6,-0.052,9.1,107.2,98.1,-1.21,2022,99
18.55,113.8,95.3,64.8,-0.038,7.39,105.7,98.3,-3.58,2022,41
17.38,110.5,93.1,68.9,-0.042,5.18,105.5,100.3,2.23,2022,2539
17.23,111.2,94.0,69.9,-0.028,7.43,106.4,99.0,4.46,2022,235
17.07,103.4,86.3,65.4,-0.003,5.95,105.5,99.6,2.56,2022,21
17.02,108.7,91.7,65.9,0.014,11.74,108.0,96.2,-5.0,2022,2628
16.61,113.9,97.2,66.7,-0.019,12.15,109.8,97.7,6.27,2022,130
16.57,115.2,98.6,71.9,-0.022,12.58,109.4,96.9,10.15,2022,333
16.52,108.6,92.1,64.7,0.012,3.12,104.7,101.6,3.15,2022,2350
16.48,111.0,94.6,65.1,-0.054,11.73,107.5,95.8,-2.04,2022,201
16.24,115.5,99.3,65.0,-0.017,9.83,108.3,98.4,2.31,2022,194
15.89,111.5,95.6,65.2,0.164,7.74,106.7,99.0,0.26,2022,2507
15.42,111.5,96.1,66.1,0.074,-3.09,101.1,104.2,4.29,2022,93
15.34,109.3,94.0,66.5,0.105,9.77,108.4,98.6,2.91,2022,275
15.25,112.4,97.2,65.6,0.017,7.81,107.1,99.3,2.7,2022,87
15.14,107.5,92.4,64.4,0.029,5.47,104.8,99.3,0.55,2022,68
14.85,116.8,101.9,64.7,-0.02,1.72,102.7,100.9,-1.98,2022,2166
14.8,113.9,99.1,67.7,0.088,8.63,107.5,98.8,0.38,2022,2390
14.76,111.9,97.1,67.5,0.052,10.93,109.4,98.5,3.91,2022,127
14.63,103.1,88.5,66.3,0.049,11.25,108.1,96.9,-6.84,2022,66
14.45,112.9,98.4,65.4,0.121,5.02,104.9,99.9,-2.32,2022,36
14.14,109.8,95.6,66.2,0.06,5.14,104.8,99.7,-4.72,2022,30
14.04,107.0,92.9,67.2,-0.02,8.51,108.1,99.6,-6.23,2022,84
13.78,105.9,92.2,67.2,0.086,9.11,107.5,98.4,-0.67,2022,156
13.67,112.4,98.8,68.9,-0.035,-0.77,102.0,102.8,-2.46,2022,5
13.61,107.1,93.5,67.3,0.033,8.91,107.5,98.6,0.99,2022,2550
13.2,111.1,97.9,64.9,-0.028,-7.0,99.0,106.0,1.92,2022,261
13.06,109.2,96.2,70.9,0.021,9.5,107.3,97.8,4.04,2022,269
11.94,109.1,97.2,66.1,0.056,4.1,104.7,100.6,-1.05,2022,2751
11.51,109.0,97.5,64.7,0.007,0.46,105.1,104.7,1.74,2022,236
10.82,106.9,96.1,64.9,0.001,7.92,108.1,100.2,-10.43,2022,164
10.61,107.1,96.5,66.1,0.085,1.21,102.5,101.3,3.48,2022,166
10.58,115.4,104.8,69.4,0.054,-4.16,102.9,107.1,3.6,2022,2571
9.45,108.1,98.7,66.8,0.061,5.07,105.5,100.5,2.42,2022,257
7.24,100.3,93.0,65.9,0.018,0.25,103.1,102.8,3.97,2022,2612
4.41,108.2,103.8,67.2,-0.076,-7.4,99.3,106.7,2.1,2022,2142
3.62,105.6,102.0,62.1,0.013,-5.13,100.7,105.8,-4.48,2022,2006
2.94,104.3,101.4,67.5,0.085,-6.02,101.6,107.6,-1.34,2022,147
2.64,107.0,104.3,66.7,0.038,-1.57,102.3,103.8,-3.75,2022,48
2.22,105.9,103.7,66.1,0.115,-7.31,98.7,106.0,-7.2,2022,2344
1.98,100.7,98.8,68.8,0.063,-1.48,103.3,104.8,0.65,2022,43
1.97,105.1,103.2,65.1,-0.005,-4.68,100.6,105.3,-0.23,2022,55
1.6,101.5,99.9,67.3,0.062,-0.97,101.2,102.1,2.05,2022,2247
1.47,104.1,102.7,66.1,0.047,-2.99,100.5,103.5,-3.84,2022,2239
-0.28,106.3,106.6,68.9,0.003,-6.76,100.2,107.0,-0.23,2022,2750
-0.49,102.1,102.6,66.8,0.128,-10.02,95.5,105.5,-4.18,2022,2450
-1.28,97.6,98.9,68.2,0.022,-6.25,98.7,105.0,10.0,2022,2640
-1.32,103.8,105.1,72.6,0.112,-8.47,98.0,106.5,0.01,2022,120
-6.55,96.6,103.2,69.4,0.028,-10.92,98.3,109.2,-9.14,2022,357
29.86,120.8,90.9,66.6,-0.056,10.39,109.7,99.3,-1.75,2023,41
27.72,118.1,90.4,63.5,0.023,4.56,107.2,102.6,-0.03,2023,248
27.29,115.2,88.0,66.1,-0.009,8.7,109.2,100.5,0.15,2023,26
27.28,115.5,88.2,72.6,0.057,11.07,110.2,99.2,10.46,2023,333
24.43,116.5,92.1,68.8,0.017,11.91,111.1,99.2,-0.76,2023,251
23.8,111.3,87.5,65.1,-0.063,8.69,109.2,100.5,2.76,2023,2633
23.24,117.7,94.5,64.2,0.021,9.17,110.1,100.9,0.71,2023,2509
23.02,122.3,99.3,70.3,0.08,8.26,110.1,101.9,7.81,2023,2250
22.85,114.6,91.8,69.2,0.082,13.38,111.0,97.6,6.59,2023,2305
22.38,119.1,96.7,68.1,0.009,9.31,109.5,100.2,-1.15,2023,269
21.9,118.2,96.3,72.0,0.027,8.32,107.5,99.2,3.12,2023,12
21.83,115.0,93.2,67.8,-0.068,11.15,111.0,99.8,5.97,2023,156
21.24,112.6,91.4,61.6,0.006,6.45,109.7,103.2,3.94,2023,2608
20.34,110.8,90.4,65.7,0.075,9.58,110.4,100.8,6.8,2023,21
19.95,118.5,98.6,70.5,0.005,10.42,110.3,99.9,3.4,2023,2752
19.68,121.3,101.6,66.5,0.021,12.33,110.4,98.0,1.31,2023,239
19.38,115.1,95.7,67.6,0.056,2.65,106.2,103.6,-2.85,2023,2226
19.35,113.2,93.9,64.9,0.051,7.65,109.7,102.1,1.77,2023,150
18.82,116.9,98.1,68.5,-0.068,12.45,110.5,98.1,2.18,2023,277
18.53,114.6,96.1,71.1,-0.051,7.27,108.2,101.0,5.98,2023,235
18.51,113.5,95.0,70.1,0.035,10.35,109.2,98.8,-3.05,2023,2306
18.05,112.1,94.0,69.6,-0.042,10.29,109.7,99.4,3.24,2023,8
17.99,113.5,95.6,64.2,-0.023,8.94,109.5,100.5,-3.9,2023,120
17.94,119.1,101.2,68.8,0.027,7.3,108.8,101.5,-2.67,2023,2390
17.78,112.1,94.3,69.7,-0.036,10.71,109.7,99.0,-7.52,2023,2628
17.61,114.2,96.6,64.7,0.011,12.57,112.1,99.5,5.45,2023,127
17.4,116.2,98.8,65.8,-0.019,8.52,109.1,100.5,0.53,2023,96
17.39,116.3,98.9,68.6,0.006,6.84,108.4,101.5,2.87,2023,328
17.04,108.1,91.0,64.1,-0.033,12.56,112.1,99.5,-1.36,2023,66
17.03,114.2,97.2,67.8,0.022,10.69,110.5,99.9,-3.56,2023,84
16.77,112.5,95.7,67.6,-0.018,9.68,109.4,99.7,3.38,2023,2
16.71,113.7,97.0,65.9,0.045,7.3,108.3,101.0,-2.99,2023,245
16.37,110.8,94.5,61.5,0.027,5.73,108.4,102.7,1.52,2023,258
16.22,111.1,94.9,69.5,-0.053,8.8,109.1,100.3,-6.42,2023,356
16.04,117.2,101.1,64.3,-0.003,10.08,109.5,99.4,-4.9,2023,213
15.85,110.9,95.1,66.2,0.006,6.85,108.7,101.8,0.93,2023,68
15.59,109.9,94.3,64.4,0.025,9.29,109.3,100.1,-4.28,2023,77
15.39,116.2,100.8,66.7,-0.018,7.6,108.6,101.0,-8.75,2023,2507
15.39,120.0,104.6,69.5,-0.051,9.75,108.8,99.1,-2.45,2023,2294
14.85,112.3,97.5,68.0,0.013,7.6,107.2,99.6,1.15,2023,30
13.55,113.6,100.0,69.0,0.02,5.5,108.5,103.0,-5.02,2023,152
13.49,104.8,91.4,63.6,-0.008,6.98,108.0,101.0,-3.89,2023,344
13.26,109.0,95.8,68.1,0.047,8.4,108.4,100.0,0.78,2023,9
13.07,118.3,105.3,68.7,0.107,7.33,107.7,100.3,-5.09,2023,142
12.86,114.2,101.3,67.3,0.031,5.1,108.2,103.1,-2.73,2023,221
12.84,106.6,93.8,67.9,0.02,0.79,105.0,104.2,-1.77,2023,2670
12.74,111.8,99.1,65.9,0.033,6.98,108.6,101.7,3.34,2023,2440
11.9,108.4,96.5,66.3,0.015,-1.77,103.9,105.7,-2.18,2023,2181
11.85,110.6,98.7,70.8,0.041,-5.28,102.2,107.5,-2.34,2023,232
11.65,113.9,102.2,70.2,0.11,-4.02,103.8,107.8,7.06,2023,198
11.35,110.7,99.4,68.7,0.012,-3.28,102.6,105.9,4.03,2023,314
11.2,107.7,96.5,67.7,0.019,-1.35,106.1,107.4,3.04,2023,2309
8.51,111.4,102.9,68.3,0.06,0.03,104.0,104.0,0.04,2023,309
8.04,109.5,101.5,66.9,0.027,-0.43,104.6,105.0,-4.86,2023,163
8.01,113.5,105.5,68.3,0.035,-3.5,103.9,107.4,-2.32,2023,231
5.88,111.9,106.1,65.0,0.039,1.23,104.8,103.5,-0.46,2023,2253
5.68,110.3,104.6,64.7,0.072,-2.53,102.7,105.2,-3.31,2023,2540
5.49,105.1,99.6,66.3,0.076,-0.89,106.0,106.8,4.17,2023,147
5.33,109.5,104.2,64.4,0.049,-3.01,103.5,106.5,5.54,2023,261
5.24,112.7,107.5,67.5,0.015,-6.95,100.9,107.8,-1.23,2023,2142
4.04,105.9,101.8,68.4,0.131,-1.05,105.2,106.3,4.64,2023,338
1.22,104.0,102.7,68.3,0.18,-4.62,102.7,107.3,-0.7,2023,2427
0.65,102.8,102.2,62.0,0.046,-3.56,104.3,107.9,4.03,2023,94
-0.48,107.1,107.6,69.0,0.031,-8.63,100.9,109.6,1.13,2023,357
-3.38,103.5,106.9,69.0,0.096,-5.6,101.3,106.9,-0.01,2023,47
-7.21,100.5,107.7,72.3,0.015,-7.68,101.2,108.9,0.52,2023,2546
-8.36,106.7,115.1,68.7,0.011,-12.02,97.2,109.2,-7.05,2023,161
-11.16,95.4,106.6,69.1,0.028,-5.47,100.5,106.0,10.37,2023,2640
36.43,127.5,91.1,64.6,0.037,12.42,113.2,100.8,-3.4,2024,41
31.17,118.9,87.7,63.5,0.042,11.57,111.9,100.3,-1.02,2024,248
30.62,125.2,94.6,67.0,0.048,14.65,114.4,99.8,10.58,2024,2509
27.99,120.4,92.4,70.0,-0.08,9.49,111.9,102.4,1.47,2024,2
26.61,116.8,90.2,69.3,-0.026,13.35,114.6,101.2,8.97,2024,2633
26.55,120.2,93.7,72.2,-0.047,11.12,112.2,101.1,10.47,2024,12
26.47,121.6,95.2,66.4,-0.064,10.07,111.1,101.1,-0.04,2024,150
26.47,113.9,87.5,67.2,0.002,10.43,111.3,100.8,-7.05,2024,66
26.19,119.7,93.5,70.6,-0.038,12.17,112.6,100.5,6.99,2024,153
24.53,125.5,101.0,69.8,-0.004,11.92,111.8,99.9,-2.33,2024,356
24.22,120.9,96.7,66.8,-0.018,11.96,112.3,100.4,4.99,2024,156
23.17,122.6,99.4,68.9,-0.051,5.21,109.3,104.1,7.7,2024,2250
23.02,118.2,95.2,69.1,0.035,13.6,113.4,99.8,8.21,2024,269
22.96,126.0,103.0,72.6,-0.001,14.71,115.1,100.4,9.46,2024,333
21.9,122.4,100.5,65.8,-0.016,13.44,112.4,99.0,3.36,2024,239
20.58,114.3,93.7,65.3,-0.1,13.03,114.2,101.1,4.62,2024,127
20.06,119.2,99.2,65.5,-0.036,14.04,113.2,99.2,6.22,2024,275
19.96,119.8,99.9,69.2,-0.048,9.21,110.1,100.9,-5.67,2024,252
19.44,117.7,98.3,66.4,-0.018,12.09,113.5,101.4,4.91,2024,228
19.43,114.5,95.0,62.5,0.008,3.54,108.5,104.9,5.2,2024,2608
19.41,119.0,99.6,69.3,-0.068,11.19,112.5,101.3,1.64,2024,2599
19.36,113.4,94.0,66.2,0.008,11.16,112.8,101.7,10.56,2024,21
19.29,122.2,102.9,72.7,-0.04,8.94,111.4,102.5,-0.17,2024,96
19.03,118.4,99.3,67.6,0.014,9.34,110.9,101.6,-1.47,2024,38
18.77,116.5,97.7,67.4,-0.042,10.91,111.4,100.5,-3.13,2024,251
18.19,120.0,101.8,72.0,-0.021,11.0,112.5,101.5,2.02,2024,57
17.94,113.5,95.6,69.2,0.058,13.61,113.0,99.3,5.2,2024,2305
17.89,117.7,99.8,68.5,-0.1,9.0,110.0,101.0,-1.85,2024,154
17.8,114.4,96.6,72.8,-0.013,7.04,110.2,103.2,-0.5,2024,167
17.55,116.2,98.7,69.0,0.01,9.39,110.9,101.6,-5.41,2024,158
17.32,117.4,100.1,66.8,0.034,10.24,111.1,100.9,-2.63,2024,2641
17.3,117.7,100.4,64.5,0.007,6.88,109.3,102.4,6.97,2024,2168
17.18,116.5,99.3,65.6,0.005,8.43,110.9,102.4,-6.46,2024,221
17.07,113.0,95.9,67.1,-0.037,11.36,112.7,101.3,0.68,2024,344
17.02,117.5,100.5,66.6,-0.033,12.06,112.9,100.9,5.1,2024,245
17.02,114.0,97.0,66.1,-0.026,9.3,111.9,102.6,5.84,2024,36
16.78,111.4,94.6,63.6,-0.093,11.59,112.7,101.1,5.89,2024,222
16.69,119.9,103.2,70.9,0.032,3.07,107.7,104.7,-4.4,2024,282
16.47,112.0,95.5,67.5,-0.073,9.25,110.8,101.5,-4.17,2024,2132
16.41,115.0,98.6,66.8,0.043,5.79,109.7,103.9,-1.43,2024,2440
16.41,115.9,99.5,64.2,0.015,10.71,112.4,101.7,-7.35,2024,77
16.33,113.2,96.9,64.8,0.024,7.91,110.3,102.4,-5.27,2024,265
16.04,114.7,98.7,69.8,-0.049,9.71,110.6,100.9,-8.39,2024,2628
15.97,113.4,97.4,66.6,-0.002,9.55,111.1,101.5,8.08,2024,68
15.9,114.3,98.4,68.0,0.014,11.33,112.2,100.8,-4.99,2024,152
15.77,114.1,98.4,67.1,-0.024,9.96,110.4,100.5,-5.38,2024,201
15.74,117.8,102.1,68.3,-0.015,5.56,109.6,104.1,6.63,2024,2226
15.41,114.6,99.2,70.0,-0.024,10.29,111.7,101.4,5.52,2024,254
15.19,115.2,100.0,66.5,-0.024,9.68,111.6,101.9,-1.94,2024,194
15.03,113.1,98.1,66.8,0.087,10.1,111.8,101.7,-1.47,2024,2550
14.89,116.0,101.1,68.9,0.128,6.83,109.8,103.0,1.78,2024,328
14.84,112.9,98.1,68.5,0.023,0.17,105.2,105.1,-1.67,2024,2253
14.53,115.1,100.5,68.0,0.051,2.95,108.0,105.0,-1.34,2024,2181
14.4,114.9,100.5,63.2,0.144,7.94,110.5,102.6,-5.83,2024,2579
14.19,114.7,100.5,67.3,0.045,9.88,111.3,101.5,-0.11,2024,2483
14.17,113.2,99.0,71.2,-0.06,13.22,113.3,100.1,4.87,2024,2752
14.15,119.6,105.4,71.8,-0.021,11.88,112.6,100.8,-1.15,2024,2294
14.08,115.8,101.7,68.0,-0.041,9.9,110.7,100.8,2.51,2024,259
13.7,109.1,95.4,67.6,0.01,10.26,112.3,102.1,-2.06,2024,2507
12.95,115.3,102.3,71.2,-0.081,9.48,111.0,101.5,5.96,2024,264
12.6,113.2,100.6,68.6,-0.027,11.83,112.5,100.7,2.05,2024,2086
12.51,107.3,94.7,65.5,-0.093,9.81,111.3,101.5,-4.94,2024,120
12.42,113.0,100.6,69.7,0.093,-3.41,104.1,107.5,-6.82,2024,256
12.18,112.1,100.0,66.4,-0.036,4.07,107.7,103.7,2.72,2024,71
12.05,110.5,98.4,67.4,-0.055,0.17,106.7,106.6,-2.51,2024,2539
11.83,107.5,95.6,68.7,-0.072,9.02,110.8,101.8,-5.96,2024,2116
11.8,113.4,101.5,65.9,0.032,-6.38,102.6,109.0,4.47,2024,2377
11.8,105.1,93.3,60.1,0.108,9.07,111.6,102.5,-1.09,2024,258
11.58,116.7,105.1,65.5,0.027,0.54,106.4,105.8,3.14,2024,163
11.52,108.3,96.8,67.7,0.028,11.49,111.8,100.3,0.06,2024,2306
11.44,113.9,102.4,67.0,-0.017,9.16,110.4,101.2,-0.74,2024,103
11.13,111.9,100.8,67.7,-0.09,3.47,108.6,105.2,0.33,2024,2567
10.86,113.0,102.2,65.6,0.022,8.02,110.7,102.7,3.71,2024,2439
10.83,110.3,99.4,61.8,-0.102,5.86,109.8,103.9,4.24,2024,249
10.69,109.2,98.5,65.6,-0.011,5.27,108.7,103.4,0.34,2024,2670
10.59,113.2,102.6,71.6,0.036,5.0,109.2,104.2,5.32,2024,235
10.49,111.5,101.1,69.8,-0.059,9.52,111.1,101.6,-3.95,2024,213
10.39,113.6,103.2,66.6,-0.017,8.35,110.9,102.5,-12.77,2024,135
10.29,110.9,100.6,71.1,0.013,11.13,112.7,101.6,2.89,2024,52
10.26,111.7,101.4,70.8,0.132,11.2,112.4,101.2,3.27,2024,183
10.03,113.6,103.6,72.8,0.11,-2.14,104.5,106.7,-5.47,2024,2535
9.97,109.5,99.6,68.6,-0.049,-0.05,106.0,106.1,5.68,2024,300
9.88,108.4,98.6,67.1,0.019,-1.31,106.4,107.7,0.21,2024,127
9.82,109.4,99.6,69.0,0.034,10.47,112.8,102.4,0.42,2024,61
9.63,110.5,100.8,68.2,-0.042,10.88,111.6,100.7,6.32,2024,30
9.36,113.9,104.5,66.9,0.095,8.78,111.0,102.2,-1.54,2024,344
9.26,111.0,101.7,68.2,0.049,0.97,106.5,105.5,-4.18,2024,58
9.19,107.2,98.0,66.2,0.079,5.68,109.7,104.0,1.51,2024,2184
9.08,107.2,98.1,66.8,0.043,3.37,107.8,104.4,-3.01,2024,257
9.07,110.9,101.8,64.9,0.04,3.07,108.7,105.6,5.01,2024,43
8.74,109.8,101.1,68.5,0.138,11.77,113.0,101.2,-0.89,2024,84
8.58,111.8,103.2,68.3,-0.063,0.59,106.3,105.7,-5.4,2024,113
8.38,105.5,97.1,68.7,0.056,3.03,107.6,104.6,-3.5,2024,2350
8.33,108.8,100.5,65.8,-0.072,-0.24,104.7,104.9,3.95,2024,2348
8.26,110.5,102.2,69.9,-0.019,8.85,111.3,102.4,-1.46,2024,99
8.17,111.2,103.0,68.6,-0.059,9.83,111.2,101.4,-2.64,2024,2390
8.09,109.5,101.5,63.8,-0.033,2.26,107.6,105.4,-3.27,2024,2244
7.96,107.4,99.4,63.1,-0.028,9.05,110.5,101.5,0.68,2024,26
7.69,110.6,102.9,68.5,-0.044,2.59,107.3,104.7,-6.28,2024,2603
7.56,99.4,91.8,67.9,-0.0,11.47,112.7,101.2,-3.0,2024,164
7.52,113.9,106.4,70.3,0.047,-1.68,105.9,107.5,-0.38,2024,232
7.33,111.6,104.3,65.7,-0.019,2.42,106.6,104.2,-4.53,2024,179
7.19,113.4,106.2,71.5,0.024,0.42,106.2,105.7,0.14,2024,172
6.61,106.5,99.9,63.3,0.078,-2.2,104.7,106.9,2.3,2024,261
6.57,110.5,103.9,69.7,-0.052,8.01,110.0,102.0,-1.88,2024,24
6.49,113.7,107.2,67.8,0.102,4.78,108.9,104.2,1.94,2024,5
6.48,105.9,99.4,66.9,-0.07,-0.69,104.7,105.4,-1.34,2024,2547
5.87,110.0,104.1,70.8,0.046,9.6,112.6,103.0,2.08,2024,8
5.7,109.8,104.1,69.2,0.013,2.57,107.7,105.1,3.88,2024,2541
5.68,109.2,103.5,66.9,0.002,-0.72,106.2,106.9,-0.07,2024,2717
5.52,109.2,103.6,66.8,0.036,4.79,108.8,104.0,6.12,2024,2460
5.38,109.5,104.2,71.1,0.018,1.95,106.1,104.2,9.23,2024,250
5.35,108.5,103.1,65.8,-0.038,-0.32,107.6,107.9,5.43,2024,2275
5.33,115.8,110.5,68.8,-0.043,-3.91,104.5,108.4,-4.51,2024,2272
5.31,109.4,104.0,71.3,0.056,2.65,107.9,105.2,1.36,2024,2057
5.15,109.1,104.0,64.3,0.043,-5.27,103.6,108.9,7.73,2024,2413
4.9,108.8,103.9,67.2,-0.07,9.14,110.4,101.2,-5.58,2024,197
4.85,103.3,98.4,64.4,-0.012,9.78,111.4,101.6,-1.04,2024,87
4.73,113.3,108.6,65.4,0.02,-0.48,106.3,106.8,5.67,2024,350
4.65,108.7,104.1,62.5,0.046,2.6,107.8,105.2,2.6,2024,2429
4.64,109.0,104.4,68.6,-0.003,8.94,110.7,101.8,0.57,2024,25
4.58,106.8,102.2,66.0,0.008,-1.43,105.7,107.2,6.16,2024,2006
4.45,109.4,105.0,67.6,0.072,11.25,111.4,100.2,4.66,2024,59
4.44,109.3,104.8,64.5,-0.018,0.57,106.6,106.0,-7.08,2024,79
4.28,105.7,101.4,65.7,-0.08,4.21,107.8,103.6,0.94,2024,2166
4.17,108.3,104.1,64.6,-0.035,-2.03,105.5,107.5,0.36,2024,2182
3.92,104.0,100.1,69.2,0.064,10.51,111.6,101.1,6.0,2024,12
3.9,110.6,106.7,67.5,-0.083,14.0,114.2,100.2,7.59,2024,130
3.75,109.3,105.5,67.0,0.124,0.1,104.6,104.5,5.08,2024,2627
3.74,111.8,108.1,65.6,-0.026,-2.46,104.0,106.4,-0.76,2024,28
3.73,109.3,105.6,66.5,0.077,-0.08,107.6,107.7,9.87,2024,2473
3.65,107.2,103.5,69.8,-0.052,-1.87,105.2,107.1,0.83,2024,2653
3.4,113.4,110.0,68.1,-0.022,0.2,106.7,106.5,2.25,2024,2032
3.02,108.3,105.3,69.0,-0.022,-4.17,105.2,109.4,1.16,2024,2754
2.9,105.4,102.5,75.3,-0.036,-2.07,104.0,106.1,-3.0,2024,98
2.73,110.8,108.0,72.8,-0.086,3.4,108.0,104.6,-3.43,2024,2655
2.73,109.2,106.5,64.7,-0.052,0.05,104.3,104.3,3.12,2024,2335
2.69,108.8,106.1,68.0,-0.013,-2.05,105.7,107.7,2.76,2024,2571
2.55,112.7,110.1,69.4,0.004,-1.59,105.2,106.8,4.95,2024,2649
2.52,110.4,107.9,67.1,0.027,-2.08,105.2,107.3,-4.36,2024,236
2.37,109.9,107.6,68.9,-0.068,0.78,107.4,106.6,2.08,2024,231
2.27,106.0,103.7,67.6,0.066,-0.2,104.2,104.4,2.82,2024,2534
2.13,109.1,106.9,67.5,-0.096,-4.58,103.8,108.4,-2.84,2024,195
1.94,108.3,106.4,68.5,-0.009,11.87,111.7,99.8,2.81,2024,277
1.79,108.4,106.6,66.7,-0.137,9.94,112.5,102.5,-1.29,2024,142
1.77,103.5,101.7,62.3,0.012,-1.19,106.5,107.7,1.53,2024,119
1.74,109.2,107.5,64.9,0.07,-0.73,106.1,106.8,-0.5,2024,2430
1.71,107.6,105.9,63.1,-0.087,-5.02,104.6,109.6,-3.85,2024,2900
1.61,104.5,102.9,67.9,0.022,2.36,107.3,104.9,-3.32,2024,2623
1.5,104.8,103.3,66.4,0.068,-6.51,102.3,108.8,6.36,2024,2142
1.4,105.9,104.5,68.8,-0.017,-0.76,106.4,107.2,1.74,2024,309
1.35,112.0,110.7,70.6,0.072,-1.71,105.8,107.5,8.94,2024,331
1.31,106.2,104.9,70.2,-0.004,-4.27,102.1,106.3,-3.13,2024,2349
1.12,104.7,103.6,68.1,-0.037,3.51,108.9,105.4,1.48,2024,2724
1.03,107.0,105.9,65.3,0.044,9.3,110.7,101.4,0.5,2024,204
0.92,108.6,107.7,65.7,-0.014,-2.76,104.9,107.7,4.0,2024,2692
0.83,104.9,104.1,70.9,-0.039,-5.31,104.4,109.7,-9.05,2024,2870
0.8,116.1,115.3,71.6,-0.058,-2.58,104.9,107.5,4.09,2024,2750
0.79,108.7,107.9,67.2,0.038,6.42,110.2,103.8,2.47,2024,2751
0.52,107.4,106.9,64.5,-0.113,3.01,107.3,104.3,-0.21,2024,93
0.35,105.5,105.2,66.9,-0.005,-3.4,104.7,108.1,-6.8,2024,2344
-0.1,100.2,100.3,67.7,0.0,1.87,106.4,104.5,7.07,2024,3084
-0.17,110.6,110.8,66.3,0.076,-3.65,104.9,108.5,1.7,2024,149
-0.21,107.4,107.6,68.2,0.083,-1.27,106.3,107.5,3.33,2024,2427
-0.25,107.3,107.5,71.5,0.053,-0.3,105.2,105.5,1.29,2024,299
-0.39,112.0,112.4,69.1,0.01,-3.96,105.3,109.2,2.21,2024,288
-0.59,104.8,105.3,66.2,-0.008,-3.21,103.8,107.0,-5.31,2024,62
-0.63,106.3,106.9,67.6,0.054,-1.32,105.4,106.7,1.1,2024,2619
-0.63,105.0,105.6,67.5,-0.014,-3.07,105.1,108.2,-0.75,2024,48
-0.65,102.0,102.6,69.3,0.008,-0.26,105.1,105.4,-1.02,2024,2617
-0.81,106.1,107.0,66.6,-0.083,-2.12,105.0,107.1,3.45,2024,2309
-0.85,105.2,106.0,71.4,0.06,-7.03,101.0,108.0,-7.27,2024,2514
-0.91,101.1,102.0,74.2,0.066,-1.6,104.2,105.8,3.72,2024,2803
-0.97,103.4,104.4,67.1,0.028,-0.06,106.3,106.4,0.97,2024,2193
-0.98,108.4,109.4,68.6,0.033,-5.23,101.8,107.0,-2.59,2024,2217
-1.11,107.0,108.1,67.0,-0.057,-1.9,105.9,107.8,1.19,2024,2737
-1.12,102.3,103.4,67.2,0.035,-2.64,105.0,107.6,-4.2,2024,302
-1.15,98.4,99.5,69.8,-0.009,-0.57,105.2,105.8,-0.78,2024,2638
-1.86,102.7,104.6,63.8,0.021,1.13,107.3,106.2,-4.0,2024,2287
-1.93,100.7,102.6,66.5,0.037,1.38,107.0,105.6,7.12,2024,326
-2.21,102.6,104.8,66.9,0.033,2.26,108.2,106.0,-1.69,2024,218
-2.25,100.4,102.7,68.9,-0.006,-7.55,101.7,109.3,1.51,2024,357
-2.26,105.2,107.4,65.7,0.023,10.3,112.2,101.9,-1.41,2024,238
-2.27,103.0,105.3,70.6,0.001,-1.13,105.9,107.0,-10.43,2024,202
-2.31,105.9,108.2,69.9,-0.036,9.33,111.4,102.1,-4.31,2024,97
-2.33,103.3,105.6,68.2,0.018,-2.23,106.1,108.3,4.23,2024,94
-2.37,108.4,110.7,64.7,-0.112,-0.08,106.5,106.6,-1.87,2024,2351
-2.41,101.2,103.6,68.8,-0.027,1.7,106.9,105.2,-5.96,2024,2230
-2.45,104.8,107.2,65.0,-0.002,1.08,107.0,105.9,-6.5,2024,151
-2.47,103.2,105.7,63.7,-0.045,-1.4,103.9,105.3,-6.14,2024,2856
-2.47,104.3,106.7,67.3,-0.01,0.93,106.5,105.6,0.09,2024,225
-2.5,110.6,113.1,66.7,-0.021,9.93,110.5,100.5,-7.21,2024,46
-2.57,107.5,110.1,65.6,0.06,1.16,107.3,106.1,3.75,2024,2747
-2.62,106.7,109.3,68.9,-0.014,-8.87,100.9,109.8,-6.29,2024,2031
-2.74,106.1,108.8,66.7,0.045,1.15,106.8,105.6,-7.42,2024,2325
-2.76,100.9,103.6,68.3,-0.064,2.55,107.4,104.8,-3.02,2024,82
-2.78,106.1,108.9,67.5,0.033,-3.43,105.2,108.6,-1.07,2024,325
-2.82,105.7,108.6,67.9,0.058,-1.59,105.8,107.4,1.67,2024,2405
-2.83,111.5,114.4,69.5,0.061,5.59,108.3,102.7,3.08,2024,139
-2.94,102.0,105.0,64.8,-0.109,-1.95,104.3,106.3,-2.65,2024,55
-3.03,98.4,101.4,64.1,0.041,-3.95,102.8,106.8,0.54,2024,2612
-3.25,107.6,110.8,70.0,0.011,-4.41,104.6,109.0,-2.54,2024,2458
-3.41,107.3,110.7,69.8,-0.011,0.18,105.6,105.4,-10.51,2024,45
-3.59,102.3,105.9,69.5,0.078,0.69,107.4,106.7,7.03,2024,2241
-3.63,106.2,109.8,67.4,-0.014,-2.82,103.6,106.4,-4.59,2024,2540
-3.85,106.7,110.5,68.8,-0.001,3.49,107.8,104.3,0.62,2024,227
-3.86,101.8,105.6,68.6,0.05,0.5,104.8,104.3,0.49,2024,2000
-3.92,102.1,106.1,68.6,0.071,2.14,106.9,104.8,-6.06,2024,339
-3.94,104.4,108.4,66.2,0.035,-0.68,106.5,107.2,-2.4,2024,2382
-3.97,104.3,108.3,68.3,-0.03,-7.84,101.8,109.7,-3.27,2024,2320
-4.02,107.0,111.0,68.9,0.016,-4.03,105.9,109.9,3.14,2024,2198
-4.03,96.8,100.9,67.4,0.018,-8.67,100.4,109.0,3.91,2024,2771
-4.08,109.3,113.3,65.5,-0.071,1.27,106.9,105.6,2.36,2024,213
-4.1,101.3,105.3,66.7,-0.029,-3.63,105.3,108.9,0.07,2024,2378
-4.15,97.0,101.1,64.8,0.001,-6.98,101.1,108.1,-7.76,2024,2368
-4.2,106.6,110.8,73.0,0.066,-6.29,101.9,108.2,3.03,2024,2634
-4.21,104.7,108.9,67.1,0.021,-0.57,105.2,105.7,3.72,2024,27
-4.31,105.7,110.0,68.0,-0.019,-1.05,105.6,106.6,0.23,2024,2247
-4.41,104.3,108.7,66.3,0.087,-7.45,100.5,108.0,2.15,2024,2450
-4.51,109.8,114.3,66.5,0.145,-2.86,105.7,108.6,4.58,2024,56
-4.55,104.4,109.0,68.3,0.043,-2.53,104.8,107.4,-5.26,2024,6
-4.6,108.0,112.6,70.2,0.067,-3.24,105.2,108.4,1.23,2024,270
-4.65,103.5,108.2,69.0,-0.009,-3.58,105.1,108.7,0.08,2024,147
-4.66,106.1,110.8,67.4,-0.087,0.57,106.8,106.2,0.57,2024,2492
-4.68,102.8,107.5,68.1,-0.018,-2.48,103.4,105.8,8.98,2024,2520
-4.86,103.5,108.4,67.1,-0.045,-5.11,102.7,107.9,-0.52,2024,314
-4.94,107.4,112.4,63.6,0.018,-1.72,105.6,107.3,0.14,2024,2515
-4.95,102.0,106.9,67.5,0.075,-0.53,107.0,107.5,-2.08,2024,108
-5.09,106.6,111.7,65.9,-0.059,2.6,107.7,105.1,-0.51,2024,242
-5.1,104.0,109.0,63.7,0.07,-3.05,105.3,108.4,1.99,2024,2253
-5.23,97.3,102.5,65.5,0.003,-2.74,104.2,106.9,-1.33,2024,311
-5.39,106.7,112.1,68.6,-0.036,-2.61,104.2,106.8,-7.48,2024,171
-5.41,100.1,105.5,72.7,0.051,-3.37,103.8,107.2,-7.46,2024,2463
-5.43,104.5,109.9,66.3,0.101,-3.56,103.8,107.4,9.64,2024,2447
-5.45,100.1,105.5,66.5,0.019,0.09,105.7,105.6,5.3,2024,2239
-5.48,105.4,110.9,66.8,0.025,-5.57,104.7,110.3,-5.85,2024,155
-5.53,103.5,109.0,65.6,0.002,5.22,109.4,104.1,-4.05,2024,278
-5.55,101.4,106.9,70.5,-0.013,-0.24,106.6,106.8,1.92,2024,276
-5.57,102.4,107.9,67.8,0.048,-5.56,103.0,108.6,-5.5,2024,189
-5.61,107.1,112.7,67.2,-0.007,-3.61,105.9,109.5,1.05,2024,2454
-5.63,103.3,109.0,63.9,-0.054,-2.49,106.8,109.3,4.75,2024,526
-5.73,106.0,111.8,69.6,-0.076,0.89,104.9,104.0,2.06,2024,253
-5.77,101.3,107.1,68.1,0.055,-0.88,105.6,106.5,1.18,2024,2572
-5.82,105.3,111.1,73.1,-0.079,-3.32,102.9,106.2,-3.25,2024,2739
-5.92,108.2,114.1,64.8,0.052,-3.32,105.6,109.0,4.29,2024,2046
-5.95,100.0,106.0,71.5,0.077,-2.48,104.1,106.6,0.24,2024,160
-6.05,101.1,107.2,64.9,-0.035,-1.31,105.5,106.8,0.4,2024,2934
-6.18,105.8,112.0,65.8,-0.038,5.08,109.4,104.3,-4.1,2024,2603
-6.25,102.5,108.7,69.2,-0.118,-6.42,101.3,107.7,-5.44,2024,116
-6.29,105.3,111.6,65.8,-0.018,-1.28,105.6,106.9,1.05,2024,111
-6.32,99.6,105.9,69.4,0.033,-3.5,105.3,108.8,-0.81,2024,2502
-6.41,105.7,112.1,67.9,0.009,-3.28,105.8,109.1,1.97,2024,2453
-6.62,105.0,111.6,66.7,-0.004,-8.18,100.0,108.2,0.27,2024,2428
-6.73,107.0,113.7,70.6,-0.001,-0.01,105.8,105.9,-7.12,2024,2636
-6.92,103.1,110.0,65.6,-0.111,-0.15,106.5,106.6,-0.34,2024,2643
-6.98,100.6,107.6,71.2,0.147,-0.25,107.2,107.4,-4.26,2024,301
-6.98,99.8,106.7,67.5,-0.016,-3.2,104.1,107.3,0.78,2024,193
-7.07,103.4,110.5,64.1,-0.054,-3.78,105.1,108.9,-1.14,2024,304
-7.09,100.1,107.2,64.8,0.139,-4.42,101.9,106.3,15.0,2024,2755
-7.17,103.9,111.1,67.4,-0.056,-4.17,105.4,109.6,-1.88,2024,158
-7.33,97.2,104.6,67.5,0.068,-5.52,101.8,107.3,14.75,2024,2582
-7.41,101.0,108.4,67.0,0.049,-10.13,99.4,109.5,-1.48,2024,2115
-7.43,99.5,106.9,70.1,-0.073,-6.16,101.6,107.8,7.42,2024,2329
-7.43,105.9,113.4,61.9,-0.046,2.83,108.0,105.1,-9.84,2024,2005
-7.57,105.3,112.9,74.1,0.019,-4.23,105.7,109.9,-0.49,2024,338
-7.85,103.0,110.8,67.0,-0.025,-6.34,102.7,109.0,-5.61,2024,2050
-7.85,98.9,106.7,68.1,0.019,-6.45,101.9,108.4,11.69,2024,2640
-7.96,107.8,115.8,70.5,0.018,-3.6,105.2,108.8,-1.61,2024,2172
-7.98,104.0,112.0,72.8,0.037,-1.57,107.1,108.6,5.26,2024,2184
-8.03,97.9,105.9,64.8,0.121,-7.26,102.1,109.4,1.41,2024,2710
-8.04,103.1,111.2,67.5,-0.031,-4.29,104.3,108.6,-7.22,2024,2506
-8.15,103.3,111.4,67.4,0.021,-6.28,101.1,107.3,-3.99,2024,315
-8.28,101.1,109.3,65.6,0.043,-3.86,106.3,110.2,0.17,2024,294
-8.34,105.0,113.4,73.2,-0.079,-4.85,101.9,106.8,-7.12,2024,2378
-8.38,105.6,113.9,67.8,0.011,-7.02,100.6,107.6,-0.13,2024,47
-8.46,100.2,108.7,64.9,-0.023,-5.98,102.0,108.0,1.92,2024,2083
-8.46,96.6,105.0,65.1,0.148,-3.62,104.2,107.8,3.06,2024,2117
-8.54,100.1,108.7,66.9,0.026,-3.1,103.8,106.9,5.19,2024,2099
-8.54,104.0,112.5,65.7,0.076,-1.73,106.9,108.6,2.72,2024,2449
-8.63,104.8,113.4,69.0,-0.048,-1.08,105.4,106.4,-0.88,2024,290
-8.81,99.9,108.7,70.4,0.042,0.67,105.3,104.6,0.5,2024,3101
-8.82,98.1,106.9,65.6,0.072,0.41,105.2,104.8,0.31,2024,2393
-8.86,103.4,112.2,67.7,-0.0,-1.04,106.7,107.7,6.91,2024,198
-8.98,102.5,111.5,66.3,0.07,-3.78,102.8,106.5,-4.03,2024,2066
-9.1,101.6,110.7,70.3,-0.01,-1.27,104.2,105.5,-3.01,2024,2229
-9.69,101.3,111.0,67.2,0.015,-6.87,102.0,108.8,0.9,2024,2565
-9.89,99.0,108.9,70.1,-0.086,-0.18,106.3,106.5,1.58,2024,295
-9.95,100.0,110.0,67.2,0.02,-0.73,106.7,107.5,2.72,2024,152
-9.98,95.8,105.8,68.9,-0.01,-6.61,102.0,108.6,-0.79,2024,2169
-9.98,99.4,109.3,66.3,0.065,2.53,106.2,103.6,6.67,2024,166
-10.0,98.9,108.9,68.5,0.036,-6.95,102.2,109.2,1.2,2024,2634
-10.0,96.4,106.4,61.6,0.043,-7.47,100.8,108.3,-1.22,2024,2681
-10.09,102.1,112.2,69.3,-0.028,-9.83,99.6,109.5,-4.24,2024,2529
-10.15,106.5,116.6,66.5,0.054,-3.48,103.0,106.5,15.12,2024,2016
-10.15,100.3,110.4,64.6,0.05,-1.08,105.4,106.5,-1.34,2024,2130
-10.4,103.5,113.9,62.9,-0.006,-9.6,99.8,109.4,-5.01,2024,44
-10.47,98.3,108.7,65.9,0.008,-8.43,99.8,108.2,-2.43,2024,104
-10.64,100.1,110.7,67.3,0.027,-0.61,105.0,105.7,1.58,2024,2348
-10.66,103.5,114.1,67.6,0.052,2.14,107.8,105.7,0.05,2024,2501
-10.73,100.3,111.0,68.0,-0.016,2.66,107.3,104.7,-4.5,2024,2674
-10.79,99.1,109.9,68.7,0.033,-4.71,102.8,107.5,3.97,2024,2569
-10.94,100.1,111.1,67.4,-0.055,-8.72,99.9,108.6,-0.97,2024,2330
-10.98,97.9,108.9,69.9,0.06,-7.77,100.3,108.0,0.23,2024,2065
-11.06,101.6,112.6,67.6,-0.022,13.04,113.2,100.2,1.61,2024,305
-11.42,100.0,111.4,68.6,0.022,-3.3,103.9,107.2,0.99,2024,2711
-11.52,98.7,110.3,64.9,0.041,-5.23,103.1,108.3,6.82,2024,88
-11.55,101.8,113.4,67.1,-0.097,-2.79,105.6,108.4,-0.79,2024,2523
-11.61,102.2,113.8,68.1,0.041,-0.15,106.5,106.6,7.34,2024,2459
-11.66,100.6,112.3,68.5,0.095,-6.07,102.4,108.5,7.3,2024,2296
-12.29,93.1,105.3,67.2,-0.009,-5.62,102.0,107.7,11.92,2024,2011
-12.32,100.7,113.0,66.7,0.03,-5.11,104.2,109.3,-6.85,2024,2097
-12.41,99.1,111.5,68.3,0.095,-2.83,105.2,108.0,0.19,2024,2464
-12.8,99.5,112.3,69.6,0.003,-2.43,105.1,107.5,-5.33,2024,324
-13.0,98.2,111.2,64.0,-0.004,-2.15,106.0,108.1,2.62,2024,16
-13.03,95.5,108.5,67.0,0.044,0.48,107.3,106.8,6.55,2024,2127
-13.11,100.3,113.4,64.9,-0.058,-0.26,108.2,108.4,8.48,2024,91
-13.31,101.8,115.1,67.5,0.05,-4.6,104.8,109.4,-2.32,2024,2210
-13.48,93.6,107.1,65.4,-0.028,-5.76,102.7,108.4,3.05,2024,322
-13.56,100.7,114.3,65.9,-0.062,-4.65,104.2,108.9,-5.78,2024,2729
-13.78,96.1,109.9,66.8,0.008,-6.44,101.6,108.0,3.92,2024,2197
-13.99,98.3,112.3,65.0,-0.019,-3.95,104.8,108.7,-2.31,2024,70
-14.01,103.1,117.1,68.8,0.01,-4.49,104.5,109.0,-4.49,2024,233
-14.3,96.8,111.1,65.6,-0.02,-9.9,99.6,109.5,-5.76,2024,2426
-14.36,94.2,108.6,70.6,0.028,-5.91,102.6,108.5,4.77,2024,2010
-14.89,97.7,112.5,67.5,-0.093,-5.47,103.1,108.6,2.72,2024,2466
-15.12,96.9,112.1,65.4,0.09,-5.21,103.5,108.7,-3.65,2024,2199
-15.31,98.0,113.3,72.2,0.086,-9.09,100.3,109.4,-4.66,2024,161
-15.87,96.0,111.9,69.1,-0.082,-5.26,102.8,108.1,5.66,2024,88
-16.03,95.6,111.6,71.3,-0.001,1.01,105.6,104.6,0.14,2024,292
-16.52,94.7,111.2,70.8,0.013,-5.0,102.8,107.8,8.61,2024,2504
-16.69,102.2,118.9,71.9,0.044,-7.53,101.0,108.5,10.56,2024,2029
-16.76,96.3,113.1,65.7,-0.039,-5.13,103.2,108.3,2.62,2024,2635
-16.76,94.7,111.5,66.3,0.067,-4.22,104.4,108.7,10.0,2024,2837
-16.8,97.4,114.2,70.9,0.009,-5.22,102.9,108.1,3.06,2024,2415
-17.03,97.5,114.5,66.3,0.026,-2.75,103.4,106.1,-2.32,2024,2885
-17.06,93.2,110.3,65.2,0.004,0.8,107.5,106.7,-0.86,2024,159
-17.47,95.2,112.6,68.1,-0.016,-3.6,102.7,106.3,3.08,2024,2363
-17.66,93.3,111.0,68.4,-0.04,-3.23,103.4,106.6,18.88,2024,50
-17.84,94.5,112.4,65.9,-0.009,-1.06,105.6,106.7,-1.55,2024,13
-17.97,97.2,115.2,69.3,0.022,-4.82,105.1,109.9,-3.68,2024,2110
-18.04,94.5,112.6,69.8,-0.0,-4.09,105.0,109.1,-3.53,2024,2261
-18.33,97.8,116.2,71.6,-0.034,-4.24,103.5,107.7,7.28,2024,2443
-18.87,93.3,112.2,70.4,-0.001,-5.93,101.5,107.4,1.82,2024,99
-19.0,90.9,109.9,63.1,-0.052,-9.3,100.5,109.8,-5.48,2024,349
-19.04,96.5,115.5,70.0,-0.009,-6.84,102.2,109.0,-3.16,2024,2916
-19.43,96.0,115.4,67.8,0.045,-2.33,105.0,107.4,1.37,2024,2448
-19.69,89.8,109.5,67.2,0.003,-4.57,102.9,107.5,5.26,2024,2379
-19.7,95.4,115.1,69.2,-0.017,-2.32,105.1,107.4,0.9,2024,2084
-19.72,100.7,120.4,65.9,0.017,-7.78,100.6,108.4,-3.54,2024,107
-20.27,93.3,113.6,65.8,-0.008,-6.52,102.1,108.6,0.56,2024,2352
-20.52,96.9,117.5,66.9,-0.068,-0.36,107.2,107.6,5.91,2024,2174
-21.33,91.3,112.7,69.2,0.016,-5.39,102.5,107.9,2.97,2024,2546
-22.07,89.2,111.2,74.7,-0.06,0.04,107.2,107.2,-3.14,2024,2678
-22.26,94.4,116.7,65.5,0.021,-7.46,100.9,108.4,-0.45,2024,2598
-22.42,96.6,119.0,71.5,-0.005,-3.11,104.6,107.7,11.7,2024,2277
-22.52,91.7,114.2,67.2,0.024,-7.21,101.5,108.7,-1.84,2024,2815
-22.83,90.5,113.4,66.1,-0.011,-3.83,103.5,107.3,-0.56,2024,2561
-22.84,95.3,118.1,68.4,-0.014,-0.13,106.2,106.4,-5.22,2024,279
-22.93,91.9,114.8,67.7,-0.078,-5.1,102.1,107.2,4.1,2024,284
-25.61,92.3,117.9,67.5,-0.019,-3.06,106.1,109.2,-4.33,2024,82
-25.73,85.7,111.4,66.2,-0.057,-5.12,102.9,108.0,0.66,2024,2154
-30.83,85.5,116.3,64.7,-0.06,-2.12,104.4,106.5,15.26,2024,2400
