Years,Wins,Qual,SOS,TApp,Year,id
25.0,857.0,8.234,2.32,21.0,2011,41
4.0,117.0,12.242,3.702,3.0,2011,2086
2.0,509.0,14.973,5.159,12.0,2011,96
2.0,55.0,9.395,2.21,0.0,2011,2670
31.0,900.0,17.707,7.438,26.0,2011,150
8.0,444.0,14.263,5.177,12.0,2011,2305
7.0,292.0,16.244,6.512,8.0,2011,194
8.0,216.0,17.255,7.431,7.0,2011,221
1.0,189.0,5.044,0.147,3.0,2011,228
5.0,222.0,10.659,6.685,4.0,2011,5
5.0,78.0,-7.854,-4.312,0.0,2011,2636
6.0,97.0,-12.087,-11.058,1.0,2011,2011
14.0,442.0,2.566,-0.121,4.0,2011,2244
10.0,346.0,7.436,2.82,8.0,2011,222
4.0,619.0,14.653,4.748,18.0,2011,277
4.0,66.0,-3.888,-4.72,0.0,2011,163
2.0,50.0,14.055,5.175,1.0,2011,2752
3.0,83.0,9.315,4.748,2.0,2011,269
35.0,856.0,15.364,6.603,27.0,2011,183
1.0,20.0,3.41,2.9,0.0,2011,282
9.0,288.0,10.109,5.919,6.0,2011,264
2.0,158.0,7.993,3.119,3.0,2011,61
8.0,643.0,21.853,9.277,20.0,2011,153
9.0,125.0,-9.658,-7.528,0.0,2011,112358
15.0,245.0,-9.344,-4.148,1.0,2011,2427
8.0,132.0,-4.29,-3.12,0.0,2011,2031
10.0,356.0,3.75,-1.31,5.0,2011,295
4.0,95.0,15.61,7.93,2.0,2011,2306
13.0,542.0,5.192,0.047,8.0,2011,328
10.0,272.0,14.114,6.925,9.0,2011,275
12.0,220.0,-2.064,-4.193,3.0,2011,2057
1.0,166.0,13.74,10.375,6.0,2011,2599
12.0,316.0,14.212,3.293,11.0,2011,2250
6.0,159.0,13.83,3.563,4.0,2011,252
9.0,137.0,-5.016,-2.627,1.0,2011,2747
8.0,355.0,8.847,4.082,8.0,2011,26
16.0,383.0,16.598,9.019,13.0,2011,127
15.0,395.0,14.769,5.439,10.0,2011,57
13.0,217.0,-0.004,-1.233,2.0,2011,2540
2.0,206.0,7.936,6.466,3.0,2011,30
2.0,42.0,-0.955,-3.54,0.0,2011,104
7.0,479.0,9.564,6.401,12.0,2011,2439
8.0,296.0,12.433,6.222,7.0,2011,356
12.0,359.0,9.789,5.838,6.0,2011,238
6.0,130.0,2.864,2.077,1.0,2011,257
10.0,599.0,14.705,5.458,15.0,2011,97
5.0,96.0,-3.642,-4.726,1.0,2011,2413
7.0,228.0,9.801,4.626,6.0,2011,46
6.0,163.0,13.169,6.959,5.0,2011,2509
5.0,58.0,-7.026,-3.802,0.0,2011,2612
4.0,250.0,5.566,2.621,4.0,2011,245
9.0,376.0,8.638,7.107,5.0,2011,52
11.0,337.0,9.758,3.216,8.0,2011,87
7.0,182.0,2.41,-0.572,1.0,2011,2006
2.0,38.0,-5.975,-8.565,0.0,2011,2261
4.0,360.0,6.057,3.245,5.0,2011,130
6.0,231.0,11.772,5.328,7.0,2011,2633
2.0,166.0,12.484,4.784,4.0,2011,12
2.0,49.0,9.325,3.395,0.0,2011,235
13.0,524.0,15.114,7.618,18.0,2011,251
12.0,206.0,-1.336,-1.401,2.0,2011,2473
5.0,156.0,6.695,3.134,2.0,2011,2132
5.0,200.0,12.628,5.259,5.0,2011,142
3.0,46.0,-5.713,-4.943,0.0,2011,2083
5.0,420.0,4.035,-1.691,12.0,2011,218
8.0,219.0,-0.774,1.252,1.0,2011,213
12.0,416.0,10.947,7.095,10.0,2011,21
1.0,21.0,1.39,-2.24,0.0,2011,2458
3.0,547.0,15.461,5.297,13.0,2012,96
9.0,476.0,14.656,5.427,13.0,2012,2305
11.0,629.0,14.76,5.59,16.0,2012,97
8.0,323.0,16.886,6.725,9.0,2012,194
17.0,412.0,16.875,9.066,14.0,2012,127
9.0,675.0,21.831,9.185,21.0,2012,153
36.0,890.0,15.524,6.642,28.0,2012,183
16.0,269.0,-8.692,-4.073,2.0,2012,2427
5.0,117.0,15.382,7.85,3.0,2012,2306
8.0,402.0,4.024,1.653,3.0,2012,2572
13.0,384.0,10.101,5.954,7.0,2012,238
5.0,268.0,5.419,3.501,2.0,2012,108
11.0,298.0,14.493,7.026,10.0,2012,275
6.0,116.0,-0.307,-3.212,1.0,2012,149
6.0,182.0,7.388,3.483,3.0,2012,2132
14.0,544.0,15.07,7.638,19.0,2012,251
10.0,401.0,8.883,7.128,6.0,2012,52
5.0,156.0,-5.228,-3.649,0.0,2012,179
13.0,342.0,14.185,3.29,12.0,2012,2250
5.0,638.0,14.559,4.851,19.0,2012,277
8.0,122.0,-4.82,-3.38,0.0,2012,2352
5.0,185.0,8.726,6.783,3.0,2012,58
4.0,634.0,11.587,5.235,14.0,2012,25
1.0,24.0,0.98,-5.19,0.0,2012,261
1.0,73.0,5.358,5.308,0.0,2012,2320
2.0,201.0,5.627,4.366,3.0,2012,156
3.0,139.0,9.928,2.593,2.0,2012,333
6.0,444.0,4.313,-1.403,13.0,2012,218
5.0,384.0,6.414,3.532,6.0,2012,130
4.0,85.0,2.69,-0.568,1.0,2012,195
13.0,442.0,10.86,6.945,11.0,2012,21
1.0,302.0,9.335,4.544,7.0,2012,152
8.0,252.0,10.385,4.882,7.0,2012,46
13.0,247.0,-0.997,-3.965,4.0,2012,2057
11.0,235.0,7.26,1.435,3.0,2012,2608
7.0,185.0,13.258,7.095,6.0,2012,2509
4.0,236.0,1.587,2.011,2.0,2012,2174
4.0,67.0,-0.115,-1.513,1.0,2012,98
4.0,50.0,-15.028,-8.058,0.0,2012,2400
2.0,39.0,11.09,5.935,0.0,2012,66
26.0,877.0,8.335,2.464,22.0,2012,41
5.0,303.0,1.791,-3.563,7.0,2012,2724
3.0,84.0,9.193,1.683,1.0,2012,2670
4.0,245.0,10.075,7.025,5.0,2012,84
5.0,102.0,4.116,0.674,1.0,2012,166
1.0,26.0,13.55,4.37,0.0,2012,2439
2.0,100.0,1.96,-0.254,0.0,2012,38
9.0,177.0,7.454,5.823,2.0,2012,239
4.0,73.0,-0.36,-3.102,0.0,2012,2571
12.0,359.0,9.841,3.407,9.0,2012,87
3.0,73.0,12.567,5.523,2.0,2012,2752
32.0,927.0,17.689,7.464,27.0,2012,150
5.0,94.0,-3.836,-6.544,1.0,2012,2329
2.0,50.0,7.685,-2.04,0.0,2012,314
7.0,185.0,13.461,3.276,5.0,2012,252
10.0,150.0,-8.826,-7.285,1.0,2012,112358
3.0,75.0,11.837,4.017,1.0,2012,235
5.0,517.0,9.52,3.563,12.0,2012,139
5.0,356.0,10.997,5.682,5.0,2012,167
5.0,255.0,5.759,4.361,2.0,2012,299
23.0,426.0,-0.69,-3.013,5.0,2012,2166
1.0,31.0,8.74,-2.6,0.0,2012,93
5.0,71.0,1.434,4.156,0.0,2012,36
4.0,110.0,10.836,5.298,3.0,2012,269
16.0,421.0,14.962,5.544,11.0,2012,57
3.0,122.0,11.382,6.26,2.0,2012,258
1.0,159.0,11.317,7.15,1.0,2012,142
5.0,78.0,-10.946,-8.144,0.0,2012,2450
12.0,664.0,15.12,5.717,17.0,2013,97
6.0,415.0,7.122,3.842,7.0,2013,130
37.0,920.0,15.653,6.694,29.0,2013,183
6.0,333.0,2.65,-2.919,8.0,2013,2724
14.0,374.0,14.631,3.351,13.0,2013,2250
5.0,274.0,11.136,7.123,6.0,2013,84
10.0,507.0,14.963,5.533,14.0,2013,2305
1.0,20.0,-3.19,-5.78,0.0,2013,112358
5.0,161.0,-1.616,-2.386,0.0,2013,256
2.0,326.0,9.648,4.709,8.0,2013,152
7.0,468.0,4.531,-1.127,14.0,2013,218
2.0,51.0,13.18,4.985,1.0,2013,2439
5.0,655.0,11.555,5.315,15.0,2013,25
7.0,141.0,-0.433,-3.366,2.0,2013,149
6.0,166.0,10.473,3.673,4.0,2013,2086
5.0,99.0,-1.322,-3.972,1.0,2013,2083
5.0,136.0,11.372,5.847,4.0,2013,269
24.0,452.0,-0.357,-3.031,6.0,2013,2166
1.0,108.0,4.788,1.554,2.0,2013,356
3.0,121.0,3.618,1.107,1.0,2013,38
2.0,491.0,3.403,0.408,5.0,2013,2390
25.0,436.0,1.794,-0.266,4.0,2013,279
1.0,363.0,-9.834,-8.761,5.0,2013,2448
4.0,166.0,-1.022,0.461,1.0,2013,2335
12.0,263.0,7.86,1.587,4.0,2013,2608
11.0,279.0,0.86,-1.29,2.0,2013,2393
1.0,428.0,4.459,1.844,4.0,2013,36
2.0,182.0,11.773,7.023,2.0,2013,142
5.0,227.0,2.526,1.85,3.0,2013,197
3.0,483.0,7.917,3.947,8.0,2013,2483
1.0,381.0,-1.352,-0.979,4.0,2013,139
6.0,126.0,4.278,0.675,2.0,2013,166
4.0,106.0,11.948,3.695,2.0,2013,235
18.0,439.0,16.973,9.149,15.0,2013,127
2.0,48.0,3.88,-0.55,0.0,2013,2674
3.0,229.0,6.528,4.432,4.0,2013,156
7.0,204.0,8.096,3.829,4.0,2013,2132
33.0,957.0,17.788,7.52,28.0,2013,150
12.0,172.0,-7.192,-5.722,2.0,2013,399
2.0,31.0,-1.645,-0.305,1.0,2013,98
10.0,700.0,21.541,9.14,22.0,2013,153
12.0,379.0,7.635,3.375,9.0,2013,222
4.0,111.0,11.138,2.4,2.0,2013,2670
9.0,230.0,3.285,-0.386,2.0,2013,2006
5.0,98.0,0.182,-3.136,1.0,2013,2571
10.0,399.0,9.145,4.339,9.0,2013,26
6.0,511.0,15.095,8.022,16.0,2013,135
17.0,450.0,15.432,5.613,12.0,2013,57
14.0,223.0,-8.183,-4.644,2.0,2013,2466
14.0,465.0,10.951,6.91,12.0,2013,21
2.0,514.0,9.547,6.436,13.0,2013,201
9.0,277.0,10.806,5.092,8.0,2013,46
2.0,41.0,0.3,-1.89,0.0,2013,526
9.0,268.0,-2.203,-2.463,0.0,2013,2325
3.0,56.0,6.127,2.787,0.0,2013,68
2.0,40.0,-9.395,-10.835,0.0,2013,2582
10.0,262.0,16.631,7.1,8.0,2013,221
12.0,321.0,14.798,7.219,11.0,2013,275
7.0,173.0,10.512,5.717,0.0,2013,145
1.0,340.0,12.3,6.361,8.0,2013,2306
4.0,216.0,12.846,5.066,5.0,2013,12
14.0,273.0,-0.182,-3.747,5.0,2013,2057
6.0,385.0,11.122,5.732,6.0,2013,167
6.0,288.0,5.328,3.292,3.0,2013,108
13.0,384.0,10.059,3.62,10.0,2013,87
3.0,62.0,12.227,6.0,1.0,2013,66
9.0,352.0,17.14,6.925,10.0,2013,194
3.0,70.0,6.477,-1.36,1.0,2013,314
2.0,52.0,14.56,8.025,0.0,2014,41
18.0,486.0,15.695,5.76,13.0,2014,57
5.0,597.0,15.511,5.53,14.0,2014,96
13.0,351.0,15.124,7.417,12.0,2014,275
5.0,249.0,13.897,5.463,6.0,2014,12
5.0,175.0,12.448,6.209,3.0,2014,258
7.0,368.0,3.525,-2.628,9.0,2014,2724
7.0,670.0,5.619,1.647,8.0,2014,324
5.0,130.0,12.162,4.384,3.0,2014,235
3.0,173.0,1.031,-2.133,1.0,2014,45
8.0,231.0,8.747,3.961,5.0,2014,2132
7.0,315.0,5.649,3.071,4.0,2014,108
19.0,468.0,17.098,9.161,16.0,2014,127
8.0,115.0,-4.169,-1.242,0.0,2014,48
11.0,724.0,21.298,9.112,23.0,2014,153
3.0,149.0,1.965,0.847,0.0,2014,2507
4.0,90.0,13.8,6.97,2.0,2014,66
4.0,82.0,-4.35,-7.52,0.0,2014,2428
19.0,362.0,7.419,4.327,5.0,2014,2603
13.0,408.0,8.202,3.581,10.0,2014,222
9.0,150.0,-0.86,1.022,1.0,2014,270
3.0,124.0,8.268,4.19,0.0,2014,2633
4.0,325.0,0.825,-1.279,5.0,2014,2294
2.0,273.0,7.809,4.273,5.0,2014,2640
5.0,77.0,-2.504,-1.546,0.0,2014,13
5.0,111.0,11.45,5.936,3.0,2014,2752
3.0,348.0,9.611,4.87,9.0,2014,152
2.0,360.0,12.29,6.492,9.0,2014,2306
2.0,408.0,-0.852,-0.778,5.0,2014,139
13.0,695.0,15.45,5.685,18.0,2014,97
3.0,60.0,1.847,-1.797,0.0,2014,2363
6.0,109.0,3.677,3.735,0.0,2014,113
34.0,983.0,17.833,7.544,29.0,2014,150
6.0,194.0,-4.172,-2.403,0.0,2014,2382
16.0,584.0,14.676,7.654,20.0,2014,251
8.0,395.0,11.117,6.62,7.0,2014,9
7.0,443.0,7.64,4.106,8.0,2014,130
12.0,189.0,-4.982,-3.166,2.0,2014,2747
2.0,34.0,-6.075,-4.26,0.0,2014,116
13.0,191.0,-6.894,-5.684,3.0,2014,399
4.0,144.0,4.644,2.206,2.0,2014,38
11.0,288.0,16.706,7.14,9.0,2014,221
5.0,137.0,11.82,2.876,3.0,2014,2670
1.0,32.0,4.82,-6.76,0.0,2014,2617
1.0,413.0,11.505,5.832,7.0,2014,26
2.0,38.0,2.585,1.055,0.0,2014,202
10.0,377.0,17.19,7.011,11.0,2014,194
3.0,63.0,9.467,4.64,0.0,2014,2168
38.0,948.0,15.663,6.709,30.0,2014,183
11.0,204.0,1.12,-0.481,1.0,2014,2711
1.0,27.0,12.72,4.84,0.0,2014,167
6.0,117.0,10.018,6.483,0.0,2014,24
11.0,532.0,15.214,5.812,15.0,2014,2305
9.0,167.0,-4.566,-5.314,1.0,2014,2198
8.0,169.0,0.2,-3.199,1.0,2014,2692
15.0,403.0,14.693,3.485,14.0,2014,2250
6.0,248.0,3.704,2.314,4.0,2014,197
3.0,537.0,9.739,6.526,14.0,2014,201
6.0,118.0,1.273,-3.085,1.0,2014,2449
15.0,496.0,11.118,6.825,13.0,2014,21
7.0,152.0,4.547,0.21,3.0,2014,166
11.0,226.0,8.784,6.288,3.0,2014,239
2.0,105.0,3.1,5.551,1.0,2014,158
4.0,256.0,7.412,4.642,5.0,2014,156
4.0,291.0,-3.438,-4.589,2.0,2014,309
4.0,507.0,8.23,4.111,9.0,2014,2483
9.0,232.0,12.943,3.597,6.0,2014,252
1.0,20.0,0.69,-3.25,0.0,2014,44
35.0,1018.0,18.011,7.603,30.0,2015,150
6.0,635.0,16.085,5.667,15.0,2015,96
20.0,495.0,17.116,9.203,17.0,2015,127
14.0,387.0,15.717,7.597,13.0,2015,275
14.0,441.0,8.912,3.77,11.0,2015,222
4.0,90.0,9.845,4.495,1.0,2015,2168
5.0,102.0,7.444,2.72,1.0,2015,68
20.0,288.0,-7.804,-5.483,2.0,2015,322
20.0,288.0,-7.804,-5.483,2.0,2015,322
4.0,370.0,9.861,5.139,10.0,2015,152
3.0,266.0,0.257,-0.275,2.0,2015,99
9.0,197.0,7.547,3.668,2.0,2015,2460
4.0,173.0,5.305,4.261,0.0,2015,2751
14.0,722.0,15.539,5.795,19.0,2015,97
5.0,90.0,-0.404,-0.954,0.0,2015,300
4.0,171.0,3.27,1.809,1.0,2015,2507
4.0,561.0,10.046,6.644,15.0,2015,201
14.0,215.0,-6.426,-5.648,4.0,2015,399
6.0,229.0,7.962,4.575,4.0,2015,61
6.0,205.0,13.479,6.387,4.0,2015,258
16.0,321.0,0.068,-3.569,6.0,2015,2057
4.0,79.0,1.05,-2.182,1.0,2015,2363
6.0,99.0,-7.462,-7.975,1.0,2015,2261
9.0,254.0,8.912,3.998,6.0,2015,2132
10.0,237.0,12.385,7.263,7.0,2015,2509
8.0,693.0,14.154,5.162,20.0,2015,277
2.0,42.0,5.755,-0.265,0.0,2015,2084
4.0,337.0,6.609,3.555,5.0,2015,120
4.0,94.0,3.565,-0.835,1.0,2015,2674
1.0,67.0,-0.935,-1.2,0.0,2015,2086
17.0,604.0,14.729,7.704,21.0,2015,251
15.0,431.0,10.424,3.948,11.0,2015,87
9.0,145.0,-0.59,-0.179,0.0,2015,111
8.0,398.0,4.233,-2.257,10.0,2015,2724
7.0,311.0,11.26,7.098,7.0,2015,84
12.0,559.0,15.362,6.1,16.0,2015,2305
8.0,175.0,4.442,-0.275,4.0,2015,166
5.0,110.0,-1.284,-3.818,0.0,2015,2523
6.0,96.0,-5.775,-2.345,0.0,2015,2454
16.0,523.0,11.145,6.721,14.0,2015,21
5.0,237.0,11.825,9.397,7.0,2015,2599
4.0,110.0,5.042,3.548,2.0,2015,254
2.0,61.0,6.715,-5.48,1.0,2015,2617
11.0,317.0,11.128,5.618,9.0,2015,46
4.0,66.0,-4.818,-4.2,0.0,2015,331
3.0,246.0,13.044,5.959,7.0,2015,2567
2.0,435.0,11.533,5.954,8.0,2015,26
5.0,115.0,14.628,7.406,3.0,2015,66
3.0,54.0,0.997,0.79,0.0,2015,5
5.0,347.0,1.615,-0.77,6.0,2015,2294
26.0,496.0,0.162,-2.818,7.0,2015,2166
16.0,438.0,15.095,3.587,15.0,2015,2250
1.0,23.0,-1.72,-3.63,0.0,2015,2449
9.0,213.0,10.333,5.811,1.0,2015,145
10.0,257.0,13.002,3.739,7.0,2015,252
8.0,694.0,5.439,1.436,9.0,2015,324
5.0,533.0,8.353,4.247,10.0,2015,2483
7.0,266.0,4.321,2.801,5.0,2015,197
4.0,286.0,12.127,5.255,6.0,2015,8
13.0,217.0,-4.402,-3.152,3.0,2015,2747
12.0,750.0,21.274,9.21,24.0,2015,153
8.0,337.0,5.583,2.887,5.0,2015,108
6.0,134.0,12.112,6.527,4.0,2015,2752
12.0,250.0,9.482,6.522,4.0,2015,239
4.0,308.0,-0.935,-2.729,1.0,2015,2247
6.0,163.0,11.982,3.413,4.0,2015,2670
11.0,401.0,17.356,7.035,12.0,2015,194
6.0,283.0,14.845,5.64,7.0,2015,12
3.0,295.0,6.89,3.582,6.0,2015,2640
15.0,476.0,9.602,4.04,12.0,2016,222
13.0,783.0,21.351,9.263,25.0,2016,153
5.0,590.0,10.37,6.794,16.0,2016,201
1.0,4.0,14.62,9.75,0.0,2016,183
13.0,592.0,15.732,6.322,17.0,2016,2305
6.0,564.0,8.713,4.41,11.0,2016,2483
7.0,234.0,14.335,6.86,5.0,2016,258
3.0,36.0,-11.453,-5.64,0.0,2016,161
3.0,122.0,-1.727,-3.396,0.0,2016,526
2.0,248.0,11.039,6.553,3.0,2016,202
9.0,482.0,7.975,4.493,9.0,2016,130
3.0,85.0,3.774,3.606,1.0,2016,30
5.0,195.0,4.137,2.474,2.0,2016,2507
8.0,338.0,11.75,7.086,8.0,2016,84
1.0,29.0,3.24,-3.46,0.0,2016,236
7.0,662.0,16.258,5.799,16.0,2016,96
11.0,192.0,-4.042,-5.592,0.0,2016,2619
16.0,455.0,10.599,4.216,12.0,2016,87
9.0,719.0,14.394,5.311,21.0,2016,277
3.0,89.0,7.553,-5.477,2.0,2016,2617
15.0,394.0,15.581,7.703,14.0,2016,275
13.0,328.0,15.976,7.281,10.0,2016,221
7.0,162.0,13.036,6.799,5.0,2016,2752
10.0,208.0,-0.551,-3.422,2.0,2016,2692
7.0,120.0,-7.644,-8.043,2.0,2016,2261
3.0,557.0,14.275,8.102,17.0,2016,2641
2.0,89.0,2.544,0.55,1.0,2016,2086
11.0,263.0,13.034,7.279,8.0,2016,2509
1.0,30.0,7.12,-1.76,0.0,2016,2031
1.0,127.0,7.006,-0.338,1.0,2016,66
6.0,140.0,5.448,-1.413,2.0,2016,314
6.0,152.0,5.479,3.879,0.0,2016,2550
17.0,466.0,15.202,3.625,16.0,2016,2250
5.0,137.0,6.536,4.297,3.0,2016,254
5.0,85.0,1.782,2.9,0.0,2016,278
5.0,115.0,10.144,4.548,2.0,2016,2168
21.0,524.0,17.377,9.095,18.0,2016,127
14.0,347.0,1.141,-1.179,3.0,2016,2393
9.0,424.0,4.964,-1.896,11.0,2016,2724
17.0,455.0,10.121,6.112,8.0,2016,238
26.0,409.0,-4.997,-3.454,3.0,2016,2046
6.0,182.0,5.729,3.252,3.0,2016,38
4.0,97.0,13.322,6.638,1.0,2016,41
5.0,364.0,7.17,3.819,6.0,2016,120
8.0,167.0,1.188,-2.758,2.0,2016,2571
2.0,165.0,8.795,4.895,1.0,2016,25
1.0,31.0,9.19,1.625,0.0,2016,62
7.0,308.0,15.174,5.773,8.0,2016,12
5.0,560.0,4.333,1.146,6.0,2016,2390
1.0,20.0,1.34,0.9,0.0,2016,2084
6.0,369.0,2.385,-0.296,7.0,2016,2294
10.0,524.0,4.716,-0.373,15.0,2016,218
3.0,54.0,-4.3,-4.8,0.0,2016,2427
5.0,99.0,-8.128,-9.444,1.0,2016,2582
1.0,299.0,4.74,3.764,2.0,2016,107
21.0,403.0,7.278,4.272,6.0,2016,2603
10.0,276.0,9.395,4.094,7.0,2016,2132
13.0,272.0,9.956,6.754,5.0,2016,239
17.0,254.0,-4.007,-3.569,0.0,2016,43
36.0,1043.0,18.041,7.675,31.0,2016,150
2.0,43.0,1.86,-0.785,0.0,2016,350
1.0,183.0,12.384,4.599,5.0,2016,251
10.0,220.0,7.67,3.745,3.0,2016,2460
5.0,310.0,-2.089,-2.794,2.0,2016,245
1.0,23.0,1.16,-0.67,0.0,2016,2739
2.0,194.0,0.877,-1.456,3.0,2016,204
1.0,65.0,0.457,-2.537,0.0,2016,2670
5.0,267.0,1.656,1.428,3.0,2016,2934
14.0,816.0,21.471,9.349,26.0,2017,153
18.0,503.0,15.761,3.653,17.0,2017,2250
7.0,597.0,9.144,4.551,12.0,2017,2483
5.0,213.0,12.172,7.258,4.0,2017,2579
14.0,623.0,16.057,6.568,18.0,2017,2305
16.0,508.0,10.219,4.268,13.0,2017,222
5.0,60.0,-13.296,-6.308,0.0,2017,2443
5.0,83.0,-6.502,-4.884,1.0,2017,116
4.0,111.0,5.058,4.072,2.0,2017,30
6.0,215.0,4.783,2.962,3.0,2017,2507
2.0,42.0,16.4,9.4,1.0,2017,275
3.0,206.0,10.23,6.292,5.0,2017,259
8.0,257.0,14.907,7.23,6.0,2017,258
3.0,72.0,3.927,-0.707,1.0,2017,350
2.0,149.0,9.683,2.398,0.0,2017,57
2.0,51.0,2.91,-2.2,0.0,2017,2193
2.0,196.0,3.388,-0.249,0.0,2017,2567
14.0,299.0,10.609,7.095,6.0,2017,239
1.0,28.0,4.66,-3.82,0.0,2017,166
3.0,52.0,10.0,7.73,0.0,2017,269
37.0,1071.0,18.125,7.752,32.0,2017,150
4.0,52.0,-6.142,-3.355,0.0,2017,2653
6.0,241.0,-0.11,1.099,1.0,2017,302
7.0,145.0,-4.703,-8.7,1.0,2017,2428
6.0,581.0,4.661,1.418,7.0,2017,2390
22.0,544.0,17.208,9.159,19.0,2017,127
2.0,151.0,9.257,1.708,2.0,2017,66
2.0,52.0,6.67,1.91,0.0,2017,2440
12.0,290.0,13.58,7.395,9.0,2017,2509
6.0,139.0,1.958,-4.622,1.0,2017,261
7.0,315.0,8.425,5.174,6.0,2017,156
5.0,125.0,4.209,1.406,0.0,2017,227
7.0,162.0,4.824,-1.564,3.0,2017,314
10.0,508.0,8.408,4.72,10.0,2017,130
1.0,109.0,10.462,-1.052,3.0,2017,197
16.0,770.0,15.944,6.023,20.0,2017,97
1.0,109.0,-1.297,-1.087,2.0,2017,55
3.0,81.0,5.902,6.024,1.0,2017,154
5.0,413.0,12.223,7.023,10.0,2017,2306
5.0,336.0,5.429,2.293,7.0,2017,2640
6.0,328.0,12.128,5.578,7.0,2017,8
7.0,173.0,6.141,4.416,1.0,2017,2550
4.0,93.0,7.492,5.83,0.0,2017,135
15.0,378.0,1.597,-1.142,4.0,2017,2393
3.0,114.0,5.07,2.163,2.0,2017,2086
5.0,102.0,-3.796,-6.03,0.0,2017,2737
11.0,306.0,10.04,4.194,8.0,2017,2132
4.0,481.0,11.9,6.143,9.0,2017,26
6.0,122.0,0.788,-1.292,0.0,2017,2309
6.0,139.0,10.617,4.502,3.0,2017,2168
10.0,455.0,5.821,-1.641,12.0,2017,2724
8.0,694.0,16.563,5.986,17.0,2017,96
2.0,34.0,1.16,1.52,0.0,2017,94
1.0,18.0,-2.3,-0.66,0.0,2017,2571
4.0,73.0,8.753,7.08,0.0,2017,77
1.0,143.0,6.443,1.233,2.0,2017,238
17.0,481.0,10.927,4.469,13.0,2017,87
6.0,119.0,3.525,-1.92,0.0,2017,163
10.0,747.0,14.708,5.447,22.0,2017,277
2.0,43.0,1.9,-4.185,0.0,2017,2083
6.0,388.0,7.466,4.055,7.0,2017,120
8.0,186.0,13.256,7.388,6.0,2017,2752
15.0,504.0,9.285,7.259,7.0,2017,52
4.0,148.0,-1.229,-3.399,1.0,2017,526
16.0,362.0,8.919,1.909,5.0,2017,2608
2.0,91.0,3.235,-0.96,1.0,2017,2670
8.0,340.0,15.411,5.915,9.0,2017,12
7.0,116.0,-7.68,-5.48,0.0,2017,155
17.0,544.0,10.903,4.517,14.0,2018,222
15.0,654.0,16.27,6.781,19.0,2018,2305
7.0,226.0,0.891,0.496,0.0,2018,2350
11.0,541.0,8.816,4.901,11.0,2018,130
9.0,288.0,15.515,7.382,7.0,2018,258
9.0,215.0,13.901,7.614,7.0,2018,2752
1.0,173.0,1.932,2.353,1.0,2018,112358
7.0,116.0,-7.841,-5.224,0.0,2018,2515
11.0,274.0,-1.344,-1.616,1.0,2018,179
5.0,502.0,11.908,6.174,10.0,2018,26
4.0,227.0,10.605,6.33,6.0,2018,259
3.0,57.0,10.257,8.91,0.0,2018,333
11.0,773.0,14.865,5.566,23.0,2018,277
3.0,59.0,0.743,-3.667,0.0,2018,93
11.0,480.0,6.358,-1.285,13.0,2018,2724
4.0,73.0,-0.308,-0.283,0.0,2018,276
3.0,170.0,10.68,3.496,1.0,2018,57
2.0,75.0,13.537,5.233,1.0,2018,2641
2.0,46.0,-2.175,-6.11,0.0,2018,2617
7.0,351.0,12.292,5.845,8.0,2018,8
1.0,32.0,4.775,4.19,0.0,2018,2086
13.0,320.0,14.282,7.491,10.0,2018,2509
5.0,67.0,-5.852,-2.164,0.0,2018,2239
42.0,1027.0,15.436,6.925,32.0,2018,183
3.0,92.0,7.636,4.418,1.0,2018,9
3.0,248.0,-2.516,-1.454,3.0,2018,219
8.0,195.0,7.007,4.934,2.0,2018,2550
1.0,93.0,6.172,1.145,2.0,2018,152
8.0,316.0,7.486,3.028,4.0,2018,228
1.0,49.0,5.995,-1.175,0.0,2018,166
4.0,301.0,10.377,5.971,8.0,2018,2
4.0,77.0,0.24,-1.175,0.0,2018,232
2.0,373.0,15.981,7.685,11.0,2018,2628
23.0,574.0,17.434,9.07,20.0,2018,127
3.0,68.0,2.763,-3.943,1.0,2018,2083
6.0,151.0,5.159,1.806,1.0,2018,227
7.0,619.0,10.51,7.094,17.0,2018,201
38.0,1100.0,18.271,7.798,33.0,2018,150
8.0,182.0,4.315,-1.642,4.0,2018,314
2.0,54.0,-1.367,-3.12,0.0,2018,2378
8.0,336.0,8.891,5.346,7.0,2018,156
6.0,438.0,12.254,7.109,11.0,2018,2306
9.0,720.0,16.589,6.169,18.0,2018,96
29.0,554.0,0.945,-2.114,8.0,2018,2166
9.0,367.0,15.429,5.981,10.0,2018,12
3.0,64.0,3.417,0.047,1.0,2018,2084
7.0,603.0,4.916,1.591,8.0,2018,2390
3.0,661.0,14.506,7.867,22.0,2018,2633
2.0,212.0,0.906,-2.812,3.0,2018,2750
3.0,81.0,9.26,2.917,1.0,2018,2440
3.0,213.0,12.404,6.179,6.0,2018,251
12.0,337.0,10.721,4.149,9.0,2018,2132
7.0,368.0,-0.79,-2.677,2.0,2018,2247
6.0,352.0,4.709,1.858,8.0,2018,2640
8.0,164.0,-5.762,-9.151,2.0,2018,2428
1.0,206.0,9.528,5.469,2.0,2018,142
16.0,527.0,9.501,7.301,8.0,2018,52
1.0,139.0,6.87,3.143,3.0,2018,194
2.0,46.0,2.27,-0.52,1.0,2018,2571
19.0,535.0,15.902,3.597,18.0,2018,2250
7.0,112.0,-5.849,-3.921,0.0,2018,2430
4.0,508.0,12.144,5.844,14.0,2018,248
1.0,22.0,12.23,3.91,0.0,2018,21
4.0,83.0,0.288,-3.582,0.0,2018,149
7.0,348.0,-0.597,-1.586,3.0,2018,245
7.0,236.0,5.311,3.568,4.0,2018,2507
15.0,842.0,21.425,9.43,27.0,2018,153
5.0,108.0,-6.447,-3.876,0.0,2018,288
10.0,323.0,16.28,7.595,8.0,2019,258
5.0,331.0,11.075,6.301,9.0,2019,2
24.0,606.0,17.747,9.206,21.0,2019,127
3.0,106.0,15.85,6.307,2.0,2019,2641
39.0,1132.0,18.467,7.893,34.0,2019,150
20.0,568.0,16.496,3.668,19.0,2019,2250
16.0,871.0,21.506,9.492,28.0,2019,153
9.0,182.0,-6.403,-9.383,3.0,2019,2428
5.0,96.0,-1.966,-2.58,1.0,2019,2449
13.0,580.0,4.92,0.258,16.0,2019,218
20.0,415.0,1.061,-3.319,7.0,2019,2057
2.0,90.0,0.872,-0.47,0.0,2019,2670
3.0,223.0,9.837,6.334,1.0,2019,2116
4.0,477.0,9.423,4.793,10.0,2019,344
6.0,289.0,1.63,0.467,1.0,2019,2335
5.0,253.0,11.328,6.452,7.0,2019,259
3.0,330.0,3.923,3.044,6.0,2019,139
8.0,430.0,8.173,4.527,8.0,2019,120
2.0,134.0,6.728,2.223,2.0,2019,99
20.0,310.0,-3.329,-3.347,1.0,2019,43
1.0,235.0,14.239,7.957,8.0,2019,97
6.0,130.0,8.14,6.761,1.0,2019,135
4.0,153.0,0.028,0.971,0.0,2019,71
9.0,199.0,3.304,-2.071,5.0,2019,314
1.0,107.0,1.45,-1.63,0.0,2019,328
2.0,52.0,11.417,7.607,0.0,2019,264
2.0,79.0,7.347,-1.577,1.0,2019,166
16.0,680.0,16.35,7.012,20.0,2019,2305
13.0,224.0,0.238,-0.268,1.0,2019,111
4.0,187.0,10.061,3.63,3.0,2019,66
2.0,159.0,7.748,4.125,4.0,2019,194
5.0,541.0,12.405,5.797,15.0,2019,248
8.0,392.0,-0.636,-2.519,3.0,2019,2247
17.0,299.0,-2.867,-2.709,4.0,2019,2747
9.0,215.0,7.278,5.218,3.0,2019,2550
10.0,750.0,16.768,6.321,19.0,2019,96
6.0,90.0,-12.273,-6.542,0.0,2019,2000
6.0,111.0,-5.813,-4.653,0.0,2019,2241
1.0,423.0,2.521,-0.511,5.0,2019,145
8.0,639.0,10.655,7.249,18.0,2019,201
4.0,80.0,15.27,9.828,2.0,2019,275
9.0,645.0,9.356,4.614,13.0,2019,2483
7.0,463.0,12.403,7.208,12.0,2019,2306
9.0,188.0,0.997,-1.038,1.0,2019,300
18.0,570.0,11.04,4.655,15.0,2019,222
18.0,414.0,9.341,1.959,6.0,2019,2608
14.0,346.0,14.757,7.791,11.0,2019,2509
6.0,497.0,2.555,0.424,7.0,2019,295
13.0,365.0,10.959,4.234,10.0,2019,2132
9.0,425.0,3.483,0.808,8.0,2019,2294
4.0,692.0,14.726,7.939,23.0,2019,2633
8.0,114.0,-6.219,-4.206,0.0,2019,2142
6.0,81.0,-10.023,-5.855,1.0,2019,161
4.0,57.0,-12.348,-8.045,0.0,2019,2504
4.0,59.0,5.68,8.13,0.0,2019,2599
4.0,115.0,8.077,4.688,2.0,2019,9
43.0,1047.0,15.397,6.999,33.0,2019,183
16.0,338.0,11.007,7.344,7.0,2019,239
5.0,97.0,11.456,7.97,1.0,2019,269
4.0,87.0,2.798,-3.528,1.0,2019,93
17.0,556.0,9.775,7.396,9.0,2019,52
8.0,193.0,2.691,-4.384,2.0,2019,261
4.0,96.0,6.453,0.69,2.0,2019,2084
4.0,82.0,2.596,-0.38,1.0,2019,94
4.0,110.0,10.945,2.858,2.0,2019,2440
4.0,190.0,11.272,4.461,2.0,2019,57
12.0,571.0,9.298,5.11,12.0,2019,130
5.0,109.0,0.53,-3.876,1.0,2019,149
18.0,392.0,12.215,7.441,8.0,2021,239
22.0,630.0,17.265,3.746,20.0,2021,2250
7.0,592.0,12.88,5.799,16.0,2021,248
2.0,406.0,11.193,4.851,11.0,2021,26
4.0,180.0,12.228,4.504,4.0,2021,356
2.0,42.0,19.97,11.21,0.0,2021,130
3.0,352.0,-0.445,-0.525,3.0,2021,2640
4.0,174.0,8.812,3.71,3.0,2021,99
14.0,327.0,-0.147,-1.055,2.0,2021,179
11.0,285.0,7.872,4.554,4.0,2021,38
4.0,62.0,8.618,7.64,0.0,2021,46
19.0,600.0,10.225,7.457,10.0,2021,52
10.0,185.0,-2.746,-3.198,1.0,2021,2430
2.0,121.0,4.9,0.6,0.0,2021,252
6.0,272.0,12.807,7.169,7.0,2021,251
8.0,134.0,-8.78,-6.561,1.0,2021,2000
3.0,201.0,6.818,2.973,2.0,2021,41
10.0,471.0,8.843,5.11,9.0,2021,120
2.0,138.0,9.418,3.482,3.0,2021,333
1.0,782.0,15.424,5.646,21.0,2021,314
5.0,163.0,-6.712,-4.839,0.0,2021,2182
10.0,293.0,2.194,0.511,1.0,2021,2350
5.0,249.0,10.09,5.777,4.0,2021,59
6.0,727.0,14.685,7.965,24.0,2021,2633
7.0,271.0,2.701,1.143,4.0,2021,204
4.0,72.0,11.55,10.235,0.0,2021,197
8.0,342.0,1.98,-0.376,2.0,2021,2335
4.0,96.0,12.565,3.325,1.0,2021,21
45.0,1083.0,15.281,7.04,34.0,2021,183
14.0,828.0,14.76,5.971,24.0,2021,277
5.0,69.0,-6.778,-3.254,0.0,2021,2413
11.0,368.0,8.231,3.937,5.0,2021,228
5.0,272.0,0.217,-1.032,1.0,2021,164
2.0,30.0,-8.14,-3.635,0.0,2021,325
11.0,157.0,-8.578,-5.468,0.0,2021,42
18.0,903.0,20.937,9.51,29.0,2021,153
6.0,119.0,15.708,10.365,3.0,2021,275
20.0,612.0,11.493,5.022,16.0,2021,222
9.0,186.0,-1.961,-5.936,1.0,2021,2737
16.0,380.0,14.894,8.168,12.0,2021,2509
4.0,99.0,3.336,-0.66,0.0,2021,249
5.0,142.0,16.137,6.82,3.0,2021,2641
3.0,153.0,4.557,-0.399,1.0,2021,328
2.0,155.0,12.507,4.313,3.0,2021,8
10.0,153.0,-3.462,-4.118,1.0,2021,2142
6.0,224.0,11.882,5.461,3.0,2021,57
2.0,330.0,-1.47,-1.757,5.0,2021,259
4.0,201.0,9.96,5.543,5.0,2021,194
4.0,57.0,-3.028,-0.62,0.0,2021,198
8.0,142.0,-8.381,-8.206,0.0,2021,2450
10.0,674.0,10.818,7.392,19.0,2021,201
4.0,252.0,9.597,6.251,3.0,2021,142
11.0,402.0,9.833,5.882,8.0,2021,156
4.0,142.0,-2.663,-3.886,0.0,2021,2540
12.0,364.0,15.938,7.588,9.0,2021,258
2.0,89.0,-1.134,-2.842,0.0,2021,195
8.0,198.0,8.34,5.355,3.0,2021,30
3.0,70.0,4.123,-0.177,0.0,2021,2181
18.0,729.0,16.62,7.293,21.0,2021,2305
4.0,75.0,-0.19,-2.668,0.0,2021,331
11.0,690.0,9.846,4.911,14.0,2021,2483
4.0,127.0,3.617,0.927,1.0,2021,2670
11.0,467.0,4.703,1.586,9.0,2021,2294
1.0,181.0,6.207,2.43,3.0,2021,2253
19.0,763.0,16.815,7.431,22.0,2022,2305
42.0,1202.0,18.462,7.891,35.0,2022,150
1.0,29.0,15.5,8.89,0.0,2022,153
21.0,642.0,11.772,5.21,17.0,2022,222
1.0,33.0,22.75,6.84,0.0,2022,12
19.0,419.0,12.69,7.507,9.0,2022,239
23.0,658.0,17.621,3.779,21.0,2022,2250
9.0,166.0,-7.884,-8.328,1.0,2022,2450
1.0,291.0,12.695,7.307,8.0,2022,269
21.0,480.0,9.68,2.549,7.0,2022,2608
1.0,21.0,12.71,8.08,0.0,2022,84
3.0,433.0,11.619,5.035,12.0,2022,26
5.0,274.0,4.969,2.296,3.0,2022,2006
1.0,164.0,16.261,7.113,4.0,2022,251
3.0,353.0,-0.672,-1.346,6.0,2022,259
17.0,409.0,15.131,8.172,13.0,2022,2509
23.0,352.0,-2.73,-3.172,2.0,2022,43
7.0,154.0,2.884,-4.494,2.0,2022,93
3.0,57.0,9.56,4.307,0.0,2022,2539
13.0,810.0,16.706,6.588,20.0,2022,96
4.0,64.0,-4.585,-4.992,0.0,2022,2612
4.0,371.0,-0.581,-0.797,4.0,2022,2640
5.0,119.0,12.678,3.83,2.0,2022,21
12.0,425.0,9.905,6.008,9.0,2022,156
12.0,493.0,5.249,1.789,10.0,2022,2294
17.0,330.0,4.702,2.881,2.0,2022,257
11.0,313.0,6.718,4.642,5.0,2022,2507
3.0,68.0,4.053,-3.353,0.0,2022,2571
1.0,145.0,-11.11,-6.281,0.0,2022,99
1.0,121.0,4.692,1.553,2.0,2022,66
7.0,144.0,15.34,10.193,4.0,2022,275
11.0,176.0,-3.058,-4.323,2.0,2022,2142
9.0,224.0,8.718,5.422,4.0,2022,30
11.0,668.0,5.216,2.323,9.0,2022,2390
8.0,397.0,11.688,6.631,10.0,2022,2
6.0,208.0,-1.635,-3.006,3.0,2022,55
6.0,298.0,1.411,-3.427,4.0,2022,2750
12.0,270.0,8.53,6.041,4.0,2022,2550
6.0,445.0,14.722,8.006,12.0,2022,2628
8.0,624.0,13.213,5.822,17.0,2022,248
2.0,315.0,9.629,5.073,2.0,2022,5
5.0,203.0,12.723,5.057,5.0,2022,356
5.0,87.0,-2.798,-2.114,0.0,2022,236
4.0,156.0,-0.412,-0.781,0.0,2022,36
3.0,61.0,18.067,11.147,1.0,2022,130
7.0,754.0,14.85,8.021,25.0,2022,2633
4.0,68.0,-7.29,-7.11,0.0,2022,2344
5.0,221.0,10.343,5.865,6.0,2022,194
1.0,25.0,13.39,2.93,0.0,2022,2350
6.0,95.0,-5.202,-3.317,0.0,2022,48
3.0,111.0,-2.261,-2.299,1.0,2022,2247
12.0,244.0,7.922,2.908,2.0,2022,68
4.0,85.0,12.835,5.538,0.0,2022,235
4.0,224.0,7.617,3.298,3.0,2022,41
5.0,143.0,5.342,-2.137,2.0,2022,166
3.0,183.0,13.044,4.929,4.0,2022,8
11.0,257.0,3.4,-4.838,3.0,2022,261
3.0,157.0,10.161,4.64,4.0,2022,333
22.0,571.0,10.845,5.056,14.0,2022,87
1.0,71.0,-4.013,0.383,0.0,2022,2641
3.0,56.0,-3.63,-4.15,0.0,2022,147
27.0,666.0,17.438,9.376,23.0,2022,127
33.0,634.0,1.882,-1.528,9.0,2022,2166
9.0,121.0,-5.078,-2.074,1.0,2022,2239
5.0,255.0,8.796,3.699,4.0,2023,41
5.0,101.0,2.284,-1.494,0.0,2023,2226
12.0,697.0,5.453,2.445,10.0,2023,2390
6.0,151.0,13.2,4.678,3.0,2023,21
4.0,188.0,11.79,5.266,5.0,2023,333
9.0,657.0,13.513,5.788,18.0,2023,248
20.0,787.0,16.895,7.578,23.0,2023,2305
18.0,438.0,15.294,8.179,14.0,2023,2509
1.0,21.0,-8.98,-9.83,0.0,2023,161
5.0,111.0,13.168,5.81,1.0,2023,235
1.0,27.0,15.83,7.44,0.0,2023,150
6.0,106.0,-0.733,-1.635,1.0,2023,198
8.0,779.0,15.016,8.02,26.0,2023,2633
13.0,472.0,-2.183,-3.836,3.0,2023,309
14.0,832.0,16.644,6.636,21.0,2023,96
12.0,334.0,7.081,4.755,6.0,2023,2507
1.0,26.0,15.79,9.48,0.0,2023,2306
4.0,81.0,-2.177,-3.47,1.0,2023,147
28.0,687.0,17.324,9.442,24.0,2023,127
10.0,246.0,9.08,5.637,5.0,2023,30
2.0,320.0,13.008,7.357,9.0,2023,269
12.0,280.0,3.252,-4.696,4.0,2023,261
4.0,250.0,2.746,-0.129,1.0,2023,94
13.0,512.0,5.576,2.044,11.0,2023,2294
9.0,418.0,11.828,6.771,11.0,2023,2
5.0,122.0,5.51,-0.126,1.0,2023,2181
2.0,44.0,13.825,8.48,1.0,2023,84
12.0,247.0,1.257,-1.318,1.0,2023,2309
2.0,140.0,6.216,2.816,3.0,2023,66
5.0,250.0,7.334,4.543,3.0,2023,221
1.0,449.0,15.271,6.433,11.0,2023,2752
4.0,45.0,-10.165,-2.745,0.0,2023,338
4.0,329.0,10.609,6.505,8.0,2023,245
2.0,37.0,10.88,9.06,0.0,2023,213
2.0,171.0,16.799,7.528,5.0,2023,251
12.0,202.0,-2.62,-4.451,3.0,2023,2142
2.0,47.0,-4.675,-8.06,1.0,2023,357
1.0,292.0,8.908,6.185,5.0,2023,120
16.0,863.0,14.672,6.226,25.0,2023,277
2.0,234.0,-0.794,-5.334,2.0,2023,232
14.0,410.0,15.366,7.435,10.0,2023,258
6.0,139.0,5.96,-2.12,0.0,2023,231
13.0,449.0,10.265,6.18,10.0,2023,156
6.0,185.0,8.617,4.041,3.0,2023,152
20.0,442.0,12.91,7.651,10.0,2023,239
6.0,186.0,-1.551,-3.736,1.0,2023,2540
1.0,75.0,-1.663,-1.505,1.0,2023,142
2.0,149.0,0.695,-1.75,1.0,2023,328
2.0,61.0,20.915,7.59,1.0,2023,12
12.0,208.0,1.995,-1.889,1.0,2023,163
4.0,43.0,-11.985,-6.04,0.0,2023,47
4.0,205.0,13.412,5.546,5.0,2023,8
6.0,223.0,12.932,5.316,6.0,2023,356
22.0,507.0,10.031,2.759,8.0,2023,2608
6.0,176.0,5.004,1.512,2.0,2023,2670
3.0,834.0,14.917,5.212,22.0,2023,314
7.0,467.0,14.766,8.045,13.0,2023,2628
8.0,183.0,8.633,6.413,3.0,2023,9
24.0,689.0,17.678,3.956,22.0,2023,2250
3.0,228.0,6.009,1.87,4.0,2023,2253
10.0,155.0,9.226,8.394,1.0,2023,77
13.0,268.0,8.295,3.162,3.0,2023,68
4.0,464.0,12.144,5.216,13.0,2023,26
5.0,73.0,-8.674,-5.576,0.0,2023,2427
6.0,292.0,10.075,4.056,5.0,2024,41
5.0,213.0,12.779,5.992,6.0,2024,333
7.0,211.0,9.036,4.53,4.0,2024,152
19.0,472.0,15.776,8.35,15.0,2024,2509
10.0,689.0,13.906,5.917,19.0,2024,248
3.0,78.0,16.6,8.817,1.0,2024,153
5.0,233.0,-1.014,0.109,0.0,2024,56
6.0,126.0,4.113,-0.477,1.0,2024,2226
11.0,177.0,9.548,8.404,2.0,2024,77
7.0,177.0,13.411,5.206,4.0,2024,21
4.0,367.0,9.444,4.796,3.0,2024,5
10.0,445.0,12.36,6.815,12.0,2024,2
25.0,396.0,-1.984,-2.958,3.0,2024,43
5.0,187.0,7.579,2.454,1.0,2024,252
7.0,441.0,2.869,-0.049,3.0,2024,2184
7.0,252.0,13.535,5.7,7.0,2024,356
8.0,140.0,-4.961,-3.786,1.0,2024,2413
5.0,258.0,4.127,1.336,0.0,2024,265
6.0,150.0,6.438,0.202,2.0,2024,2181
3.0,169.0,8.226,3.528,4.0,2024,66
5.0,109.0,2.172,-2.966,1.0,2024,2571
7.0,120.0,-10.767,-8.709,0.0,2024,2755
1.0,109.0,0.57,-1.718,2.0,2024,328
8.0,488.0,14.759,8.01,14.0,2024,2628
25.0,716.0,17.688,3.959,23.0,2024,2250
1.0,226.0,9.437,3.117,5.0,2024,2377
21.0,810.0,16.877,7.699,24.0,2024,2305
4.0,77.0,-1.28,-2.745,0.0,2024,2535
2.0,124.0,-0.756,0.273,1.0,2024,2579
14.0,755.0,10.033,5.246,15.0,2024,2483
14.0,474.0,10.692,6.326,11.0,2024,156
7.0,320.0,4.783,1.776,4.0,2024,2006
2.0,206.0,4.147,3.133,2.0,2024,251
6.0,196.0,1.394,0.555,1.0,2024,36
9.0,806.0,15.2,8.085,27.0,2024,2633
2.0,198.0,-6.863,-6.815,0.0,2024,2612
6.0,109.0,-5.492,-6.592,1.0,2024,2344
5.0,178.0,10.611,8.477,4.0,2024,158
5.0,350.0,10.771,6.671,9.0,2024,245
9.0,186.0,14.93,10.221,5.0,2024,275
4.0,213.0,-0.665,-3.055,0.0,2024,256
2.0,54.0,18.25,7.9,1.0,2024,150
13.0,308.0,3.216,-4.589,5.0,2024,261
1.0,178.0,6.416,1.221,1.0,2024,2641
15.0,855.0,16.648,6.662,22.0,2024,96
25.0,437.0,-1.6,-1.554,3.0,2024,2473
2.0,97.0,10.95,5.998,1.0,2024,57
14.0,350.0,8.656,5.097,5.0,2024,38
3.0,347.0,13.425,7.601,10.0,2024,269
1.0,69.0,-2.72,-6.343,2.0,2024,98
2.0,32.0,-11.225,-9.715,0.0,2024,2681
2.0,185.0,7.209,0.379,4.0,2024,344
29.0,707.0,17.338,9.492,25.0,2024,127
23.0,533.0,10.304,2.79,9.0,2024,2608
4.0,258.0,6.379,1.671,5.0,2024,2253
3.0,261.0,-0.387,-5.087,3.0,2024,232
14.0,432.0,8.759,4.312,6.0,2024,228
3.0,220.0,9.293,7.128,2.0,2024,167
21.0,466.0,13.21,7.79,11.0,2024,239
13.0,227.0,-2.442,-4.535,4.0,2024,2142
7.0,342.0,9.851,3.836,3.0,2024,2168
5.0,605.0,11.101,5.935,12.0,2024,2440
3.0,88.0,22.123,8.21,2.0,2024,12
17.0,445.0,2.153,2.789,3.0,2024,299
